{"type": "FeatureCollection", "features": [{"type": "Feature", "properties": {"wayId": 5669292, "name": "West 110th Street", "highway": "pedestrian"}, "geometry": {"type": "LineString", "coordinates": [[-73.9580097, 40.8002595], [-73.9579325, 40.800058]]}}, {"type": "Feature", "properties": {"wayId": 5669353, "name": "", "highway": "footway"}, "geometry": {"type": "LineString", "coordinates": [[-73.9800265, 40.7688908], [-73.98005, 40.7688871], [-73.9801367, 40.7688413], [-73.9803278, 40.7687232], [-73.980497, 40.76866], [-73.9807006, 40.7685773], [-73.9810754, 40.7683935], [-73.9812384, 40.7683147]]}}, {"type": "Feature", "properties": {"wayId": 5672565, "name": "Great Hill Oval", "highway": "footway"}, "geometry": {"type": "LineString", "coordinates": [[-73.9582514, 40.7967788], [-73.9582149, 40.7968315], [-73.9581804, 40.7969043], [-73.9581691, 40.7969482], [-73.9581669, 40.7969948], [-73.9581725, 40.797047], [-73.958184, 40.7970976], [-73.9581972, 40.7971369], [-73.958229, 40.7971895], [-73.9582488, 40.7972153], [-73.9582826, 40.7972469], [-73.9583409, 40.7972737], [-73.9584048, 40.7972876], [-73.9584741, 40.7972994], [-73.9585452, 40.797308], [-73.9586259, 40.797312], [-73.9587229, 40.7973107], [-73.9588116, 40.7973001], [-73.9590237, 40.7972641], [-73.9593252, 40.7972003], [-73.959402, 40.7971803], [-73.9594806, 40.7971578], [-73.9595176, 40.7971427], [-73.9595346, 40.7971346], [-73.9595615, 40.7971184], [-73.9595889, 40.7970921], [-73.9596144, 40.7970592], [-73.9596308, 40.7970266], [-73.9596451, 40.7969917], [-73.9596508, 40.7969562], [-73.9596529, 40.796911], [-73.9596532, 40.7968144], [-73.9596372, 40.7967508], [-73.9596082, 40.7967101], [-73.959576, 40.7966716], [-73.9595235, 40.7966245], [-73.9594664, 40.7965807], [-73.9594001, 40.7965413], [-73.9593394, 40.7965184], [-73.9592558, 40.7964966], [-73.9591334, 40.7964838], [-73.9590075, 40.7964808], [-73.9589149, 40.7964873], [-73.9588354, 40.796496], [-73.9587378, 40.7965154], [-73.9586106, 40.7965457], [-73.9584907, 40.7965841], [-73.958417, 40.7966278], [-73.9583633, 40.7966697], [-73.9583063, 40.79672], [-73.9582514, 40.7967788]]}}, {"type": "Feature", "properties": {"wayId": 23048647, "name": "Terrace Drive", "highway": "path"}, "geometry": {"type": "LineString", "coordinates": [[-73.9755334, 40.7760426], [-73.9754705, 40.7760486], [-73.9754031, 40.7760582], [-73.9753611, 40.7760672], [-73.9753358, 40.7760727], [-73.9752918, 40.7760879], [-73.9752624, 40.7761049], [-73.9752285, 40.7761284], [-73.9750057, 40.7763146], [-73.9748356, 40.7765], [-73.9746719, 40.7767147], [-73.9745049, 40.7769627], [-73.9743963, 40.7770942], [-73.9742777, 40.7772022], [-73.9741224, 40.7772929]]}}, {"type": "Feature", "properties": {"wayId": 26615833, "name": "", "highway": "footway"}, "geometry": {"type": "LineString", "coordinates": [[-73.9576829, 40.7901197], [-73.9576596, 40.7902046], [-73.9576334, 40.7902869], [-73.9575922, 40.7903717], [-73.9575506, 40.7904327], [-73.9574207, 40.7906082], [-73.95727, 40.7907558], [-73.957065, 40.7909297], [-73.9569716, 40.791009], [-73.9568292, 40.7911567], [-73.9567402, 40.7912766], [-73.9566681, 40.7913897], [-73.9566081, 40.7914685], [-73.9565521, 40.7915351], [-73.956517, 40.7915675], [-73.9564667, 40.7915977], [-73.9564067, 40.7916199], [-73.9563053, 40.7916523], [-73.9561866, 40.7917058], [-73.9560933, 40.7917633], [-73.9559705, 40.7918492], [-73.9558552, 40.7919437], [-73.955778, 40.7921695], [-73.9557331, 40.7922531], [-73.955671, 40.7923233], [-73.9556077, 40.7924066], [-73.9555604, 40.7924914], [-73.9555215, 40.792581], [-73.9555077, 40.7926288], [-73.9554914, 40.7926818], [-73.9554771, 40.7927494], [-73.9554709, 40.7928272], [-73.9554695, 40.7929365], [-73.9554757, 40.7930963], [-73.9554717, 40.7931529], [-73.9554583, 40.7932246], [-73.9554357, 40.7932731], [-73.955421, 40.7933266], [-73.9554323, 40.7933532], [-73.9555304, 40.7933357], [-73.9556344, 40.7933246], [-73.9557051, 40.7933225], [-73.9557905, 40.7933205], [-73.9558935, 40.7933262], [-73.9560532, 40.7933357], [-73.9561826, 40.7933434], [-73.9562966, 40.7933443], [-73.9563894, 40.7933407], [-73.9564747, 40.7933296], [-73.9565381, 40.7933169], [-73.9565914, 40.793303], [-73.9566582, 40.7932805], [-73.9567467, 40.7932358], [-73.9568295, 40.7931711], [-73.9569104, 40.7931037], [-73.9570069, 40.7930307], [-73.957047, 40.7930054], [-73.9570769, 40.7929933], [-73.9571257, 40.7929741], [-73.9571977, 40.792958], [-73.9572493, 40.7929636], [-73.9573377, 40.7929792], [-73.957387, 40.7930192], [-73.9574966, 40.7931237]]}}, {"type": "Feature", "properties": {"wayId": 26615834, "name": "", "highway": "footway"}, "geometry": {"type": "LineString", "coordinates": [[-73.9584282, 40.7904399], [-73.9582329, 40.7903854], [-73.9581104, 40.7903427], [-73.9579382, 40.7902655], [-73.9578693, 40.7902304], [-73.9576829, 40.7901197]]}}, {"type": "Feature", "properties": {"wayId": 29317327, "name": "", "highway": "footway"}, "geometry": {"type": "LineString", "coordinates": [[-73.9788872, 40.7678551], [-73.9789861, 40.7677689], [-73.9790072, 40.7677056], [-73.9790404, 40.7676108], [-73.9790802, 40.7675146], [-73.979134, 40.7674273], [-73.9793193, 40.7671873], [-73.9793546, 40.7671394]]}}, {"type": "Feature", "properties": {"wayId": 29317345, "name": "", "highway": "footway"}, "geometry": {"type": "LineString", "coordinates": [[-73.9793193, 40.7671873], [-73.9793762, 40.7673084], [-73.9794108, 40.7673516], [-73.9794492, 40.7673882], [-73.979513, 40.7674278], [-73.9795733, 40.7674564], [-73.9796412, 40.7674794], [-73.9798027, 40.7675172], [-73.9799489, 40.7675654], [-73.9800177, 40.7675991], [-73.980104, 40.7676559], [-73.9801906, 40.7677201], [-73.9802687, 40.7677681], [-73.9803821, 40.7678313], [-73.9804651, 40.767869], [-73.9805388, 40.767896], [-73.9806343, 40.7679172], [-73.9807133, 40.7679322], [-73.9808213, 40.7679461], [-73.9809894, 40.7679484], [-73.9811647, 40.7679835]]}}, {"type": "Feature", "properties": {"wayId": 31292683, "name": "", "highway": "steps"}, "geometry": {"type": "LineString", "coordinates": [[-73.9736177, 40.7650931], [-73.9734942, 40.7651096]]}}, {"type": "Feature", "properties": {"wayId": 31292684, "name": "", "highway": "footway"}, "geometry": {"type": "LineString", "coordinates": [[-73.9734942, 40.7651096], [-73.9734461, 40.7650875]]}}, {"type": "Feature", "properties": {"wayId": 31292685, "name": "", "highway": "footway"}, "geometry": {"type": "LineString", "coordinates": [[-73.9760845, 40.7661509], [-73.9760524, 40.766173], [-73.9760117, 40.7661692]]}}, {"type": "Feature", "properties": {"wayId": 31292686, "name": "", "highway": "footway"}, "geometry": {"type": "LineString", "coordinates": [[-73.9758205, 40.7661525], [-73.9758193, 40.7660795], [-73.9758009, 40.7660196], [-73.9757701, 40.7659517], [-73.9757246, 40.7658936], [-73.9756882, 40.7658536], [-73.9755735, 40.7657662], [-73.9754988, 40.7657206], [-73.9753945, 40.7656689], [-73.9752956, 40.7656319], [-73.975189, 40.7655946], [-73.9750866, 40.7655659], [-73.9749967, 40.7655467], [-73.9748669, 40.7655221], [-73.9748058, 40.7655117], [-73.9747374, 40.765496], [-73.9746866, 40.7654766], [-73.9746204, 40.7654426], [-73.9745735, 40.7654108], [-73.9745115, 40.765347], [-73.9744653, 40.7653004], [-73.974409, 40.7652361], [-73.9743709, 40.7651935], [-73.9743204, 40.7651498], [-73.9742677, 40.7651251], [-73.9741894, 40.7650905], [-73.9741523, 40.7650791], [-73.9741128, 40.7650758], [-73.9740201, 40.7651233], [-73.9739373, 40.7651649], [-73.9738759, 40.7651333], [-73.9738218, 40.7651024], [-73.9737745, 40.7650874], [-73.9737383, 40.76508], [-73.973701, 40.7650783], [-73.9736537, 40.7650808], [-73.9736177, 40.7650931]]}}, {"type": "Feature", "properties": {"wayId": 31311315, "name": "Former Drive", "highway": "track"}, "geometry": {"type": "LineString", "coordinates": [[-73.9735807, 40.7704523], [-73.9735701, 40.7705452], [-73.9735667, 40.7705927], [-73.9735524, 40.770682], [-73.9734968, 40.7710373], [-73.9734715, 40.7711546], [-73.9734521, 40.771243], [-73.9734338, 40.7713173], [-73.9734068, 40.7714017], [-73.9733631, 40.7715019], [-73.9732958, 40.771638], [-73.9731865, 40.7718012], [-73.9729414, 40.7721221], [-73.9728522, 40.7722489], [-73.9727896, 40.7723398], [-73.9726702, 40.7725137], [-73.9725921, 40.7726386], [-73.9725616, 40.7727065], [-73.9725449, 40.7727683], [-73.9725191, 40.7728841], [-73.9725107, 40.7729641], [-73.9725082, 40.7730206], [-73.9725127, 40.7730802], [-73.9725222, 40.7731409], [-73.9725407, 40.7732123], [-73.9725673, 40.7732904], [-73.9725981, 40.7733776]]}}, {"type": "Feature", "properties": {"wayId": 33890613, "name": "", "highway": "footway"}, "geometry": {"type": "LineString", "coordinates": [[-73.966587, 40.7800716], [-73.9664727, 40.7799058], [-73.9664013, 40.7797696], [-73.966358, 40.7796875], [-73.9663111, 40.779629], [-73.9662532, 40.7795839], [-73.9661666, 40.7795386], [-73.9660722, 40.7794947], [-73.9659729, 40.7794278], [-73.9658928, 40.7793621], [-73.965748, 40.7792439], [-73.9656794, 40.7791899], [-73.9656165, 40.779139]]}}, {"type": "Feature", "properties": {"wayId": 34968133, "name": "", "highway": "footway"}, "geometry": {"type": "LineString", "coordinates": [[-73.958229, 40.7971895], [-73.9581321, 40.7972826], [-73.9580482, 40.7973544], [-73.9579775, 40.7974091], [-73.9579219, 40.7974513], [-73.9578636, 40.7974858], [-73.9577998, 40.7975147], [-73.9577368, 40.7975334], [-73.9576589, 40.7975457], [-73.9575782, 40.7975517], [-73.9575124, 40.7975484], [-73.9574456, 40.7975391], [-73.9573804, 40.7975158], [-73.9573062, 40.7974669], [-73.9572449, 40.7974337], [-73.9571816, 40.7974007], [-73.9571371, 40.7973605], [-73.9571066, 40.7972761], [-73.9571033, 40.7972353]]}}, {"type": "Feature", "properties": {"wayId": 34968134, "name": "North Woods", "highway": "footway"}, "geometry": {"type": "LineString", "coordinates": [[-73.9545722, 40.7977206], [-73.9545392, 40.7977144], [-73.9544947, 40.7977202], [-73.9544703, 40.7977215], [-73.9544488, 40.7977202], [-73.9544342, 40.7977177], [-73.9543936, 40.7977073]]}}, {"type": "Feature", "properties": {"wayId": 34968135, "name": "", "highway": "footway"}, "geometry": {"type": "LineString", "coordinates": [[-73.9521944, 40.7943537], [-73.9522017, 40.7943414], [-73.9522082, 40.7943299], [-73.9522152, 40.7943167], [-73.9522222, 40.7943023], [-73.9522286, 40.7942866], [-73.9522344, 40.7942669], [-73.9522353, 40.7942444], [-73.9522342, 40.7942261], [-73.9522313, 40.7942079], [-73.9522266, 40.7941896], [-73.9522219, 40.7941771], [-73.9522199, 40.7941715], [-73.9522111, 40.7941537], [-73.9522002, 40.7941361], [-73.9521848, 40.7941166], [-73.9521641, 40.7940988], [-73.9521464, 40.7940855], [-73.9521261, 40.7940731], [-73.9521032, 40.7940622], [-73.9520789, 40.7940536], [-73.9520539, 40.7940472], [-73.9520285, 40.7940424], [-73.9519903, 40.7940367], [-73.9519562, 40.7940389], [-73.9519332, 40.7940414], [-73.9519103, 40.7940452], [-73.951905, 40.7940464], [-73.9518876, 40.7940505], [-73.9518654, 40.7940573], [-73.951844, 40.7940656], [-73.9518237, 40.7940753], [-73.9518018, 40.7940875], [-73.9517769, 40.7941056], [-73.951755, 40.7941262], [-73.9517333, 40.7941497], [-73.9517168, 40.7941735], [-73.9517021, 40.7941966], [-73.9516894, 40.794221], [-73.9516789, 40.7942473], [-73.9516737, 40.7942748], [-73.9516747, 40.7942992], [-73.9516765, 40.7943178], [-73.9516819, 40.7943379], [-73.9516869, 40.7943506], [-73.9516888, 40.7943553], [-73.9516972, 40.7943713], [-73.9517065, 40.7943859], [-73.9517163, 40.7943989], [-73.9517307, 40.7944163], [-73.9517518, 40.7944329], [-73.9517695, 40.7944449], [-73.9517891, 40.794456], [-73.9518069, 40.7944641], [-73.9518105, 40.7944657], [-73.9518334, 40.7944739], [-73.9518574, 40.7944802], [-73.951882, 40.7944849], [-73.9519122, 40.7944886], [-73.9519452, 40.7944885], [-73.9519731, 40.7944866], [-73.9520006, 40.7944825], [-73.9520036, 40.7944818], [-73.9520272, 40.7944762], [-73.9520524, 40.7944678], [-73.9520757, 40.7944576], [-73.9520971, 40.7944462], [-73.9521197, 40.7944322], [-73.9521454, 40.7944116], [-73.9521717, 40.7943839], [-73.9521915, 40.7943581], [-73.9521944, 40.7943537]]}}, {"type": "Feature", "properties": {"wayId": 36185328, "name": "", "highway": "steps"}, "geometry": {"type": "LineString", "coordinates": [[-73.9714307, 40.7696576], [-73.971426, 40.7696932], [-73.9714261, 40.7697203], [-73.9714055, 40.7697708], [-73.9713765, 40.7697984], [-73.9713418, 40.7698123], [-73.9713029, 40.7698183], [-73.9712542, 40.7698213], [-73.971211, 40.7698154], [-73.971154, 40.7698049]]}}, {"type": "Feature", "properties": {"wayId": 36185334, "name": "", "highway": "footway"}, "geometry": {"type": "LineString", "coordinates": [[-73.9709236, 40.769074], [-73.9708525, 40.7691281], [-73.9707782, 40.7692007], [-73.9707133, 40.7692773], [-73.9706477, 40.7693399], [-73.9705728, 40.7694006], [-73.9704614, 40.7694792], [-73.9702605, 40.7694025], [-73.9701652, 40.7693302], [-73.9701189, 40.7692896], [-73.9700837, 40.7692685], [-73.9700226, 40.7692476], [-73.9699817, 40.7692372], [-73.969914, 40.7692214], [-73.9698406, 40.7692111], [-73.9697843, 40.7692049], [-73.9697298, 40.7691924], [-73.9696609, 40.769167]]}}, {"type": "Feature", "properties": {"wayId": 36185335, "name": "", "highway": "footway"}, "geometry": {"type": "LineString", "coordinates": [[-73.9704614, 40.7694792], [-73.9702944, 40.76959], [-73.970231, 40.7696686], [-73.9701612, 40.7697986], [-73.9701108, 40.7699368], [-73.9700251, 40.770184]]}}, {"type": "Feature", "properties": {"wayId": 36185337, "name": "East Drive", "highway": "pedestrian"}, "geometry": {"type": "LineString", "coordinates": [[-73.9722423, 40.7695384], [-73.9721871, 40.7695498], [-73.972094, 40.769577], [-73.9720314, 40.7695997], [-73.9719635, 40.7696287], [-73.9718905, 40.7696606], [-73.9718046, 40.7697034], [-73.971699, 40.7697611], [-73.9716006, 40.7698182], [-73.9715279, 40.7698664], [-73.9714718, 40.7699063], [-73.9714209, 40.7699486], [-73.9713563, 40.7700117]]}}, {"type": "Feature", "properties": {"wayId": 36185338, "name": "Wien Walk", "highway": "footway"}, "geometry": {"type": "LineString", "coordinates": [[-73.971154, 40.7698049], [-73.9710738, 40.76985], [-73.9710229, 40.7698898], [-73.9709387, 40.7699713]]}}, {"type": "Feature", "properties": {"wayId": 36930573, "name": "", "highway": "footway"}, "geometry": {"type": "LineString", "coordinates": [[-73.9758205, 40.7661525], [-73.9757977, 40.7662341], [-73.9757669, 40.7664141], [-73.9757684, 40.7665473], [-73.9757624, 40.766613], [-73.9757435, 40.7666739], [-73.9757283, 40.7667095], [-73.9757045, 40.766753], [-73.9756715, 40.7668036], [-73.9756383, 40.7668596], [-73.9755965, 40.7669232], [-73.9755339, 40.7670197], [-73.9755069, 40.7670759], [-73.9754845, 40.7671337], [-73.975467, 40.7671844], [-73.9754589, 40.7672598], [-73.9754623, 40.7673357], [-73.9754841, 40.7673984], [-73.9754505, 40.7674323], [-73.9754033, 40.7674498], [-73.9753628, 40.7674662], [-73.9753121, 40.7674988], [-73.9752469, 40.7675412], [-73.9751227, 40.7677077], [-73.9750373, 40.7678103], [-73.9750243, 40.7678352], [-73.9749911, 40.7678814], [-73.9749735, 40.7679147], [-73.9749608, 40.7679699], [-73.9749363, 40.7680344], [-73.9748876, 40.7680884], [-73.9748631, 40.7681077], [-73.9749219, 40.7681667], [-73.9749471, 40.7681853], [-73.9749989, 40.768197]]}}, {"type": "Feature", "properties": {"wayId": 36930576, "name": "", "highway": "footway"}, "geometry": {"type": "LineString", "coordinates": [[-73.9763678, 40.7687661], [-73.9764693, 40.768833], [-73.9765307, 40.7688815], [-73.9766371, 40.7689724], [-73.9767424, 40.769075], [-73.9767837, 40.7691152], [-73.9768327, 40.7691672], [-73.977105, 40.7694202], [-73.9771721, 40.7694787], [-73.9772211, 40.7695166], [-73.9772588, 40.7695411], [-73.9772995, 40.7695652], [-73.9773673, 40.7695988], [-73.9774433, 40.7696293], [-73.9775015, 40.7696509], [-73.9775733, 40.7696737], [-73.9776489, 40.7696884], [-73.9777541, 40.7697012], [-73.9778629, 40.7697091], [-73.9779534, 40.769727], [-73.9780184, 40.7697012], [-73.9781133, 40.7696733], [-73.9782194, 40.7696254], [-73.9782648, 40.7695993], [-73.9783197, 40.7695514], [-73.9783406, 40.7695062], [-73.9783485, 40.7694767], [-73.97839, 40.7693553]]}}, {"type": "Feature", "properties": {"wayId": 36930589, "name": "Central Park Driveway", "highway": "path"}, "geometry": {"type": "LineString", "coordinates": [[-73.9722975, 40.7738011], [-73.9724572, 40.7738575], [-73.9725166, 40.7738995], [-73.972556, 40.7739374], [-73.972643, 40.7740909], [-73.9726944, 40.7742634], [-73.9726823, 40.7743657], [-73.9726696, 40.7744926], [-73.9726623, 40.7745664]]}}, {"type": "Feature", "properties": {"wayId": 36930622, "name": "", "highway": "footway"}, "geometry": {"type": "LineString", "coordinates": [[-73.9709503, 40.7795186], [-73.9709516, 40.7795441], [-73.9709477, 40.7795665], [-73.9709463, 40.7795828], [-73.9709448, 40.779599], [-73.9709481, 40.7796189], [-73.9709513, 40.7796387], [-73.9709578, 40.7796564], [-73.9709643, 40.779674], [-73.9709743, 40.7796863], [-73.9709842, 40.7796986], [-73.9710044, 40.7797184], [-73.9710172, 40.7797283], [-73.97103, 40.7797382], [-73.9710483, 40.7797454], [-73.9710684, 40.7797543], [-73.9711605, 40.7798067], [-73.9712047, 40.7798356], [-73.9713066, 40.7798983], [-73.9713372, 40.7799178], [-73.9714146, 40.7799643], [-73.9714613, 40.7799962], [-73.9715997, 40.7801006], [-73.9716743, 40.7801652], [-73.971741, 40.7802155], [-73.9718191, 40.7802481], [-73.9719046, 40.7802681], [-73.971989, 40.7802755], [-73.972075, 40.7802716], [-73.9721838, 40.7802585]]}}, {"type": "Feature", "properties": {"wayId": 37182194, "name": "", "highway": "footway"}, "geometry": {"type": "LineString", "coordinates": [[-73.9679417, 40.7805326], [-73.9679917, 40.7806416], [-73.96802, 40.7807321], [-73.9680356, 40.7807866], [-73.9680461, 40.7808448], [-73.968052, 40.7809309], [-73.9680494, 40.7810063], [-73.9680352, 40.7810942], [-73.9680157, 40.7811972], [-73.9679867, 40.7812886], [-73.967936, 40.7813947], [-73.9678884, 40.7814863], [-73.967819, 40.7816046], [-73.9677528, 40.7817011], [-73.9676722, 40.7818011], [-73.9675687, 40.781922], [-73.9674604, 40.7820351], [-73.9672949, 40.7821838], [-73.9671918, 40.782271], [-73.9671291, 40.7823244], [-73.9669923, 40.7824115], [-73.9668122, 40.7825097], [-73.9666661, 40.7825702], [-73.9665704, 40.782604], [-73.9665161, 40.7826622], [-73.9664361, 40.7826296], [-73.9662174, 40.7826457], [-73.9660852, 40.782639], [-73.9659578, 40.782628], [-73.9658595, 40.7826089], [-73.9657509, 40.7825768], [-73.9656525, 40.7825346], [-73.9655695, 40.7824889], [-73.9655213, 40.782462], [-73.9654678, 40.7824301], [-73.9653742, 40.7823577], [-73.9653143, 40.7823013], [-73.9652541, 40.7822373], [-73.9652032, 40.7821529], [-73.9651639, 40.7820797], [-73.9651137, 40.781958], [-73.9651016, 40.7818504], [-73.965097, 40.7817968], [-73.9651148, 40.7816073], [-73.9651396, 40.7814727], [-73.9651916, 40.7813136], [-73.9652738, 40.7811234], [-73.9653635, 40.7809486], [-73.9654528, 40.7808072], [-73.9655656, 40.7806452], [-73.9657717, 40.7804335], [-73.9659336, 40.7803097], [-73.9661718, 40.7801925], [-73.9663756, 40.7801278], [-73.966587, 40.7800716], [-73.966747, 40.7800398], [-73.9668102, 40.7800299], [-73.9668951, 40.7800232], [-73.9669783, 40.7800234], [-73.9670766, 40.7800287], [-73.9671842, 40.7800392], [-73.96737, 40.7800878], [-73.9675766, 40.7801792], [-73.9677538, 40.7803068], [-73.9679417, 40.7805326]]}}, {"type": "Feature", "properties": {"wayId": 37183060, "name": "", "highway": "footway"}, "geometry": {"type": "LineString", "coordinates": [[-73.9677538, 40.7803068], [-73.9677983, 40.7802704], [-73.9678986, 40.7802454], [-73.9679481, 40.7802287], [-73.9680529, 40.7801811], [-73.9681434, 40.7801335], [-73.9682038, 40.780094], [-73.9682187, 40.7800778], [-73.9681989, 40.7800134]]}}, {"type": "Feature", "properties": {"wayId": 37183212, "name": "", "highway": "footway"}, "geometry": {"type": "LineString", "coordinates": [[-73.9690121, 40.7817069], [-73.9690171, 40.7816393], [-73.9690307, 40.7814881], [-73.9690323, 40.7813884], [-73.968979, 40.7812732], [-73.9689312, 40.7811068], [-73.9689515, 40.7807864], [-73.9690655, 40.7806743], [-73.9689925, 40.780647], [-73.9689105, 40.7806147], [-73.9688134, 40.7805755], [-73.9687042, 40.7805417], [-73.9686195, 40.7805216], [-73.9685339, 40.7805067], [-73.9684488, 40.7804999], [-73.9683356, 40.7804937], [-73.9683088, 40.7804932], [-73.9682248, 40.7804916], [-73.9680884, 40.7805052], [-73.9679417, 40.7805326]]}}, {"type": "Feature", "properties": {"wayId": 37183215, "name": "", "highway": "footway"}, "geometry": {"type": "LineString", "coordinates": [[-73.9653118, 40.7789151], [-73.9652136, 40.7790609], [-73.9650834, 40.7791413], [-73.9649872, 40.7791799], [-73.9649556, 40.7792064], [-73.9649121, 40.7792429], [-73.9648576, 40.7793062], [-73.9648153, 40.7793718], [-73.9647938, 40.7794162], [-73.9647859, 40.7794401], [-73.9647798, 40.7794676], [-73.9647746, 40.7795293], [-73.964767, 40.7796156], [-73.9647607, 40.7797083], [-73.9647494, 40.7797775], [-73.9647425, 40.7798264], [-73.9647265, 40.7798812], [-73.9646984, 40.7799491], [-73.9646611, 40.7800121], [-73.9646237, 40.780073], [-73.9645797, 40.7801347], [-73.9645329, 40.7801879], [-73.9644879, 40.7802344], [-73.9644419, 40.7802725], [-73.9643969, 40.7803027], [-73.9642902, 40.7803576]]}}, {"type": "Feature", "properties": {"wayId": 37183390, "name": "", "highway": "footway"}, "geometry": {"type": "LineString", "coordinates": [[-73.9537429, 40.797917], [-73.9536863, 40.7978859], [-73.9536054, 40.797851], [-73.9535502, 40.7978335], [-73.9534851, 40.7978199], [-73.9534251, 40.7978158], [-73.9533796, 40.7978147], [-73.9533541, 40.7978141], [-73.9532704, 40.7978066], [-73.9531684, 40.7977912], [-73.9530934, 40.7977791], [-73.9530181, 40.7977742], [-73.952947, 40.7977779], [-73.9528738, 40.7977887], [-73.9527893, 40.7978029], [-73.9527077, 40.7978223], [-73.9526279, 40.7978401], [-73.952571, 40.7978471], [-73.9525074, 40.7978519]]}}, {"type": "Feature", "properties": {"wayId": 37183477, "name": "", "highway": "footway"}, "geometry": {"type": "LineString", "coordinates": [[-73.9584048, 40.7972876], [-73.9583801, 40.7973488], [-73.9583724, 40.7973779], [-73.9583524, 40.7974767], [-73.9583448, 40.7976059], [-73.958299, 40.7978504]]}}, {"type": "Feature", "properties": {"wayId": 37183595, "name": "", "highway": "footway"}, "geometry": {"type": "LineString", "coordinates": [[-73.9554695, 40.7929365], [-73.9553572, 40.7929203], [-73.9553539, 40.7929198], [-73.9552541, 40.7929077], [-73.9550321, 40.7928517]]}}, {"type": "Feature", "properties": {"wayId": 37183596, "name": "", "highway": "footway"}, "geometry": {"type": "LineString", "coordinates": [[-73.9554323, 40.7933532], [-73.9553872, 40.7933718]]}}, {"type": "Feature", "properties": {"wayId": 37183597, "name": "", "highway": "footway"}, "geometry": {"type": "LineString", "coordinates": [[-73.9548114, 40.7940459], [-73.9547179, 40.7940385], [-73.9546405, 40.7940392], [-73.954511, 40.7940422], [-73.9544678, 40.794038], [-73.9544308, 40.7940293], [-73.9543897, 40.7940163], [-73.9543516, 40.7939864], [-73.954327, 40.7939594], [-73.9543109, 40.7939293], [-73.9542838, 40.7938336], [-73.9542522, 40.7937378], [-73.9542133, 40.7936162], [-73.9542085, 40.7935734], [-73.9542101, 40.793563], [-73.9542126, 40.7935468], [-73.9542261, 40.7935172], [-73.9542561, 40.7934717], [-73.9542946, 40.7934243], [-73.9543499, 40.7933718], [-73.954396, 40.7933251], [-73.95443, 40.7932825], [-73.9544616, 40.7932361], [-73.9544851, 40.793189], [-73.9544975, 40.7931418], [-73.9544935, 40.793108], [-73.9544433, 40.7930187], [-73.954377, 40.7929225], [-73.9543166, 40.792857], [-73.9542745, 40.7928163], [-73.9542314, 40.7927858], [-73.9541432, 40.7927354], [-73.9540642, 40.7926959], [-73.9540034, 40.7926684], [-73.9539496, 40.7926446], [-73.9538911, 40.792606], [-73.9538423, 40.7925705], [-73.953762, 40.7925197], [-73.953738, 40.7924692], [-73.9537102, 40.7924254], [-73.9536825, 40.79238], [-73.9536544, 40.7923298], [-73.9536072, 40.7922469]]}}, {"type": "Feature", "properties": {"wayId": 37183598, "name": "", "highway": "footway"}, "geometry": {"type": "LineString", "coordinates": [[-73.953762, 40.7925197], [-73.9537358, 40.7925681], [-73.9537235, 40.7925898], [-73.9537068, 40.7926277], [-73.9536819, 40.7926809], [-73.9536502, 40.7927385], [-73.9536075, 40.7928049], [-73.953599, 40.7928357]]}}, {"type": "Feature", "properties": {"wayId": 37183599, "name": "", "highway": "footway"}, "geometry": {"type": "LineString", "coordinates": [[-73.9520937, 40.7943152], [-73.9520984, 40.7943072], [-73.9521041, 40.7942971], [-73.95211, 40.7942861], [-73.9521153, 40.794275], [-73.9521196, 40.7942646], [-73.952122, 40.7942563], [-73.9521225, 40.7942452], [-73.9521217, 40.7942331], [-73.9521199, 40.7942211], [-73.9521177, 40.7942109], [-73.9521126, 40.7941979], [-73.9521072, 40.7941868], [-73.9521006, 40.7941764], [-73.9520933, 40.7941671], [-73.952082, 40.7941574], [-73.952071, 40.7941491], [-73.9520604, 40.7941426], [-73.9520476, 40.7941366], [-73.9520369, 40.794133], [-73.952022, 40.7941291], [-73.9520039, 40.7941257], [-73.951984, 40.7941227], [-73.951969, 40.7941237], [-73.9519534, 40.7941254], [-73.951939, 40.7941278], [-73.9519242, 40.7941311], [-73.9519125, 40.7941349], [-73.9518998, 40.7941399], [-73.9518871, 40.7941459], [-73.9518746, 40.7941529], [-73.9518602, 40.7941634], [-73.9518453, 40.7941774], [-73.9518298, 40.7941942], [-73.9518212, 40.7942065], [-73.9518175, 40.7942118], [-73.9518055, 40.7942308], [-73.9517959, 40.7942492], [-73.9517892, 40.7942658], [-73.9517867, 40.7942794], [-73.9517873, 40.7942946], [-73.9517884, 40.7943062], [-73.9517911, 40.7943168], [-73.9517954, 40.7943274], [-73.9518004, 40.7943369], [-73.9518063, 40.7943461], [-73.9518132, 40.7943552], [-73.95182, 40.7943635], [-73.95183, 40.7943714], [-73.9518409, 40.7943788], [-73.951852, 40.7943851], [-73.9518636, 40.7943903], [-73.951876, 40.7943947], [-73.9518897, 40.7943983], [-73.951905, 40.7944012], [-73.9519212, 40.7944033], [-73.9519397, 40.7944032], [-73.9519571, 40.794402], [-73.9519729, 40.7943996], [-73.9519844, 40.7943971], [-73.9519875, 40.7943962], [-73.9520014, 40.7943915], [-73.9520151, 40.7943856], [-73.9520289, 40.7943782], [-73.9520427, 40.7943697], [-73.9520583, 40.7943572], [-73.9520767, 40.7943378], [-73.9520895, 40.7943207], [-73.9520937, 40.7943152]]}}, {"type": "Feature", "properties": {"wayId": 37183604, "name": "", "highway": "footway"}, "geometry": {"type": "LineString", "coordinates": [[-73.9520142, 40.7942848], [-73.9520169, 40.7942802], [-73.952022, 40.7942712], [-73.9520269, 40.7942619], [-73.952031, 40.7942534], [-73.9520333, 40.7942479], [-73.9520334, 40.7942457], [-73.952033, 40.7942386], [-73.9520319, 40.7942316], [-73.9520301, 40.7942249], [-73.9520278, 40.7942186], [-73.9520251, 40.794213], [-73.952022, 40.7942082], [-73.9520211, 40.794207], [-73.9520173, 40.7942037], [-73.9520115, 40.7941993], [-73.9520085, 40.7941975], [-73.9520041, 40.7941958], [-73.9519968, 40.7941938], [-73.9519844, 40.7941915], [-73.9519791, 40.7941907], [-73.9519694, 40.7941917], [-73.9519617, 40.794193], [-73.9519554, 40.7941945], [-73.9519497, 40.7941962], [-73.9519438, 40.7941985], [-73.9519371, 40.7942017], [-73.9519321, 40.7942045], [-73.951926, 40.7942089], [-73.9519165, 40.7942178], [-73.9519059, 40.7942294], [-73.9518988, 40.7942395], [-73.951897, 40.7942421], [-73.9518871, 40.7942577], [-73.95188, 40.7942713], [-73.9518764, 40.7942804], [-73.9518759, 40.7942831], [-73.9518762, 40.7942911], [-73.9518768, 40.794297], [-73.9518778, 40.7943008], [-73.9518796, 40.7943053], [-73.9518819, 40.7943097], [-73.9518851, 40.7943147], [-73.9518896, 40.7943208], [-73.9518905, 40.7943219], [-73.9518918, 40.7943228], [-73.9518973, 40.7943266], [-73.9519017, 40.794329], [-73.9519065, 40.7943311], [-73.9519097, 40.7943323], [-73.9519152, 40.7943337], [-73.951923, 40.7943352], [-73.9519283, 40.7943359], [-73.9519354, 40.7943358], [-73.9519444, 40.7943352], [-73.9519509, 40.7943342], [-73.9519561, 40.794333], [-73.9519612, 40.7943313], [-73.9519673, 40.7943287], [-73.9519751, 40.7943245], [-73.9519819, 40.7943203], [-73.9519895, 40.7943142], [-73.9520017, 40.7943014], [-73.952012, 40.7942877], [-73.9520142, 40.7942848]]}}, {"type": "Feature", "properties": {"wayId": 37183609, "name": "", "highway": "footway"}, "geometry": {"type": "LineString", "coordinates": [[-73.9519574, 40.79458], [-73.9520723, 40.7945928], [-73.9521387, 40.7946057], [-73.9521938, 40.794629], [-73.9522649, 40.7946646], [-73.9522449, 40.7946083], [-73.9522308, 40.7945442], [-73.9522293, 40.7945179], [-73.952233, 40.7944821], [-73.9522604, 40.794423]]}}, {"type": "Feature", "properties": {"wayId": 37183610, "name": "", "highway": "footway"}, "geometry": {"type": "LineString", "coordinates": [[-73.9522604, 40.794423], [-73.9522803, 40.7943914], [-73.9523421, 40.794307], [-73.9523839, 40.7942741], [-73.9524274, 40.7942589], [-73.9524827, 40.7942424], [-73.9525822, 40.7942386], [-73.9527542, 40.7943143]]}}, {"type": "Feature", "properties": {"wayId": 37183611, "name": "", "highway": "footway"}, "geometry": {"type": "LineString", "coordinates": [[-73.9522803, 40.7943914], [-73.9521915, 40.7943581]]}}, {"type": "Feature", "properties": {"wayId": 37183612, "name": "", "highway": "footway"}, "geometry": {"type": "LineString", "coordinates": [[-73.9522649, 40.7946646], [-73.9522793, 40.7946861], [-73.9524039, 40.7948592], [-73.9524542, 40.794925], [-73.9525169, 40.79499], [-73.952562, 40.7950262], [-73.95266, 40.7950878], [-73.9527335, 40.7951322], [-73.9527812, 40.7951695], [-73.9528254, 40.795212], [-73.9528581, 40.7952549], [-73.9528853, 40.7953], [-73.9528549, 40.7953162], [-73.9528128, 40.7953392], [-73.9527674, 40.7953578], [-73.9527306, 40.7953654], [-73.9526797, 40.7953814], [-73.9526301, 40.7953953], [-73.952566, 40.7954141], [-73.9525199, 40.7954317], [-73.9524816, 40.7954462], [-73.9524546, 40.795415], [-73.9524415, 40.7953976], [-73.9524268, 40.7953812], [-73.9524092, 40.7953655], [-73.9523897, 40.7953519], [-73.9523667, 40.7953398], [-73.9523333, 40.7953256], [-73.9522906, 40.7953115]]}}, {"type": "Feature", "properties": {"wayId": 39991934, "name": "", "highway": "footway"}, "geometry": {"type": "LineString", "coordinates": [[-73.9671842, 40.7800392], [-73.9671169, 40.7798686], [-73.9670672, 40.7797722], [-73.9670191, 40.7797047], [-73.9669575, 40.7796357], [-73.9668505, 40.779527], [-73.9668016, 40.7794658], [-73.9667627, 40.779403], [-73.966734, 40.7793379], [-73.9667173, 40.7792759], [-73.9666994, 40.77917], [-73.9666891, 40.7790865], [-73.9667773, 40.7789735], [-73.9668293, 40.7789124], [-73.9669298, 40.7788329], [-73.9669854, 40.7787984], [-73.9670181, 40.7787829], [-73.9670615, 40.7787659], [-73.9671195, 40.7787521], [-73.9672251, 40.778743], [-73.9673431, 40.7787884], [-73.9676494, 40.7789087], [-73.9677582, 40.7789435], [-73.9678015, 40.7789557], [-73.9678784, 40.7789699], [-73.9680066, 40.7789883], [-73.9681374, 40.7790132], [-73.9682461, 40.7790449], [-73.9683513, 40.779088], [-73.9684813, 40.7791345], [-73.9685809, 40.779166], [-73.9687388, 40.77921], [-73.9688101, 40.7792293], [-73.9688757, 40.7792076], [-73.9689673, 40.7791726], [-73.969022, 40.779157], [-73.9690885, 40.7791562], [-73.969145, 40.7791765]]}}, {"type": "Feature", "properties": {"wayId": 39991944, "name": "", "highway": "footway"}, "geometry": {"type": "LineString", "coordinates": [[-73.9666891, 40.7790865], [-73.9664882, 40.7791176], [-73.9663849, 40.7791339], [-73.9662872, 40.7791599], [-73.9662238, 40.7791824], [-73.9661493, 40.7792106], [-73.966067, 40.7792526], [-73.9659823, 40.7793008], [-73.9658928, 40.7793621], [-73.9658353, 40.7794159], [-73.9658052, 40.7796104], [-73.9657811, 40.7797197], [-73.9657456, 40.7798043], [-73.9657048, 40.7798649], [-73.965659, 40.7799092], [-73.9655974, 40.7799565], [-73.9655472, 40.7799965], [-73.9654788, 40.7800555], [-73.965438, 40.7801377], [-73.9653941, 40.7802434], [-73.9653765, 40.7803297], [-73.9653664, 40.7804049], [-73.9653367, 40.7804596], [-73.9653038, 40.7805436], [-73.9652743, 40.7806105], [-73.9652509, 40.780652], [-73.9651981, 40.7807482], [-73.9651069, 40.7808838], [-73.9649259, 40.7810961], [-73.9647943, 40.7812348], [-73.9647418, 40.7812903], [-73.9645873, 40.7813878], [-73.9644589, 40.7814524], [-73.9643402, 40.7814912], [-73.9641954, 40.7815354], [-73.9641274, 40.7815498], [-73.9640611, 40.7815737], [-73.9639905, 40.7815695], [-73.9639319, 40.7815651], [-73.9638744, 40.7815459], [-73.96383, 40.7815211], [-73.9637501, 40.7814834], [-73.9636667, 40.7814247], [-73.9636366, 40.7813972]]}}, {"type": "Feature", "properties": {"wayId": 39992020, "name": "", "highway": "footway"}, "geometry": {"type": "LineString", "coordinates": [[-73.9706011, 40.7742435], [-73.9706402, 40.7741932], [-73.9706976, 40.7741544], [-73.9707591, 40.7741326], [-73.9708261, 40.7741241], [-73.9708936, 40.7741297], [-73.9709697, 40.7741547], [-73.9710307, 40.7741973], [-73.9710699, 40.7742527], [-73.971083, 40.7743147], [-73.971076, 40.7743601], [-73.9710403, 40.774419], [-73.9709844, 40.7744638], [-73.9709126, 40.7744926], [-73.9708323, 40.7745023], [-73.9707521, 40.7744921], [-73.9706806, 40.7744628], [-73.9706252, 40.7744178], [-73.9705919, 40.7743616], [-73.9705841, 40.7743003], [-73.9706011, 40.7742435]]}}, {"type": "Feature", "properties": {"wayId": 39992021, "name": "", "highway": "footway"}, "geometry": {"type": "LineString", "coordinates": [[-73.9682553, 40.7745953], [-73.9681784, 40.7746416], [-73.9680816, 40.7746822], [-73.9679678, 40.7747259], [-73.9677923, 40.7747895], [-73.9675977, 40.7748248], [-73.9673815, 40.7748533], [-73.967284, 40.7748548], [-73.9672377, 40.7748527], [-73.9671888, 40.7748439], [-73.9670964, 40.7748019]]}}, {"type": "Feature", "properties": {"wayId": 39992023, "name": "", "highway": "footway"}, "geometry": {"type": "LineString", "coordinates": [[-73.9677923, 40.7747895], [-73.9679713, 40.7748197], [-73.9679839, 40.7748218], [-73.9681288, 40.7748911], [-73.9681949, 40.7749353], [-73.9682281, 40.7749609]]}}, {"type": "Feature", "properties": {"wayId": 39992041, "name": "", "highway": "footway"}, "geometry": {"type": "LineString", "coordinates": [[-73.9728251, 40.7749032], [-73.9728514, 40.7749319], [-73.972938, 40.775029], [-73.9729827, 40.7750944], [-73.9729901, 40.7751383], [-73.9729918, 40.7751879], [-73.9729762, 40.7752346], [-73.9729623, 40.775258], [-73.9729192, 40.7752949], [-73.9728733, 40.7753165], [-73.9728144, 40.7753371], [-73.9727029, 40.7753679], [-73.9725057, 40.7754134], [-73.9724331, 40.7754259], [-73.9723661, 40.7754296], [-73.9722846, 40.7754245], [-73.9722036, 40.7754221], [-73.9720692, 40.7754178], [-73.9720173, 40.7754157], [-73.9719602, 40.7754157], [-73.9718706, 40.775415], [-73.9718367, 40.7754182], [-73.9717988, 40.7754269], [-73.9717001, 40.7754676], [-73.9716335, 40.7755005], [-73.9715913, 40.7755216], [-73.9714987, 40.7754205], [-73.9713723, 40.7753241], [-73.9712437, 40.7752303], [-73.971187, 40.775188], [-73.9711584, 40.7751572], [-73.9711426, 40.7751296], [-73.9711293, 40.7750928], [-73.971134, 40.7750254], [-73.9711618, 40.7749357], [-73.9711857, 40.7748524], [-73.9712032, 40.7747817], [-73.9712175, 40.7747044], [-73.9712186, 40.7746561], [-73.9712116, 40.7746007], [-73.9711966, 40.7745422], [-73.9711725, 40.7744865], [-73.9711149, 40.7744276], [-73.971076, 40.7743601], [-73.9711542, 40.774349], [-73.9712603, 40.7743395], [-73.9713298, 40.7743224], [-73.971388, 40.7743066], [-73.9714385, 40.7742875], [-73.9714836, 40.7742692], [-73.9715176, 40.7742501], [-73.9715495, 40.7742151], [-73.9715802, 40.7741669]]}}, {"type": "Feature", "properties": {"wayId": 39992044, "name": "", "highway": "footway"}, "geometry": {"type": "LineString", "coordinates": [[-73.9726103, 40.7749112], [-73.9725983, 40.7749366], [-73.9725713, 40.7749942], [-73.9725443, 40.7750279], [-73.9725055, 40.7750509], [-73.9724636, 40.7750627], [-73.9724169, 40.7750665], [-73.9723692, 40.775064], [-73.972329, 40.7750584], [-73.9722907, 40.7750449], [-73.972261, 40.7750284], [-73.9722384, 40.7750052], [-73.9722178, 40.774972], [-73.9722064, 40.7749292], [-73.9721923, 40.7748409], [-73.9721786, 40.7747911], [-73.972162, 40.7747539], [-73.972117, 40.7746762], [-73.9721024, 40.7746354], [-73.9720941, 40.7745933], [-73.9720906, 40.7745273], [-73.9720744, 40.7744705], [-73.9720371, 40.7744156], [-73.9720019, 40.7743773], [-73.971947, 40.7743441], [-73.9718811, 40.7743108], [-73.9718372, 40.7742892], [-73.9718065, 40.7742492], [-73.9717867, 40.7741993], [-73.9717559, 40.7741594], [-73.9717274, 40.7741361], [-73.9716615, 40.7741062], [-73.9716209, 40.7740953], [-73.9716121, 40.7740596], [-73.9715857, 40.7740139], [-73.9715619, 40.7739764], [-73.9715209, 40.7739432], [-73.9714781, 40.7739191], [-73.9714462, 40.7738991], [-73.9714235, 40.7738681]]}}, {"type": "Feature", "properties": {"wayId": 44225584, "name": "", "highway": "footway"}, "geometry": {"type": "LineString", "coordinates": [[-73.9726922, 40.7699502], [-73.9727613, 40.7699938], [-73.9728107, 40.7700324], [-73.9728684, 40.7700885], [-73.9729117, 40.7701505], [-73.9729436, 40.7702112], [-73.9729559, 40.7702693], [-73.9729632, 40.7702885], [-73.9729578, 40.7703984], [-73.9729215, 40.7705424], [-73.972894, 40.7705751], [-73.9728754, 40.7705943], [-73.9728491, 40.7706308], [-73.9728074, 40.7706741], [-73.9727821, 40.7707082], [-73.9727624, 40.7707498], [-73.9727481, 40.7707889], [-73.9727401, 40.7708327], [-73.9727459, 40.770897], [-73.9727559, 40.7709499], [-73.9726679, 40.770917], [-73.9725811, 40.7708845], [-73.9725262, 40.7708612], [-73.9724647, 40.7708429], [-73.9723922, 40.770828], [-73.9722978, 40.7708088], [-73.9722764, 40.7708035], [-73.9722062, 40.7707875], [-73.9721393, 40.7707722], [-73.9721133, 40.7707664], [-73.972008, 40.7707429], [-73.9719167, 40.7707248], [-73.9718376, 40.7706999], [-73.9717629, 40.7706691], [-73.9717231, 40.7706445], [-73.9716839, 40.7706225], [-73.9716199, 40.7705676], [-73.9715891, 40.770526]]}}, {"type": "Feature", "properties": {"wayId": 44225585, "name": "", "highway": "footway"}, "geometry": {"type": "LineString", "coordinates": [[-73.977309, 40.7718969], [-73.9772184, 40.7718657]]}}, {"type": "Feature", "properties": {"wayId": 44225587, "name": "Pinebank Arch", "highway": "footway"}, "geometry": {"type": "LineString", "coordinates": [[-73.9790379, 40.7691439], [-73.9788374, 40.7693063]]}}, {"type": "Feature", "properties": {"wayId": 44225588, "name": "", "highway": "footway"}, "geometry": {"type": "LineString", "coordinates": [[-73.9788374, 40.7693063], [-73.9788137, 40.7693311], [-73.978739, 40.7693234], [-73.9786931, 40.7693032], [-73.978647, 40.7692716], [-73.9786031, 40.7692292], [-73.9785789, 40.7692034], [-73.9785548, 40.7691726], [-73.9785265, 40.7691357], [-73.9784647, 40.7690395], [-73.9784222, 40.7689712], [-73.9784244, 40.7689256], [-73.9784247, 40.7688446], [-73.9784269, 40.7687443], [-73.9784266, 40.768645], [-73.9784239, 40.7685217]]}}, {"type": "Feature", "properties": {"wayId": 44225589, "name": "", "highway": "footway"}, "geometry": {"type": "LineString", "coordinates": [[-73.9722678, 40.7695816], [-73.9722865, 40.7696149], [-73.9723184, 40.7696961], [-73.9723714, 40.7697463], [-73.9724383, 40.7697763]]}}, {"type": "Feature", "properties": {"wayId": 44225590, "name": "", "highway": "footway"}, "geometry": {"type": "LineString", "coordinates": [[-73.9727769, 40.7698174], [-73.9727701, 40.7698105], [-73.9727527, 40.7697955], [-73.9727172, 40.7697704], [-73.9726789, 40.7697375], [-73.9726481, 40.7697226], [-73.9726152, 40.7697126], [-73.9725724, 40.7697134], [-73.9725273, 40.7697259], [-73.9724955, 40.7697359], [-73.9724755, 40.7697449], [-73.9724564, 40.7697591], [-73.9724383, 40.7697763], [-73.9724049, 40.7698286], [-73.9723878, 40.7698475], [-73.9723744, 40.7698663], [-73.9723661, 40.769894], [-73.9724168, 40.7699429], [-73.972441, 40.7699704], [-73.9724744, 40.7699928], [-73.9725054, 40.7700068]]}}, {"type": "Feature", "properties": {"wayId": 44225591, "name": "", "highway": "footway"}, "geometry": {"type": "LineString", "coordinates": [[-73.973128, 40.7696618], [-73.9731433, 40.7696438], [-73.9731338, 40.7696101], [-73.9731096, 40.7695702], [-73.9730668, 40.7695053], [-73.9730316, 40.7694513], [-73.9730064, 40.7694063], [-73.9729976, 40.7693764], [-73.9729899, 40.7693481], [-73.9729844, 40.7693165], [-73.9729811, 40.7692841], [-73.9729811, 40.7692625], [-73.9729866, 40.7692325], [-73.9730206, 40.7691327]]}}, {"type": "Feature", "properties": {"wayId": 44225592, "name": "", "highway": "footway"}, "geometry": {"type": "LineString", "coordinates": [[-73.9738838, 40.7694628], [-73.9739194, 40.7694055], [-73.9739681, 40.7693382]]}}, {"type": "Feature", "properties": {"wayId": 44225593, "name": "", "highway": "footway"}, "geometry": {"type": "LineString", "coordinates": [[-73.974045, 40.7692044], [-73.974016, 40.7691868], [-73.9738749, 40.7691161], [-73.9738522, 40.7691038], [-73.9736177, 40.7690214], [-73.973598, 40.7690137], [-73.9735128, 40.7689922], [-73.9734338, 40.7689689], [-73.973369, 40.7689423], [-73.9732967, 40.7689049], [-73.9732558, 40.7688808], [-73.973212, 40.7688605], [-73.9731513, 40.7688623], [-73.9730639, 40.7688626], [-73.9730125, 40.7688512], [-73.9729278, 40.7688495]]}}, {"type": "Feature", "properties": {"wayId": 44225598, "name": "", "highway": "footway"}, "geometry": {"type": "LineString", "coordinates": [[-73.9711687, 40.7740159], [-73.9710678, 40.7740787], [-73.9709457, 40.7740493], [-73.9708095, 40.7740181], [-73.9707702, 40.7739262]]}}, {"type": "Feature", "properties": {"wayId": 44225600, "name": "", "highway": "footway"}, "geometry": {"type": "LineString", "coordinates": [[-73.9775731, 40.770941], [-73.9775731, 40.7710268], [-73.9775626, 40.7710893], [-73.9775455, 40.7711296], [-73.9775069, 40.7711981], [-73.977461, 40.7712748], [-73.9774189, 40.7713565]]}}, {"type": "Feature", "properties": {"wayId": 44225604, "name": "", "highway": "steps"}, "geometry": {"type": "LineString", "coordinates": [[-73.9711687, 40.7740159], [-73.9712255, 40.773867]]}}, {"type": "Feature", "properties": {"wayId": 44225608, "name": "", "highway": "footway"}, "geometry": {"type": "LineString", "coordinates": [[-73.9715913, 40.7755216], [-73.9716339, 40.7755882]]}}, {"type": "Feature", "properties": {"wayId": 44225614, "name": "", "highway": "footway"}, "geometry": {"type": "LineString", "coordinates": [[-73.9697979, 40.7713612], [-73.9694353, 40.7712249], [-73.9691819, 40.77113], [-73.9691049, 40.7711094], [-73.9690316, 40.7711003], [-73.9688948, 40.7710937], [-73.9688641, 40.771088], [-73.9688359, 40.77108], [-73.9688104, 40.7710699], [-73.9687834, 40.7710565], [-73.9687132, 40.770988], [-73.9686925, 40.770904], [-73.9686728, 40.7708539], [-73.9686376, 40.7708061], [-73.9685854, 40.7707629], [-73.9684746, 40.7706972]]}}, {"type": "Feature", "properties": {"wayId": 44225615, "name": "Wallach Walk", "highway": "footway"}, "geometry": {"type": "LineString", "coordinates": [[-73.9708724, 40.7715637], [-73.9707648, 40.7716138], [-73.970703, 40.7716399], [-73.9706617, 40.7716529], [-73.9706388, 40.7716566], [-73.9706153, 40.7716565], [-73.9705896, 40.7716515], [-73.9705665, 40.7716448], [-73.9705415, 40.7716342], [-73.9704791, 40.7716034], [-73.9704389, 40.7715853], [-73.970385, 40.771569], [-73.9703437, 40.7715637], [-73.9702968, 40.7715631], [-73.9702498, 40.7715646], [-73.970196, 40.7715639], [-73.9701492, 40.771563], [-73.9701094, 40.771559], [-73.9700693, 40.771549], [-73.9700015, 40.7715229]]}}, {"type": "Feature", "properties": {"wayId": 44225616, "name": "", "highway": "footway"}, "geometry": {"type": "LineString", "coordinates": [[-73.9690476, 40.774121], [-73.9690119, 40.7741463], [-73.9689423, 40.7741936], [-73.9688654, 40.7742234], [-73.9687556, 40.7742408], [-73.9686467, 40.7742169], [-73.9686062, 40.7741514], [-73.9685376, 40.7740786]]}}, {"type": "Feature", "properties": {"wayId": 44225620, "name": "", "highway": "steps"}, "geometry": {"type": "LineString", "coordinates": [[-73.9707702, 40.7739262], [-73.9708249, 40.7737703]]}}, {"type": "Feature", "properties": {"wayId": 44225623, "name": "", "highway": "steps"}, "geometry": {"type": "LineString", "coordinates": [[-73.9691191, 40.7795558], [-73.969175, 40.7794796]]}}, {"type": "Feature", "properties": {"wayId": 44225624, "name": "", "highway": "footway"}, "geometry": {"type": "LineString", "coordinates": [[-73.9694607, 40.779981], [-73.9694468, 40.780027], [-73.9694398, 40.7800736], [-73.9694407, 40.780105], [-73.9694476, 40.7801365], [-73.9694772, 40.7801641], [-73.9694699, 40.7801792], [-73.9694634, 40.7801897], [-73.9693805, 40.7803236], [-73.9692836, 40.7804942], [-73.9692033, 40.7805819], [-73.9691436, 40.7806403], [-73.9690655, 40.7806743]]}}, {"type": "Feature", "properties": {"wayId": 44225625, "name": "", "highway": "footway"}, "geometry": {"type": "LineString", "coordinates": [[-73.9665161, 40.7826622], [-73.966608, 40.7826901], [-73.9666981, 40.7826901], [-73.9667656, 40.7826915], [-73.9668756, 40.7826987], [-73.9669822, 40.7827111], [-73.9670706, 40.7827306], [-73.9671572, 40.7827601], [-73.9672299, 40.7827737], [-73.967302, 40.7827903], [-73.9673475, 40.7828375], [-73.9675956, 40.7830459]]}}, {"type": "Feature", "properties": {"wayId": 44225626, "name": "", "highway": "footway"}, "geometry": {"type": "LineString", "coordinates": [[-73.9675956, 40.7830459], [-73.9676375, 40.7832695], [-73.9676547, 40.7833614], [-73.9676614, 40.7834425], [-73.9676596, 40.7835343], [-73.9676804, 40.7835698], [-73.9677189, 40.7836366], [-73.9677536, 40.7836616], [-73.9678056, 40.7837109]]}}, {"type": "Feature", "properties": {"wayId": 45593480, "name": "", "highway": "footway"}, "geometry": {"type": "LineString", "coordinates": [[-73.9553218, 40.7912748], [-73.9553554, 40.7912998], [-73.9553875, 40.79135], [-73.955402, 40.7914763], [-73.9554125, 40.7915416], [-73.9554252, 40.7915829], [-73.9554387, 40.791612], [-73.9554671, 40.7916457], [-73.9555269, 40.7916972]]}}, {"type": "Feature", "properties": {"wayId": 45593481, "name": "", "highway": "footway"}, "geometry": {"type": "LineString", "coordinates": [[-73.9546517, 40.7899767], [-73.9546498, 40.790086], [-73.954643, 40.7901766], [-73.9546447, 40.7902726], [-73.9546513, 40.7903678], [-73.954668, 40.7904914], [-73.9546885, 40.7906253], [-73.9547272, 40.7906897], [-73.9547892, 40.7907492], [-73.9548783, 40.7908099], [-73.9549707, 40.7908563], [-73.9551686, 40.790953], [-73.9552394, 40.7910006], [-73.95527, 40.7910429], [-73.9552854, 40.7910657], [-73.9553029, 40.7910826], [-73.9553538, 40.7910984], [-73.9554042, 40.7911047], [-73.9554312, 40.7911028], [-73.9554876, 40.7910855], [-73.9555425, 40.7910604], [-73.9556009, 40.7910276], [-73.9556558, 40.7909807], [-73.9556877, 40.790946], [-73.955714, 40.7909101], [-73.9557475, 40.7908551], [-73.9557934, 40.7907675], [-73.9558212, 40.7907254], [-73.9558584, 40.7906813], [-73.9559021, 40.7906342], [-73.9559431, 40.7905964], [-73.9559792, 40.7905712], [-73.9560283, 40.7905374], [-73.9560779, 40.7905137], [-73.9561437, 40.7904926], [-73.9562188, 40.7904737], [-73.9563553, 40.7904379], [-73.9564535, 40.7904084], [-73.9565012, 40.7903874], [-73.956539, 40.7903664], [-73.956575, 40.7903371], [-73.9565975, 40.7903117], [-73.9566472, 40.7902418], [-73.9567219, 40.7901467], [-73.9567298, 40.7900996], [-73.9567403, 40.7900341], [-73.9567497, 40.7899289], [-73.9567524, 40.7898843], [-73.9567455, 40.7898119], [-73.9567352, 40.7897566], [-73.9567212, 40.7897096], [-73.9566844, 40.7896165], [-73.9566272, 40.7895305], [-73.9565904, 40.7894502], [-73.9564589, 40.7893671], [-73.9563163, 40.7892991], [-73.9561899, 40.7892476], [-73.956041, 40.7891999], [-73.9559047, 40.7891684], [-73.9557691, 40.7891445], [-73.9556802, 40.7891664], [-73.9556007, 40.7891876], [-73.9555284, 40.7892178], [-73.9554404, 40.7892557], [-73.9553542, 40.7893059], [-73.955235, 40.7893761], [-73.9551605, 40.7894165], [-73.955106, 40.7894591], [-73.9550307, 40.7895133], [-73.9549314, 40.7895929], [-73.9548844, 40.7896498], [-73.9548268, 40.7897155], [-73.9547573, 40.7897971], [-73.9547192, 40.7898624], [-73.9546779, 40.7899269], [-73.9546517, 40.7899767]]}}, {"type": "Feature", "properties": {"wayId": 45782052, "name": "Ramble Rustic Bridge", "highway": "footway"}, "geometry": {"type": "LineString", "coordinates": [[-73.9707887, 40.7776128], [-73.9707371, 40.7777174]]}}, {"type": "Feature", "properties": {"wayId": 45782065, "name": "", "highway": "footway"}, "geometry": {"type": "LineString", "coordinates": [[-73.975367, 40.7696909], [-73.9754128, 40.7696256], [-73.9754622, 40.7695632], [-73.9755226, 40.7694707], [-73.9755666, 40.7694035], [-73.9756006, 40.7693403], [-73.975659, 40.7692527], [-73.9756929, 40.7692097], [-73.9757407, 40.769166], [-73.9757906, 40.7691349], [-73.9758531, 40.7691088], [-73.9759301, 40.7690775], [-73.9760048, 40.7690519], [-73.9760685, 40.7690168], [-73.9761124, 40.7689785], [-73.9761585, 40.7689278], [-73.9762244, 40.7688812], [-73.9762829, 40.7688499], [-73.976343, 40.7688097], [-73.9763678, 40.7687661], [-73.9763829, 40.768715], [-73.9763903, 40.7686841], [-73.9764122, 40.7686408], [-73.9764477, 40.7685991], [-73.9765536, 40.7685269], [-73.9767455, 40.7683828], [-73.9768975, 40.7682618], [-73.977053, 40.7681524], [-73.9771791, 40.768095], [-73.9772918, 40.768063], [-73.9774708, 40.7680198], [-73.9775458, 40.7680018], [-73.9777447, 40.7678931], [-73.9778244, 40.7678359], [-73.977882, 40.7677833], [-73.9779443, 40.7677184], [-73.9779918, 40.7676502], [-73.9780798, 40.7675203]]}}, {"type": "Feature", "properties": {"wayId": 45782066, "name": "", "highway": "footway"}, "geometry": {"type": "LineString", "coordinates": [[-73.9747163, 40.7694951], [-73.9745946, 40.7694214], [-73.9745254, 40.7693956], [-73.974454, 40.7693699], [-73.9743442, 40.7693466], [-73.9742223, 40.7693133], [-73.9741927, 40.7693008], [-73.9741707, 40.7692725], [-73.9741213, 40.7692451], [-73.974045, 40.7692044]]}}, {"type": "Feature", "properties": {"wayId": 45782067, "name": "Playmates Arch", "highway": "footway"}, "geometry": {"type": "LineString", "coordinates": [[-73.9747163, 40.7694951], [-73.9749092, 40.7696299]]}}, {"type": "Feature", "properties": {"wayId": 45782068, "name": "", "highway": "footway"}, "geometry": {"type": "LineString", "coordinates": [[-73.9739681, 40.7693382], [-73.9740054, 40.7692958], [-73.9740287, 40.7692674], [-73.9740411, 40.7692443], [-73.974045, 40.7692044], [-73.9740626, 40.7691636], [-73.9741015, 40.7691153], [-73.9741553, 40.7690746], [-73.9741905, 40.7690588], [-73.9742223, 40.7690396], [-73.974272, 40.7689934], [-73.9743791, 40.7689013], [-73.9744567, 40.7688505], [-73.9745353, 40.7687951], [-73.974554, 40.7687693], [-73.9745617, 40.7687294], [-73.9745558, 40.7686678], [-73.9745309, 40.7685938], [-73.9745158, 40.7685105]]}}, {"type": "Feature", "properties": {"wayId": 45782073, "name": "", "highway": "footway"}, "geometry": {"type": "LineString", "coordinates": [[-73.959616, 40.7947713], [-73.9596034, 40.794753], [-73.9595971, 40.7947322], [-73.959598, 40.7947173], [-73.9596012, 40.7946976], [-73.9596152, 40.7946717], [-73.9596332, 40.7946448], [-73.9596524, 40.794621], [-73.9596799, 40.7945984], [-73.95976, 40.7945378]]}}, {"type": "Feature", "properties": {"wayId": 46613674, "name": "East 102nd Street", "highway": "path"}, "geometry": {"type": "LineString", "coordinates": [[-73.9529787, 40.7917204], [-73.9530847, 40.7917683], [-73.9531128, 40.7917798], [-73.9534466, 40.7919162], [-73.953495, 40.7919373], [-73.9535389, 40.7919592], [-73.9535763, 40.7919796], [-73.953624, 40.7920132], [-73.9537229, 40.7921149], [-73.9537488, 40.7921416], [-73.9538867, 40.7922801], [-73.9539735, 40.7923573], [-73.9540247, 40.7923926], [-73.9540865, 40.7924297], [-73.954135, 40.7924537], [-73.9541861, 40.7924755], [-73.9542346, 40.792493], [-73.9542743, 40.7925069], [-73.954316, 40.7925175], [-73.9543547, 40.7925254], [-73.9543943, 40.7925307], [-73.9546207, 40.7925541], [-73.9546975, 40.7925677], [-73.9547735, 40.7925828], [-73.9548334, 40.7925977], [-73.9548652, 40.7926095], [-73.9549495, 40.792716]]}}, {"type": "Feature", "properties": {"wayId": 46613687, "name": "West Drive", "highway": "pedestrian"}, "geometry": {"type": "LineString", "coordinates": [[-73.9678511, 40.7837431], [-73.9679531, 40.7836495], [-73.9680462, 40.7835728], [-73.9681515, 40.7834915], [-73.9682299, 40.7834341], [-73.9683376, 40.7833614], [-73.9684341, 40.7832997], [-73.9685279, 40.7832471], [-73.968649, 40.7831867], [-73.9688362, 40.7830935], [-73.9688981, 40.7830599], [-73.9689654, 40.7830195], [-73.969039, 40.7829668]]}}, {"type": "Feature", "properties": {"wayId": 46613691, "name": "East Drive", "highway": "pedestrian"}, "geometry": {"type": "LineString", "coordinates": [[-73.9664994, 40.7780983], [-73.9663191, 40.7783673], [-73.9662648, 40.7784376], [-73.9662093, 40.7785032], [-73.9661446, 40.7785759], [-73.9660744, 40.7786453], [-73.9659877, 40.7787208], [-73.9659058, 40.7787874], [-73.9658062, 40.7788642], [-73.9655689, 40.7790384], [-73.9654971, 40.7790954], [-73.9654294, 40.7791499], [-73.9653637, 40.7792092], [-73.9653, 40.77927], [-73.9652254, 40.7793471], [-73.9651502, 40.7794248], [-73.965085, 40.7794998], [-73.9650206, 40.7795791], [-73.9649641, 40.7796525], [-73.9649025, 40.779742], [-73.9648506, 40.7798265], [-73.9647926, 40.7799251], [-73.9647401, 40.7800215], [-73.964606, 40.7802974], [-73.9645614, 40.780375], [-73.9645074, 40.780462], [-73.9644743, 40.7805092], [-73.9644502, 40.7805435], [-73.964383, 40.7806347], [-73.9643212, 40.7807187], [-73.9642538, 40.780809], [-73.9641689, 40.7809107], [-73.9641025, 40.7809852], [-73.9640355, 40.7810518], [-73.9639664, 40.7811127], [-73.9638869, 40.7811754], [-73.9638119, 40.7812284]]}}, {"type": "Feature", "properties": {"wayId": 46613692, "name": "East Drive", "highway": "pedestrian"}, "geometry": {"type": "LineString", "coordinates": [[-73.9627223, 40.7815989], [-73.9626434, 40.7816142], [-73.9625606, 40.781624], [-73.9624733, 40.7816261], [-73.9623809, 40.7816198], [-73.9622476, 40.7816043], [-73.96176, 40.7815304], [-73.9616636, 40.7815201], [-73.9615569, 40.7815099], [-73.9614631, 40.7815071], [-73.9613803, 40.7815097], [-73.9612878, 40.7815166], [-73.9612014, 40.7815288], [-73.9611312, 40.781546], [-73.9610474, 40.7815712], [-73.9609629, 40.7816021], [-73.9608873, 40.781636], [-73.9608072, 40.7816787], [-73.9607495, 40.7817209], [-73.9606924, 40.781766], [-73.9606491, 40.7818084], [-73.9606117, 40.7818529], [-73.96057, 40.7819025], [-73.9590659, 40.7839495]]}}, {"type": "Feature", "properties": {"wayId": 46613712, "name": "Center Drive", "highway": "pedestrian"}, "geometry": {"type": "LineString", "coordinates": [[-73.9744923, 40.7697952], [-73.9744413, 40.7698181], [-73.9743877, 40.7698407], [-73.9743306, 40.7698612], [-73.9742628, 40.7698827], [-73.9742006, 40.7698976], [-73.9741396, 40.7699095], [-73.9740871, 40.7699174], [-73.9740122, 40.7699251], [-73.9739381, 40.7699297], [-73.9738644, 40.7699303], [-73.9737828, 40.769927], [-73.9737062, 40.7699196], [-73.9736252, 40.7699097], [-73.9735526, 40.7698949], [-73.9734788, 40.7698743], [-73.9734047, 40.7698494], [-73.973334, 40.7698212], [-73.9732869, 40.7698006], [-73.9730939, 40.7697017], [-73.9729692, 40.7696393], [-73.9729167, 40.7696171], [-73.9728631, 40.7695981], [-73.9727976, 40.7695777], [-73.97273, 40.769561], [-73.972664, 40.7695456], [-73.9726031, 40.7695356]]}}, {"type": "Feature", "properties": {"wayId": 46613713, "name": "Center Drive", "highway": "pedestrian"}, "geometry": {"type": "LineString", "coordinates": [[-73.9755808, 40.7686366], [-73.9753554, 40.7689885], [-73.9753046, 40.7690618], [-73.9752508, 40.7691331], [-73.9751936, 40.7692022], [-73.9751248, 40.7692826], [-73.9750353, 40.7693771], [-73.9749436, 40.7694623], [-73.9748369, 40.7695504], [-73.9747378, 40.769629], [-73.9746726, 40.769678], [-73.9746052, 40.7697266]]}}, {"type": "Feature", "properties": {"wayId": 46613714, "name": "", "highway": "footway"}, "geometry": {"type": "LineString", "coordinates": [[-73.9746847, 40.7697807], [-73.9745932, 40.7698488]]}}, {"type": "Feature", "properties": {"wayId": 46792662, "name": "", "highway": "footway"}, "geometry": {"type": "LineString", "coordinates": [[-73.9565904, 40.7894502], [-73.9568137, 40.7895133], [-73.9569771, 40.7895701]]}}, {"type": "Feature", "properties": {"wayId": 46792664, "name": "", "highway": "footway"}, "geometry": {"type": "LineString", "coordinates": [[-73.9571182, 40.7896315], [-73.9569771, 40.7895701]]}}, {"type": "Feature", "properties": {"wayId": 46792666, "name": "", "highway": "footway"}, "geometry": {"type": "LineString", "coordinates": [[-73.9571638, 40.7896546], [-73.9572465, 40.789693], [-73.9572966, 40.7897117]]}}, {"type": "Feature", "properties": {"wayId": 46792667, "name": "", "highway": "steps"}, "geometry": {"type": "LineString", "coordinates": [[-73.9571638, 40.7896546], [-73.9571182, 40.7896315]]}}, {"type": "Feature", "properties": {"wayId": 46792669, "name": "", "highway": "footway"}, "geometry": {"type": "LineString", "coordinates": [[-73.9572465, 40.789693], [-73.9572813, 40.7896083], [-73.9572932, 40.7895687]]}}, {"type": "Feature", "properties": {"wayId": 46792676, "name": "", "highway": "footway"}, "geometry": {"type": "LineString", "coordinates": [[-73.9568686, 40.788904], [-73.9568367, 40.7888654], [-73.9567975, 40.7888129], [-73.9567513, 40.7887521], [-73.9567018, 40.7886813], [-73.9566785, 40.7886161], [-73.956656, 40.7885524], [-73.956641, 40.7884716], [-73.9566375, 40.7884255], [-73.9566388, 40.7883896], [-73.956645, 40.7883459], [-73.9566495, 40.7883154], [-73.9566817, 40.788131], [-73.9567516, 40.7880145], [-73.9568087, 40.787911], [-73.9568489, 40.7877943], [-73.9568668, 40.7877193], [-73.956887, 40.7876141], [-73.9568906, 40.7875228], [-73.9568891, 40.7874726], [-73.9568827, 40.7874298], [-73.9568736, 40.7873875], [-73.9568419, 40.7872396], [-73.9568214, 40.7871331], [-73.9568413, 40.7870309], [-73.9568502, 40.7869933], [-73.9568683, 40.7869458], [-73.9568865, 40.7869029], [-73.9569449, 40.7867919], [-73.9570693, 40.7865783], [-73.9571899, 40.7863858], [-73.9572938, 40.7862425], [-73.9574219, 40.7860669], [-73.9581112, 40.7851293], [-73.9581477, 40.7850759], [-73.9581678, 40.7850484], [-73.9582042, 40.7849993], [-73.9582436, 40.7849448], [-73.9582882, 40.7848839], [-73.9583353, 40.7848228], [-73.9584951, 40.784599], [-73.9585383, 40.7845361], [-73.9585931, 40.7844604], [-73.9586326, 40.784406], [-73.9586743, 40.7843469], [-73.9587244, 40.7842788]]}}, {"type": "Feature", "properties": {"wayId": 46859355, "name": "", "highway": "footway"}, "geometry": {"type": "LineString", "coordinates": [[-73.9546885, 40.7906253], [-73.9546169, 40.7906598]]}}, {"type": "Feature", "properties": {"wayId": 46859356, "name": "", "highway": "steps"}, "geometry": {"type": "LineString", "coordinates": [[-73.95438, 40.7908352], [-73.9544119, 40.7908852]]}}, {"type": "Feature", "properties": {"wayId": 46859360, "name": "", "highway": "footway"}, "geometry": {"type": "LineString", "coordinates": [[-73.9543558, 40.7907927], [-73.95438, 40.7908352]]}}, {"type": "Feature", "properties": {"wayId": 46859364, "name": "", "highway": "footway"}, "geometry": {"type": "LineString", "coordinates": [[-73.954401, 40.7910512], [-73.9542711, 40.7910917], [-73.9541853, 40.7911298], [-73.9540857, 40.7911863], [-73.9540734, 40.7912184], [-73.9540725, 40.7912591], [-73.9540914, 40.7912991], [-73.9541149, 40.7913291], [-73.95413, 40.7913412], [-73.9541621, 40.7913648], [-73.9541951, 40.7913991], [-73.9542347, 40.7914455], [-73.9542602, 40.791499], [-73.9542696, 40.7915348], [-73.9542728, 40.7915587], [-73.9542818, 40.7915755], [-73.9543102, 40.791584], [-73.9543705, 40.7916066], [-73.9544409, 40.7916245], [-73.9545026, 40.7916297], [-73.9545408, 40.791629], [-73.9545922, 40.791619], [-73.9546318, 40.7916039], [-73.9546815, 40.7915773], [-73.9547463, 40.7915354], [-73.9547879, 40.7915118], [-73.9548327, 40.7914929], [-73.9548833, 40.7914749], [-73.9549652, 40.7914537], [-73.955045, 40.7914368], [-73.955105, 40.7914237], [-73.9551713, 40.7913941], [-73.9552194, 40.7913655], [-73.9552666, 40.7913198], [-73.9552938, 40.7912943]]}}, {"type": "Feature", "properties": {"wayId": 46859365, "name": "", "highway": "footway"}, "geometry": {"type": "LineString", "coordinates": [[-73.9546169, 40.7906598], [-73.95453, 40.790693], [-73.9544692, 40.7907222], [-73.9544398, 40.7907405]]}}, {"type": "Feature", "properties": {"wayId": 46896469, "name": "", "highway": "steps"}, "geometry": {"type": "LineString", "coordinates": [[-73.95411, 40.7916425], [-73.954047, 40.7916838]]}}, {"type": "Feature", "properties": {"wayId": 46896470, "name": "", "highway": "footway"}, "geometry": {"type": "LineString", "coordinates": [[-73.9536708, 40.7921427], [-73.9537229, 40.7921149], [-73.9537773, 40.7920791]]}}, {"type": "Feature", "properties": {"wayId": 46896471, "name": "", "highway": "footway"}, "geometry": {"type": "LineString", "coordinates": [[-73.9542818, 40.7915755], [-73.9542515, 40.7915906], [-73.9542242, 40.7916011], [-73.954189, 40.7916093], [-73.9541608, 40.79162], [-73.95411, 40.7916425]]}}, {"type": "Feature", "properties": {"wayId": 46896472, "name": "", "highway": "footway"}, "geometry": {"type": "LineString", "coordinates": [[-73.954047, 40.7916838], [-73.9540323, 40.7916962], [-73.9540189, 40.7917135], [-73.9539993, 40.791752], [-73.953986, 40.7917887], [-73.9539695, 40.7918488], [-73.9539469, 40.7919102], [-73.9539219, 40.7919544], [-73.953894, 40.7919916], [-73.9538756, 40.7920081], [-73.9538263, 40.7920439]]}}, {"type": "Feature", "properties": {"wayId": 46896473, "name": "", "highway": "steps"}, "geometry": {"type": "LineString", "coordinates": [[-73.9533246, 40.7925364], [-73.9532728, 40.7925699]]}}, {"type": "Feature", "properties": {"wayId": 46896474, "name": "", "highway": "steps"}, "geometry": {"type": "LineString", "coordinates": [[-73.9536708, 40.7921427], [-73.9536225, 40.7921761]]}}, {"type": "Feature", "properties": {"wayId": 46896479, "name": "", "highway": "footway"}, "geometry": {"type": "LineString", "coordinates": [[-73.9530635, 40.793321], [-73.9529753, 40.7932839], [-73.9529079, 40.7932555], [-73.9528354, 40.7932249]]}}, {"type": "Feature", "properties": {"wayId": 46896481, "name": "", "highway": "steps"}, "geometry": {"type": "LineString", "coordinates": [[-73.9524323, 40.7934352], [-73.9524774, 40.7933739]]}}, {"type": "Feature", "properties": {"wayId": 46896486, "name": "", "highway": "footway"}, "geometry": {"type": "LineString", "coordinates": [[-73.9529238, 40.7932339], [-73.9529344, 40.7932166], [-73.952943, 40.7931938], [-73.9529478, 40.7931673], [-73.9529471, 40.7931383], [-73.952939, 40.7931082], [-73.9529267, 40.7930875], [-73.9529214, 40.7930785], [-73.9528927, 40.7930509], [-73.952857, 40.7930307], [-73.952824, 40.793019], [-73.9527809, 40.7930111], [-73.9527536, 40.7930108], [-73.9527369, 40.7930106], [-73.9526994, 40.793014], [-73.9526647, 40.7930242], [-73.9526369, 40.793039], [-73.9526152, 40.7930562], [-73.9525981, 40.793074], [-73.9525841, 40.793091], [-73.9525683, 40.7931124], [-73.952474, 40.7932407], [-73.9525483, 40.793272], [-73.9528136, 40.7933838], [-73.9529079, 40.7932555], [-73.9529238, 40.7932339]]}}, {"type": "Feature", "properties": {"wayId": 46896487, "name": "", "highway": "steps"}, "geometry": {"type": "LineString", "coordinates": [[-73.9571777, 40.789797], [-73.9571247, 40.7898534]]}}, {"type": "Feature", "properties": {"wayId": 46896488, "name": "", "highway": "footway"}, "geometry": {"type": "LineString", "coordinates": [[-73.9570787, 40.7899047], [-73.9571247, 40.7898534]]}}, {"type": "Feature", "properties": {"wayId": 47091876, "name": "", "highway": "footway"}, "geometry": {"type": "LineString", "coordinates": [[-73.9535807, 40.7921991], [-73.9535262, 40.7922331], [-73.9534832, 40.7922584], [-73.9534429, 40.7923041], [-73.9534202, 40.7923401], [-73.9534008, 40.7923731], [-73.9533944, 40.7924231], [-73.9533911, 40.7924515], [-73.9533745, 40.7924811], [-73.9533527, 40.7925072], [-73.9533246, 40.7925364]]}}, {"type": "Feature", "properties": {"wayId": 47091877, "name": "", "highway": "footway"}, "geometry": {"type": "LineString", "coordinates": [[-73.9542101, 40.793563], [-73.9541136, 40.7935576], [-73.9540859, 40.7935582], [-73.954063, 40.79356], [-73.95404, 40.7935654], [-73.9540202, 40.7935702], [-73.9539862, 40.7935822], [-73.9539284, 40.7936025], [-73.9538762, 40.7936235], [-73.9538611, 40.7936271], [-73.9538453, 40.7936283], [-73.953831, 40.7936289], [-73.9538136, 40.7936259], [-73.9537986, 40.7936211], [-73.9537899, 40.7936169], [-73.9537796, 40.7936067], [-73.9537669, 40.7935894], [-73.9537519, 40.7935648], [-73.9536678, 40.7933618], [-73.9536601, 40.7933353], [-73.9536595, 40.7933055], [-73.9536738, 40.7932608], [-73.9537034, 40.7932113], [-73.9537306, 40.7931719], [-73.9537394, 40.7931566], [-73.9537446, 40.7931439], [-73.9537446, 40.7931263], [-73.953742, 40.7931001], [-73.9537357, 40.7930671], [-73.9537231, 40.7930435], [-73.9536992, 40.7930184], [-73.9536682, 40.7929846], [-73.9536392, 40.7929523], [-73.9536238, 40.7929255], [-73.9536139, 40.7929051], [-73.9536074, 40.7928785], [-73.9536023, 40.7928591], [-73.953599, 40.7928357], [-73.9535139, 40.7928015], [-73.9534396, 40.7927583], [-73.9533523, 40.7926947], [-73.9533201, 40.792668], [-73.9532825, 40.7926403], [-73.9532456, 40.7926171], [-73.9532236, 40.7925982]]}}, {"type": "Feature", "properties": {"wayId": 47091878, "name": "", "highway": "footway"}, "geometry": {"type": "LineString", "coordinates": [[-73.9532728, 40.7925699], [-73.9532236, 40.7925982], [-73.9531555, 40.7926013], [-73.9530567, 40.7926089], [-73.9529613, 40.7926267], [-73.9528743, 40.7926533], [-73.9528207, 40.7926812], [-73.9527807, 40.7927428]]}}, {"type": "Feature", "properties": {"wayId": 47091879, "name": "", "highway": "footway"}, "geometry": {"type": "LineString", "coordinates": [[-73.9526409, 40.793143], [-73.9525683, 40.7931124], [-73.9525009, 40.7930841], [-73.9524128, 40.7930469]]}}, {"type": "Feature", "properties": {"wayId": 47091881, "name": "", "highway": "footway"}, "geometry": {"type": "LineString", "coordinates": [[-73.952587, 40.7932164], [-73.9525483, 40.793272], [-73.9525123, 40.7933237], [-73.9524774, 40.7933739]]}}, {"type": "Feature", "properties": {"wayId": 47091883, "name": "", "highway": "footway"}, "geometry": {"type": "LineString", "coordinates": [[-73.9521498, 40.7934293], [-73.952938, 40.7937582]]}}, {"type": "Feature", "properties": {"wayId": 47091884, "name": "", "highway": "footway"}, "geometry": {"type": "LineString", "coordinates": [[-73.9529982, 40.7936756], [-73.952938, 40.7937582], [-73.9528627, 40.7938603]]}}, {"type": "Feature", "properties": {"wayId": 47091885, "name": "", "highway": "steps"}, "geometry": {"type": "LineString", "coordinates": [[-73.9528082, 40.7941094], [-73.9527109, 40.7940685]]}}, {"type": "Feature", "properties": {"wayId": 47091886, "name": "", "highway": "steps"}, "geometry": {"type": "LineString", "coordinates": [[-73.9530435, 40.7938038], [-73.952938, 40.7937582]]}}, {"type": "Feature", "properties": {"wayId": 47091887, "name": "", "highway": "footway"}, "geometry": {"type": "LineString", "coordinates": [[-73.9528082, 40.7941094], [-73.9528368, 40.7941151], [-73.9528661, 40.7941182], [-73.9528957, 40.7941185], [-73.9529251, 40.794116], [-73.9529539, 40.7941107], [-73.9529816, 40.7941028], [-73.9530078, 40.7940924], [-73.9530321, 40.7940796], [-73.9530541, 40.7940646], [-73.9530735, 40.7940477], [-73.9530899, 40.794029], [-73.9531032, 40.794009], [-73.9531132, 40.7939879], [-73.9531195, 40.793966], [-73.9531223, 40.7939437], [-73.9531214, 40.7939213], [-73.9531168, 40.7938992], [-73.9531087, 40.7938776], [-73.9530971, 40.793857], [-73.9530822, 40.7938376], [-73.9530642, 40.7938198], [-73.9530435, 40.7938038]]}}, {"type": "Feature", "properties": {"wayId": 47091888, "name": "", "highway": "footway"}, "geometry": {"type": "LineString", "coordinates": [[-73.9527109, 40.7940685], [-73.9526604, 40.7941413], [-73.9525822, 40.7942386]]}}, {"type": "Feature", "properties": {"wayId": 47091890, "name": "", "highway": "footway"}, "geometry": {"type": "LineString", "coordinates": [[-73.9519574, 40.79458], [-73.9517545, 40.7945356], [-73.9516944, 40.7945225], [-73.9516635, 40.7945145], [-73.9516052, 40.7944995], [-73.9514333, 40.7944494], [-73.9514092, 40.7944324], [-73.9512943, 40.7943551]]}}, {"type": "Feature", "properties": {"wayId": 47091891, "name": "", "highway": "footway"}, "geometry": {"type": "LineString", "coordinates": [[-73.9516944, 40.7945225], [-73.9516812, 40.794574], [-73.9516787, 40.7945863]]}}, {"type": "Feature", "properties": {"wayId": 47091892, "name": "", "highway": "steps"}, "geometry": {"type": "LineString", "coordinates": [[-73.9516787, 40.7945863], [-73.9516692, 40.7946144], [-73.9516687, 40.7946355], [-73.9516703, 40.7946488]]}}, {"type": "Feature", "properties": {"wayId": 47091893, "name": "", "highway": "steps"}, "geometry": {"type": "LineString", "coordinates": [[-73.9522906, 40.7953115], [-73.9522678, 40.7953066], [-73.9522479, 40.7953026]]}}, {"type": "Feature", "properties": {"wayId": 47091894, "name": "Fort Clinton", "highway": "pedestrian"}, "geometry": {"type": "LineString", "coordinates": [[-73.9522495, 40.795293], [-73.9522278, 40.79529], [-73.9522269, 40.795285], [-73.9522207, 40.7952798], [-73.9522115, 40.7952704], [-73.9522028, 40.7952617], [-73.9521924, 40.7952561], [-73.9521734, 40.7952494], [-73.9521556, 40.7952428], [-73.9521595, 40.7952235], [-73.9521389, 40.7952218], [-73.9521273, 40.7952221], [-73.9521166, 40.795223], [-73.9521106, 40.7952245], [-73.952104, 40.7952267], [-73.9520943, 40.7952295], [-73.9520881, 40.795233], [-73.9520812, 40.795238], [-73.9520727, 40.7952434], [-73.9520659, 40.7952497], [-73.9520618, 40.7952549], [-73.9520564, 40.7952619], [-73.9520536, 40.7952685], [-73.9520519, 40.7952752], [-73.9520506, 40.7952847], [-73.9520509, 40.7952913], [-73.9520541, 40.7953015], [-73.9520603, 40.7953147], [-73.9520648, 40.7953212], [-73.952071, 40.7953269], [-73.9520802, 40.7953339], [-73.9520939, 40.7953417], [-73.9521202, 40.795349], [-73.9521291, 40.7953492], [-73.9521348, 40.7953299], [-73.9521492, 40.7953313], [-73.9521569, 40.7953307], [-73.9521672, 40.7953292], [-73.9521811, 40.7953273], [-73.9521895, 40.7953249], [-73.9522023, 40.7953191], [-73.9522179, 40.7953123], [-73.952223, 40.7953077], [-73.9522456, 40.7953094], [-73.9522479, 40.7953026], [-73.9522495, 40.795293]]}}, {"type": "Feature", "properties": {"wayId": 47091895, "name": "", "highway": "footway"}, "geometry": {"type": "LineString", "coordinates": [[-73.9524816, 40.7954462], [-73.9525241, 40.7955286], [-73.9525536, 40.7956011], [-73.952558, 40.7956191], [-73.9525597, 40.7956461]]}}, {"type": "Feature", "properties": {"wayId": 47091896, "name": "", "highway": "steps"}, "geometry": {"type": "LineString", "coordinates": [[-73.9525597, 40.7956461], [-73.9525615, 40.7956721], [-73.9525598, 40.7957033], [-73.9525536, 40.7957315]]}}, {"type": "Feature", "properties": {"wayId": 47091897, "name": "", "highway": "footway"}, "geometry": {"type": "LineString", "coordinates": [[-73.952339, 40.7960279], [-73.9523422, 40.7960665], [-73.95235, 40.7961033], [-73.9523678, 40.7961378], [-73.9523947, 40.7961887]]}}, {"type": "Feature", "properties": {"wayId": 47091898, "name": "", "highway": "footway"}, "geometry": {"type": "LineString", "coordinates": [[-73.9524708, 40.7958571], [-73.9524243, 40.7958341], [-73.9523822, 40.7958084], [-73.9523433, 40.7957779], [-73.9523134, 40.7957586], [-73.9522832, 40.7957437], [-73.9522492, 40.7957296]]}}, {"type": "Feature", "properties": {"wayId": 47091899, "name": "", "highway": "steps"}, "geometry": {"type": "LineString", "coordinates": [[-73.9522492, 40.7957296], [-73.9521712, 40.795713], [-73.9520823, 40.7956995]]}}, {"type": "Feature", "properties": {"wayId": 47091900, "name": "", "highway": "footway"}, "geometry": {"type": "LineString", "coordinates": [[-73.9520823, 40.7956995], [-73.9520605, 40.7956962], [-73.952026, 40.7956946], [-73.9519926, 40.7956918], [-73.9519872, 40.7956727], [-73.9519756, 40.7956566], [-73.9519504, 40.7956395], [-73.9518929, 40.7956168], [-73.9518403, 40.7956161], [-73.9517946, 40.795612], [-73.9517441, 40.7956004], [-73.9517113, 40.7955853], [-73.9516694, 40.7955565], [-73.9516368, 40.7955284], [-73.9516058, 40.7954882], [-73.9515876, 40.7954583], [-73.9515733, 40.7954154], [-73.9515617, 40.7953756], [-73.9515563, 40.7953319], [-73.9515614, 40.7952784], [-73.9515735, 40.7952211], [-73.951595, 40.7951629], [-73.9516119, 40.7951274], [-73.9516358, 40.795081], [-73.951662, 40.7950399], [-73.9517032, 40.7949879], [-73.9517514, 40.7949534], [-73.9518012, 40.7949235], [-73.9518619, 40.794886], [-73.9519729, 40.7948293], [-73.9521057, 40.7947617], [-73.9521889, 40.7947223], [-73.9522793, 40.7946861]]}}, {"type": "Feature", "properties": {"wayId": 47091901, "name": "", "highway": "footway"}, "geometry": {"type": "LineString", "coordinates": [[-73.9523822, 40.7958084], [-73.9523363, 40.7958193], [-73.9522713, 40.7958412], [-73.9522249, 40.7958602], [-73.9521822, 40.795879], [-73.9521358, 40.7959062], [-73.9521191, 40.7959239], [-73.9521053, 40.7959454], [-73.95208, 40.7959841]]}}, {"type": "Feature", "properties": {"wayId": 47091902, "name": "", "highway": "steps"}, "geometry": {"type": "LineString", "coordinates": [[-73.95208, 40.7959841], [-73.9520322, 40.7960717]]}}, {"type": "Feature", "properties": {"wayId": 47091904, "name": "", "highway": "footway"}, "geometry": {"type": "LineString", "coordinates": [[-73.9526502, 40.7962435], [-73.9526724, 40.7962609], [-73.952691, 40.7962776], [-73.9527193, 40.7963061], [-73.9527324, 40.796327], [-73.9527401, 40.7963483], [-73.9527451, 40.7963688], [-73.9527449, 40.796396], [-73.9527422, 40.7964261], [-73.9527305, 40.7964579], [-73.9527172, 40.7964854], [-73.9526961, 40.7965248], [-73.9526752, 40.7965533], [-73.9526686, 40.7965687], [-73.9526653, 40.7965887], [-73.9526731, 40.7966022], [-73.9526882, 40.7966261], [-73.9527088, 40.7966519], [-73.9527245, 40.796667], [-73.95274, 40.7966803], [-73.9527613, 40.7966957], [-73.9527827, 40.7967076], [-73.9528029, 40.7967164], [-73.9528262, 40.7967215], [-73.952849, 40.7967236], [-73.9528731, 40.7967229], [-73.9528995, 40.7967191], [-73.9529668, 40.7966975], [-73.9530074, 40.7966809], [-73.953034, 40.7966664], [-73.9530518, 40.7966567], [-73.9530817, 40.7966374], [-73.9531204, 40.7965999], [-73.9531437, 40.7965591], [-73.9531588, 40.7965209]]}}, {"type": "Feature", "properties": {"wayId": 47091905, "name": "", "highway": "steps"}, "geometry": {"type": "LineString", "coordinates": [[-73.9531655, 40.7964993], [-73.9531588, 40.7965209]]}}, {"type": "Feature", "properties": {"wayId": 47091906, "name": "", "highway": "footway"}, "geometry": {"type": "LineString", "coordinates": [[-73.9531322, 40.7964155], [-73.953094, 40.7964339], [-73.9530437, 40.796451], [-73.9530122, 40.7964619], [-73.9529755, 40.7964747], [-73.9529377, 40.7964932], [-73.9529084, 40.7965096], [-73.9528944, 40.7965191]]}}, {"type": "Feature", "properties": {"wayId": 47091907, "name": "", "highway": "footway"}, "geometry": {"type": "LineString", "coordinates": [[-73.9527712, 40.7962434], [-73.9527114, 40.796241], [-73.9526502, 40.7962435], [-73.9525853, 40.796238], [-73.9525214, 40.796225], [-73.9524197, 40.7961939], [-73.9523947, 40.7961887], [-73.9523567, 40.7961835], [-73.9522798, 40.796187], [-73.9522411, 40.7961945], [-73.9522022, 40.7962034], [-73.9521694, 40.7962117], [-73.9521386, 40.7962195], [-73.9521167, 40.7962207], [-73.9520943, 40.796218], [-73.9520725, 40.7962123], [-73.9520549, 40.7962038], [-73.9520417, 40.7961944], [-73.9520299, 40.7961812], [-73.9520182, 40.7961638], [-73.9520133, 40.7961465], [-73.9520125, 40.7961311], [-73.9520136, 40.796116], [-73.9520196, 40.7960993], [-73.9520322, 40.7960717]]}}, {"type": "Feature", "properties": {"wayId": 47091908, "name": "", "highway": "footway"}, "geometry": {"type": "LineString", "coordinates": [[-73.9527594, 40.793863], [-73.9527832, 40.793852], [-73.9528104, 40.7938477], [-73.952838, 40.7938506], [-73.9528627, 40.7938603], [-73.9528805, 40.7938745], [-73.9528916, 40.7938921], [-73.9528949, 40.7939115], [-73.9528899, 40.7939308], [-73.9528773, 40.7939478], [-73.9528583, 40.7939611], [-73.9528348, 40.7939692], [-73.9528091, 40.7939713], [-73.9527838, 40.7939672], [-73.9527599, 40.7939564], [-73.9527422, 40.7939401], [-73.9527328, 40.7939203], [-73.9527327, 40.7938992], [-73.9527419, 40.7938793], [-73.9527594, 40.793863]]}}, {"type": "Feature", "properties": {"wayId": 91246192, "name": "", "highway": "steps"}, "geometry": {"type": "LineString", "coordinates": [[-73.9554756, 40.7987839], [-73.9554621, 40.7987992], [-73.9554403, 40.7988151], [-73.9554041, 40.7988191], [-73.9553705, 40.7988163], [-73.9553383, 40.7988094], [-73.9553118, 40.7987983], [-73.9552775, 40.7987856], [-73.955243, 40.7987793], [-73.9551898, 40.7987829]]}}, {"type": "Feature", "properties": {"wayId": 99463303, "name": "", "highway": "footway"}, "geometry": {"type": "LineString", "coordinates": [[-73.9764012, 40.7728337], [-73.976328, 40.7728179], [-73.9762927, 40.772815], [-73.976258, 40.7728145], [-73.9762151, 40.7728182], [-73.9758812, 40.7728675], [-73.9757035, 40.7728852], [-73.9754953, 40.7728998], [-73.9752818, 40.7729102], [-73.9750863, 40.7729185], [-73.9748692, 40.7729241], [-73.9747282, 40.772926], [-73.9745899, 40.7729265], [-73.9744723, 40.7729252], [-73.9743504, 40.7729218], [-73.9742769, 40.7729185], [-73.9741748, 40.7729096], [-73.9740836, 40.7728944], [-73.9739134, 40.7728605], [-73.9738375, 40.7728345], [-73.9737038, 40.7727818], [-73.9736157, 40.7727572], [-73.9735158, 40.7727397], [-73.9734158, 40.7727339], [-73.9733269, 40.772728], [-73.9732566, 40.7727247], [-73.973155, 40.7727119], [-73.9730841, 40.7726998], [-73.9730117, 40.7726781], [-73.9728835, 40.7726207], [-73.9727711, 40.7725675], [-73.9726702, 40.7725137], [-73.9725076, 40.7724351]]}}, {"type": "Feature", "properties": {"wayId": 99463304, "name": "Nell Singer Lilac Walk", "highway": "footway"}, "geometry": {"type": "LineString", "coordinates": [[-73.9753044, 40.7744299], [-73.9752679, 40.7743745], [-73.9752267, 40.7743194], [-73.9751879, 40.7742749], [-73.9751157, 40.7742028], [-73.9750545, 40.7741514], [-73.9749717, 40.7740951], [-73.974889, 40.7740436], [-73.9748094, 40.7739941], [-73.9746902, 40.7739031], [-73.9745811, 40.7738197], [-73.9744595, 40.7736697], [-73.9744059, 40.7735768], [-73.9743479, 40.7734592], [-73.974306, 40.7733616], [-73.9742513, 40.7732374], [-73.974189, 40.773133], [-73.9741407, 40.773069], [-73.9740902, 40.773022], [-73.9740228, 40.7729658], [-73.9739574, 40.7729106], [-73.9739422, 40.7728972], [-73.9739325, 40.7728873], [-73.9739222, 40.7728747], [-73.9739134, 40.7728605]]}}, {"type": "Feature", "properties": {"wayId": 104336075, "name": "Northwest Central Park Loop", "highway": "footway"}, "geometry": {"type": "LineString", "coordinates": [[-73.9612204, 40.7941487], [-73.9612726, 40.7941179], [-73.9614633, 40.7940377], [-73.9615957, 40.7939961], [-73.9616304, 40.7939877], [-73.9616594, 40.7939801], [-73.9616862, 40.7939719], [-73.9616995, 40.7939669], [-73.96171, 40.7939603], [-73.9617275, 40.7939464], [-73.9617426, 40.7939308], [-73.9617583, 40.7939133], [-73.9617714, 40.7938934], [-73.9618125, 40.7938343], [-73.9618497, 40.7937757]]}}, {"type": "Feature", "properties": {"wayId": 104336076, "name": "", "highway": "footway"}, "geometry": {"type": "LineString", "coordinates": [[-73.9614125, 40.7928982], [-73.9614647, 40.7928948], [-73.9615501, 40.7928837], [-73.9616062, 40.7928651], [-73.9617178, 40.7927447], [-73.9617983, 40.7926463], [-73.9618315, 40.7925949], [-73.9618414, 40.7925529], [-73.961836, 40.792513], [-73.9618547, 40.7923717], [-73.9618507, 40.7923262], [-73.961833, 40.7922994], [-73.9618, 40.7922727], [-73.9617145, 40.7922388]]}}, {"type": "Feature", "properties": {"wayId": 104336079, "name": "", "highway": "footway"}, "geometry": {"type": "LineString", "coordinates": [[-73.9621028, 40.7921232], [-73.9620153, 40.7921656], [-73.9619594, 40.7921843], [-73.9619067, 40.7921969], [-73.9618344, 40.7922146], [-73.9617613, 40.7922283], [-73.9617145, 40.7922388], [-73.9616461, 40.7922535], [-73.9615892, 40.7922787], [-73.9615219, 40.792314], [-73.9614497, 40.7923659]]}}, {"type": "Feature", "properties": {"wayId": 104336080, "name": "", "highway": "footway"}, "geometry": {"type": "LineString", "coordinates": [[-73.963252, 40.7892824], [-73.9630071, 40.7892157], [-73.9629238, 40.789191], [-73.9628678, 40.7892023], [-73.9628023, 40.7892029], [-73.9627255, 40.789204], [-73.9626478, 40.7892086], [-73.962577, 40.7892173], [-73.9624894, 40.7892395], [-73.9624629, 40.789245], [-73.9622208, 40.7892957], [-73.9621018, 40.7893083], [-73.9619364, 40.789326], [-73.9618043, 40.7893439], [-73.9616932, 40.789359], [-73.9614911, 40.7894053], [-73.9612994, 40.7894774], [-73.9611895, 40.7895177], [-73.9610982, 40.7895418], [-73.9609893, 40.7895603], [-73.960879, 40.7895718], [-73.9607648, 40.7895862], [-73.9606419, 40.789622], [-73.9605357, 40.78966], [-73.9604097, 40.7897192], [-73.960309, 40.7897656], [-73.9602023, 40.7898104], [-73.9601099, 40.7898541], [-73.9599808, 40.7898594], [-73.9598646, 40.7898639], [-73.9597517, 40.789864], [-73.9596559, 40.7898613], [-73.9595519, 40.7898555]]}}, {"type": "Feature", "properties": {"wayId": 104336085, "name": "North Woods", "highway": "footway"}, "geometry": {"type": "LineString", "coordinates": [[-73.9621929, 40.7943677], [-73.9621672, 40.7942846], [-73.9621516, 40.7942382], [-73.9621163, 40.7941772], [-73.9620675, 40.7940888], [-73.9620228, 40.794019]]}}, {"type": "Feature", "properties": {"wayId": 104336087, "name": "", "highway": "footway"}, "geometry": {"type": "LineString", "coordinates": [[-73.9609266, 40.7951797], [-73.9610099, 40.7951662], [-73.9610852, 40.7951636], [-73.9611554, 40.795165], [-73.9612139, 40.795173], [-73.9612785, 40.7951832], [-73.9613375, 40.795193], [-73.96143, 40.7951968], [-73.9615261, 40.7951968], [-73.9616011, 40.7951826]]}}, {"type": "Feature", "properties": {"wayId": 104336091, "name": "", "highway": "footway"}, "geometry": {"type": "LineString", "coordinates": [[-73.9596514, 40.7948265], [-73.959616, 40.7947713]]}}, {"type": "Feature", "properties": {"wayId": 104336093, "name": "", "highway": "footway"}, "geometry": {"type": "LineString", "coordinates": [[-73.9642376, 40.7893902], [-73.9645861, 40.7893758], [-73.9647096, 40.7893591], [-73.9648004, 40.7893475], [-73.9648919, 40.7893446], [-73.964971, 40.7893443], [-73.9650105, 40.7893458], [-73.9650455, 40.7893521], [-73.9651158, 40.7893707], [-73.9651803, 40.7893881], [-73.9652519, 40.7894087], [-73.9653108, 40.7894129], [-73.9654529, 40.7894137], [-73.9654915, 40.7894167], [-73.9655205, 40.789419], [-73.9655934, 40.789431], [-73.9656666, 40.7894467], [-73.9657707, 40.7894738], [-73.9658928, 40.7894975], [-73.9660517, 40.7895806]]}}, {"type": "Feature", "properties": {"wayId": 104336098, "name": "", "highway": "footway"}, "geometry": {"type": "LineString", "coordinates": [[-73.9622677, 40.7943238], [-73.9621929, 40.7943677]]}}, {"type": "Feature", "properties": {"wayId": 104336101, "name": "", "highway": "footway"}, "geometry": {"type": "LineString", "coordinates": [[-73.962473, 40.7912273], [-73.9625125, 40.7912992], [-73.9625255, 40.79135], [-73.9625298, 40.7914007], [-73.9625285, 40.7914366], [-73.9625218, 40.7914578], [-73.9624985, 40.7914896], [-73.9623851, 40.7916517], [-73.9623577, 40.7916875], [-73.9623193, 40.7917331], [-73.9622251, 40.7917178], [-73.9621617, 40.7917058], [-73.9620658, 40.7916744], [-73.9619852, 40.7916428], [-73.961906, 40.7916109], [-73.9618701, 40.791599], [-73.9618224, 40.7915895], [-73.9617437, 40.7915803], [-73.9616695, 40.791581], [-73.9614898, 40.7916006]]}}, {"type": "Feature", "properties": {"wayId": 104336111, "name": "", "highway": "footway"}, "geometry": {"type": "LineString", "coordinates": [[-73.9614125, 40.7928982], [-73.9615223, 40.7929974], [-73.9615332, 40.7930049], [-73.9615922, 40.7930397], [-73.9616612, 40.7930795]]}}, {"type": "Feature", "properties": {"wayId": 104336117, "name": "", "highway": "footway"}, "geometry": {"type": "LineString", "coordinates": [[-73.9595046, 40.7933688], [-73.9595072, 40.7934433], [-73.95952, 40.7934774], [-73.9595396, 40.7935273], [-73.9595708, 40.7936062], [-73.9596003, 40.7936972], [-73.9596501, 40.793819], [-73.9597144, 40.7939693], [-73.9597488, 40.7940759]]}}, {"type": "Feature", "properties": {"wayId": 104336119, "name": "", "highway": "footway"}, "geometry": {"type": "LineString", "coordinates": [[-73.9608634, 40.7911836], [-73.9609263, 40.7911922], [-73.9610246, 40.7912319], [-73.961105, 40.7912669], [-73.9611864, 40.7913053], [-73.9612526, 40.7913548], [-73.9613198, 40.7914173], [-73.9613788, 40.7914819], [-73.9614898, 40.7916006], [-73.9614759, 40.7916749]]}}, {"type": "Feature", "properties": {"wayId": 104336121, "name": "", "highway": "footway"}, "geometry": {"type": "LineString", "coordinates": [[-73.9610867, 40.7937138], [-73.9611055, 40.7937333], [-73.9611284, 40.7937455], [-73.9611536, 40.7937562], [-73.9612169, 40.793778], [-73.961326, 40.7938145], [-73.9614117, 40.7938427], [-73.961465, 40.7938656], [-73.9615139, 40.7938886], [-73.9615743, 40.7939257], [-73.9616103, 40.7939546], [-73.9616862, 40.7939719]]}}, {"type": "Feature", "properties": {"wayId": 104336123, "name": "West Drive", "highway": "pedestrian"}, "geometry": {"type": "LineString", "coordinates": [[-73.956849, 40.7963009], [-73.9568828, 40.7962338], [-73.9569219, 40.7961688], [-73.9569646, 40.7961123], [-73.9570142, 40.7960523], [-73.9570749, 40.7959908], [-73.9571648, 40.7959044], [-73.9572406, 40.7958364], [-73.9573221, 40.7957722], [-73.9574112, 40.7957133], [-73.9575015, 40.7956614], [-73.9575885, 40.7956141], [-73.957694, 40.7955649], [-73.9577921, 40.7955224], [-73.9578981, 40.7954842], [-73.9580033, 40.7954528], [-73.9581076, 40.7954255], [-73.9583837, 40.795358], [-73.9584601, 40.7953366], [-73.9585424, 40.7953098], [-73.9586142, 40.7952828], [-73.9586953, 40.7952449], [-73.9587721, 40.795202], [-73.9588276, 40.7951656], [-73.9588878, 40.7951194], [-73.9589439, 40.7950701], [-73.9589964, 40.7950204], [-73.9590433, 40.7949661], [-73.9590803, 40.7949125], [-73.9591136, 40.7948518], [-73.9591455, 40.7947868]]}}, {"type": "Feature", "properties": {"wayId": 104336125, "name": "", "highway": "footway"}, "geometry": {"type": "LineString", "coordinates": [[-73.9652107, 40.7890102], [-73.9652707, 40.7890349], [-73.9653309, 40.7890598], [-73.9654002, 40.7890913], [-73.9654725, 40.789132], [-73.9655195, 40.7891633], [-73.9656169, 40.7892438], [-73.9656818, 40.7893095], [-73.9657525, 40.7893787], [-73.9658334, 40.7894551], [-73.9658928, 40.7894975]]}}, {"type": "Feature", "properties": {"wayId": 104336128, "name": "", "highway": "footway"}, "geometry": {"type": "LineString", "coordinates": [[-73.9596903, 40.7948873], [-73.959676, 40.7949726], [-73.9596668, 40.7950287], [-73.9596503, 40.7950645], [-73.959607, 40.7951161], [-73.9595483, 40.7951696], [-73.9595183, 40.7951696], [-73.9594755, 40.795173], [-73.9594412, 40.7951834], [-73.9594117, 40.7951991], [-73.9593986, 40.7952132], [-73.9593907, 40.7952304], [-73.9593811, 40.7952528], [-73.959383, 40.7952733], [-73.9592929, 40.7953108], [-73.9591325, 40.7954145], [-73.9590576, 40.7954814], [-73.9589875, 40.7955491], [-73.9589525, 40.7955979], [-73.958924, 40.7956478], [-73.9588977, 40.7957115], [-73.9588768, 40.79572], [-73.958852, 40.795737], [-73.95884, 40.7957558], [-73.9588377, 40.7957796], [-73.9588483, 40.7957984], [-73.9588565, 40.7958173], [-73.9588287, 40.7958654], [-73.9588137, 40.7958813], [-73.9587942, 40.7958944], [-73.9587567, 40.7959061], [-73.958723, 40.7959148], [-73.9586727, 40.795918], [-73.9585759, 40.7959142], [-73.9585233, 40.7959141], [-73.9584694, 40.7959165], [-73.9584176, 40.795925], [-73.9583778, 40.7959347], [-73.9583247, 40.7959574], [-73.9582968, 40.7959779], [-73.9582793, 40.7959998], [-73.9582525, 40.796046], [-73.9582337, 40.7960932], [-73.9582293, 40.7961329], [-73.9582375, 40.7961539], [-73.9582543, 40.7961814], [-73.958275, 40.7962068], [-73.9582937, 40.7962246], [-73.9583245, 40.7962465], [-73.958363, 40.7962706], [-73.9583951, 40.7962903], [-73.9584288, 40.7963113], [-73.9584438, 40.7963306], [-73.9584555, 40.7963519], [-73.9584628, 40.7963849], [-73.9584624, 40.7964254], [-73.9584563, 40.7964582], [-73.9584268, 40.7965656], [-73.9584907, 40.7965841]]}}, {"type": "Feature", "properties": {"wayId": 104336133, "name": "", "highway": "footway"}, "geometry": {"type": "LineString", "coordinates": [[-73.9621199, 40.7903107], [-73.9621416, 40.790405], [-73.9621539, 40.7904493], [-73.9621637, 40.7904788], [-73.9621773, 40.7904968], [-73.962185, 40.790507], [-73.962214, 40.7905284], [-73.9622535, 40.7905439], [-73.9623053, 40.7905595], [-73.9623776, 40.7905837], [-73.9624449, 40.7906135], [-73.9625055, 40.7906448], [-73.9625671, 40.7906753], [-73.9626326, 40.790707], [-73.9627011, 40.7907364], [-73.962758, 40.7907599], [-73.9627897, 40.7907773]]}}, {"type": "Feature", "properties": {"wayId": 104336135, "name": "", "highway": "footway"}, "geometry": {"type": "LineString", "coordinates": [[-73.9656734, 40.7880922], [-73.9657789, 40.7882233], [-73.9658888, 40.788373]]}}, {"type": "Feature", "properties": {"wayId": 104336138, "name": "Northwest Central Park Loop", "highway": "footway"}, "geometry": {"type": "LineString", "coordinates": [[-73.9611537, 40.7941928], [-73.9612204, 40.7941487]]}}, {"type": "Feature", "properties": {"wayId": 104336139, "name": "East Drive", "highway": "pedestrian"}, "geometry": {"type": "LineString", "coordinates": [[-73.9573402, 40.789722], [-73.9573253, 40.7897765], [-73.9573017, 40.7898395], [-73.9572657, 40.7899121], [-73.9572291, 40.7899788], [-73.9571687, 40.7900725], [-73.9570973, 40.7901837], [-73.9570275, 40.7902877], [-73.9569437, 40.7904111], [-73.9568223, 40.7905728], [-73.9566988, 40.7907231], [-73.9565787, 40.7908567], [-73.9564188, 40.7910138], [-73.9562204, 40.791199], [-73.9560319, 40.7913576], [-73.9558645, 40.7914914], [-73.9557458, 40.7915893]]}}, {"type": "Feature", "properties": {"wayId": 104336144, "name": "", "highway": "footway"}, "geometry": {"type": "LineString", "coordinates": [[-73.9601099, 40.7898541], [-73.9601627, 40.7899107], [-73.9601852, 40.789938], [-73.9602091, 40.7899781], [-73.9602208, 40.7900384], [-73.9602358, 40.7901124], [-73.9602593, 40.7902063]]}}, {"type": "Feature", "properties": {"wayId": 104336145, "name": "", "highway": "footway"}, "geometry": {"type": "LineString", "coordinates": [[-73.9604925, 40.7958254], [-73.9604625, 40.7958074], [-73.9604342, 40.7957971], [-73.9603991, 40.7957879], [-73.9603537, 40.795781], [-73.960304, 40.795777], [-73.9602561, 40.7957777], [-73.9602023, 40.7957803], [-73.9601539, 40.7957867], [-73.9600668, 40.7957998], [-73.9600182, 40.795809], [-73.9599734, 40.7958209], [-73.9599296, 40.7958354], [-73.9598838, 40.795852], [-73.9598178, 40.7958831], [-73.9597885, 40.795902], [-73.9597556, 40.7959211], [-73.9597206, 40.7959464], [-73.9596559, 40.7960055], [-73.9596253, 40.7960424], [-73.9596017, 40.7960769], [-73.9595373, 40.7961967], [-73.9595145, 40.7962238], [-73.959501, 40.7962358], [-73.9594834, 40.7962437], [-73.959465, 40.7962454], [-73.9594402, 40.7962449], [-73.9594164, 40.7962425], [-73.9593862, 40.7962403], [-73.9593606, 40.7962437], [-73.9593438, 40.7962524], [-73.9593307, 40.7962659], [-73.959318, 40.7962848], [-73.9592956, 40.7963396], [-73.9592766, 40.7964005], [-73.9592558, 40.7964966]]}}, {"type": "Feature", "properties": {"wayId": 104336151, "name": "", "highway": "footway"}, "geometry": {"type": "LineString", "coordinates": [[-73.963252, 40.7892824], [-73.9633342, 40.7893367], [-73.9634022, 40.7894083], [-73.9634493, 40.7894703], [-73.9635087, 40.789531], [-73.9635149, 40.7895911], [-73.9635163, 40.7897008], [-73.9635241, 40.7898124], [-73.9635254, 40.7899244], [-73.9635171, 40.7900299], [-73.9635072, 40.7901365], [-73.9634889, 40.7902298], [-73.9634585, 40.7903404], [-73.9634273, 40.790435], [-73.9633903, 40.7904999], [-73.9633179, 40.7905789], [-73.963249, 40.7906449]]}}, {"type": "Feature", "properties": {"wayId": 104343832, "name": "", "highway": "footway"}, "geometry": {"type": "LineString", "coordinates": [[-73.9548333, 40.7948262], [-73.9548826, 40.7947889], [-73.9549456, 40.7947446], [-73.9549831, 40.7947082], [-73.9549903, 40.7946985], [-73.9550431, 40.7946275], [-73.9550796, 40.7945854], [-73.9551166, 40.7945393], [-73.9551571, 40.7944733], [-73.95512, 40.7944046]]}}, {"type": "Feature", "properties": {"wayId": 104343833, "name": "North Woods", "highway": "footway"}, "geometry": {"type": "LineString", "coordinates": [[-73.9559106, 40.7954636], [-73.9559337, 40.7954441], [-73.9559644, 40.7954048], [-73.9560238, 40.7953134], [-73.9560643, 40.7952589], [-73.9561018, 40.7952203], [-73.9561596, 40.7951805], [-73.9562008, 40.7951561], [-73.9562182, 40.7951479], [-73.9562443, 40.7951356], [-73.9562879, 40.7951175], [-73.9563659, 40.7950902], [-73.9564026, 40.7950771], [-73.9564312, 40.7950669], [-73.9564882, 40.7950465], [-73.9565437, 40.7950237], [-73.9565985, 40.7949997], [-73.9566558, 40.7949726], [-73.9566856, 40.7949584], [-73.9567584, 40.7949258], [-73.9568213, 40.7948903], [-73.9568923, 40.7948425], [-73.9569198, 40.794824], [-73.9569393, 40.7948108], [-73.9570171, 40.7947477], [-73.9570929, 40.7946829], [-73.957183, 40.7946102], [-73.9572595, 40.7945534], [-73.9573405, 40.7945029], [-73.9573983, 40.7944728], [-73.9574358, 40.7944557], [-73.9574986, 40.7944319], [-73.9575911, 40.7943942], [-73.9576272, 40.794374], [-73.9576542, 40.7943569], [-73.9576903, 40.7943297], [-73.9577233, 40.7942973], [-73.9577615, 40.7942479], [-73.95778, 40.7942539]]}}, {"type": "Feature", "properties": {"wayId": 104343834, "name": "North Woods", "highway": "footway"}, "geometry": {"type": "LineString", "coordinates": [[-73.9572993, 40.7982616], [-73.9573728, 40.798281], [-73.9574305, 40.7982998], [-73.9574984, 40.7983284], [-73.957537, 40.798349], [-73.9575787, 40.7983727], [-73.9576162, 40.798396], [-73.9576567, 40.7984272], [-73.9576904, 40.7984545], [-73.9577235, 40.7984811], [-73.9577505, 40.7985078], [-73.9578474, 40.7985206], [-73.9579238, 40.7985429], [-73.9579855, 40.7985642], [-73.9580499, 40.7985916], [-73.9581062, 40.7986333], [-73.958125, 40.7986597], [-73.9581174, 40.7986936], [-73.9580979, 40.7987345], [-73.9580738, 40.7987862], [-73.9580496, 40.7987869], [-73.9580236, 40.7987915], [-73.9579921, 40.7988009], [-73.9579598, 40.7988157], [-73.9579268, 40.798831], [-73.957905, 40.7988447], [-73.957884, 40.7988679], [-73.9578698, 40.7988975], [-73.9578615, 40.7989299], [-73.9578563, 40.7989838], [-73.9578548, 40.799006], [-73.9578473, 40.7990275], [-73.9578135, 40.7990673], [-73.9577677, 40.7991241], [-73.957746, 40.7991514], [-73.957731, 40.7991701], [-73.957719, 40.7991775], [-73.9576972, 40.799182], [-73.9576527, 40.7991944], [-73.957618, 40.7991975], [-73.9574726, 40.7992031], [-73.9573783, 40.7992059], [-73.9573226, 40.7992067], [-73.9572943, 40.7992036], [-73.9572538, 40.7991906], [-73.9571968, 40.7991661], [-73.9571577, 40.7991485], [-73.9571139, 40.7991335], [-73.9570752, 40.7991247], [-73.9570104, 40.7991239], [-73.9569559, 40.7991218], [-73.9568876, 40.7991133], [-73.9568006, 40.7991054], [-73.9567188, 40.7991002], [-73.9566823, 40.7990985], [-73.9566453, 40.7990855], [-73.9566085, 40.7990673], [-73.956595, 40.7990611], [-73.956571, 40.7990554], [-73.9565297, 40.7990486], [-73.9565057, 40.7990429], [-73.9564765, 40.7990315], [-73.9564405, 40.7990145], [-73.9564202, 40.7990026], [-73.9564127, 40.7989969]]}}, {"type": "Feature", "properties": {"wayId": 104343836, "name": "", "highway": "footway"}, "geometry": {"type": "LineString", "coordinates": [[-73.958206, 40.7945134], [-73.958179, 40.79451], [-73.9581572, 40.7945068], [-73.9581291, 40.7945026], [-73.9581025, 40.7944966], [-73.9580856, 40.7944921], [-73.9580698, 40.7944841], [-73.9580608, 40.794475], [-73.9580601, 40.7944603], [-73.9580668, 40.7944381], [-73.9580788, 40.7943981], [-73.9580706, 40.7943938], [-73.9580316, 40.7943631], [-73.9579848, 40.7943258], [-73.9579753, 40.7943104]]}}, {"type": "Feature", "properties": {"wayId": 104343837, "name": "Northwest Central Park Loop", "highway": "footway"}, "geometry": {"type": "LineString", "coordinates": [[-73.956689, 40.7985185], [-73.9567751, 40.7985408], [-73.9568331, 40.7985512], [-73.9568876, 40.7985561], [-73.9569281, 40.798555], [-73.9569492, 40.7985544], [-73.9569964, 40.7985459], [-73.9570342, 40.7985336], [-73.9570722, 40.7985186], [-73.957115, 40.7984942], [-73.9571472, 40.7984743], [-73.9571705, 40.7984505], [-73.9571872, 40.7984246], [-73.9572005, 40.798396], [-73.9572125, 40.7983585], [-73.9572215, 40.7983238], [-73.9572343, 40.7982971], [-73.9572498, 40.7982833], [-73.9572993, 40.7982616]]}}, {"type": "Feature", "properties": {"wayId": 104343839, "name": "North Woods", "highway": "steps"}, "geometry": {"type": "LineString", "coordinates": [[-73.9599388, 40.7978442], [-73.9599363, 40.7978315], [-73.9599289, 40.7978135], [-73.9599233, 40.7978048], [-73.9599144, 40.7977963], [-73.959893, 40.7977868], [-73.95986, 40.7977767], [-73.9598139, 40.7977629], [-73.95977, 40.797746], [-73.9597539, 40.7977338], [-73.9597427, 40.7977206], [-73.9597362, 40.79771], [-73.9597278, 40.7976918], [-73.9597234, 40.7976741], [-73.959722, 40.7976623], [-73.9597215, 40.7976491], [-73.9597215, 40.7976323], [-73.9597222, 40.7976045], [-73.9597219, 40.7975695], [-73.9597208, 40.7975346], [-73.9597193, 40.7975167], [-73.9597171, 40.7974996]]}}, {"type": "Feature", "properties": {"wayId": 104343844, "name": "Northwest Central Park Loop", "highway": "footway"}, "geometry": {"type": "LineString", "coordinates": [[-73.9570595, 40.7952709], [-73.9570696, 40.7953288], [-73.9570651, 40.7953878], [-73.9570546, 40.7954367], [-73.9570445, 40.7954783], [-73.9570268, 40.7955117], [-73.957002, 40.7955486], [-73.956963, 40.7955929], [-73.9569308, 40.7956224], [-73.9568913, 40.7956486], [-73.9568858, 40.7956724], [-73.9568858, 40.795711], [-73.956891, 40.7957457], [-73.9568963, 40.7957832], [-73.9568955, 40.7958127], [-73.9568903, 40.7958417], [-73.956872, 40.7958714], [-73.956846, 40.7959019], [-73.9568032, 40.7959428], [-73.956774, 40.7959712], [-73.9567507, 40.7960018], [-73.9567371, 40.796026], [-73.9567274, 40.7960535], [-73.9567177, 40.7960916], [-73.9567117, 40.7961336], [-73.9567049, 40.7961734], [-73.9566922, 40.7962097], [-73.956675, 40.7962605], [-73.9566524, 40.7963001], [-73.9566254, 40.7963478], [-73.9566074, 40.7963807], [-73.9565954, 40.7964102], [-73.9565929, 40.7964308], [-73.9565999, 40.7964557], [-73.9566185, 40.7964889], [-73.9566562, 40.7965211]]}}, {"type": "Feature", "properties": {"wayId": 104343847, "name": "", "highway": "footway"}, "geometry": {"type": "LineString", "coordinates": [[-73.9531803, 40.7964487], [-73.9531476, 40.7964348], [-73.9531322, 40.7964155], [-73.9531062, 40.7963618], [-73.953118, 40.7962691], [-73.9531465, 40.7961631], [-73.953174, 40.7960825], [-73.9531817, 40.7960237], [-73.9531812, 40.7959618], [-73.9531725, 40.7959133], [-73.9531549, 40.7958709], [-73.9531308, 40.7958258], [-73.953112, 40.7957883], [-73.9531018, 40.795762], [-73.9530933, 40.795723], [-73.9530865, 40.7956872], [-73.9530856, 40.7956468], [-73.9530873, 40.795587], [-73.9530972, 40.7955325], [-73.9531006, 40.7955006], [-73.9530555, 40.7954935], [-73.9530113, 40.7954929], [-73.9529473, 40.7955034], [-73.9529023, 40.7955148], [-73.952865, 40.7955262], [-73.9528329, 40.7955418], [-73.9527991, 40.7955698], [-73.9527609, 40.7956133], [-73.9527189, 40.7956669], [-73.9526859, 40.7957127], [-73.9526578, 40.7957476], [-73.9526237, 40.7957791], [-73.9525866, 40.7957985], [-73.952528, 40.7958231]]}}, {"type": "Feature", "properties": {"wayId": 104343848, "name": "North Woods", "highway": "footway"}, "geometry": {"type": "LineString", "coordinates": [[-73.9538322, 40.7982945], [-73.9538491, 40.7983418], [-73.9538814, 40.7984038], [-73.9539141, 40.7984467], [-73.9540193, 40.7985273], [-73.9541186, 40.7985918], [-73.954222, 40.7986538], [-73.9543359, 40.7987064], [-73.954452, 40.7987511], [-73.9545651, 40.7988035], [-73.954647, 40.7988528], [-73.9547121, 40.7989068], [-73.9547949, 40.7989609], [-73.9548901, 40.7990057], [-73.9549835, 40.799043], [-73.9550349, 40.799064], [-73.9550832, 40.799091], [-73.9551475, 40.7991356], [-73.955176, 40.7991583], [-73.9551871, 40.7991739], [-73.9551948, 40.7991879], [-73.9551987, 40.7991959], [-73.9551999, 40.7992031], [-73.955199, 40.7992136], [-73.9551956, 40.7992231], [-73.9551654, 40.799272]]}}, {"type": "Feature", "properties": {"wayId": 104343850, "name": "West 110th Street", "highway": "pedestrian"}, "geometry": {"type": "LineString", "coordinates": [[-73.9578478, 40.7998393], [-73.957835, 40.7997934], [-73.9578294, 40.7997612], [-73.957825, 40.7997245], [-73.9578278, 40.7996972], [-73.957834, 40.7996712], [-73.9578456, 40.7996427], [-73.9578624, 40.7996136], [-73.9578868, 40.7995826], [-73.9579411, 40.7995283]]}}, {"type": "Feature", "properties": {"wayId": 104343851, "name": "North Woods", "highway": "footway"}, "geometry": {"type": "LineString", "coordinates": [[-73.9574966, 40.7931237], [-73.9574853, 40.7931874], [-73.9574791, 40.7932226], [-73.9574758, 40.7932619], [-73.9573958, 40.7932957], [-73.9572813, 40.7933572], [-73.9571637, 40.7934148], [-73.9570935, 40.7934413], [-73.957032, 40.7934635], [-73.9569823, 40.7934774], [-73.9568957, 40.793495], [-73.9568239, 40.7935049], [-73.9567436, 40.7935138], [-73.9566347, 40.7935145], [-73.9565369, 40.7935178], [-73.9564539, 40.7935242], [-73.9563495, 40.7935398], [-73.9562364, 40.793568], [-73.9560948, 40.7936086], [-73.9560126, 40.7936299], [-73.9559135, 40.7936463], [-73.955841, 40.793654], [-73.9557526, 40.793651], [-73.9556966, 40.7936432], [-73.9556457, 40.7936333], [-73.9555762, 40.793615], [-73.9555359, 40.7935938], [-73.9555013, 40.7935682], [-73.9554745, 40.7935428], [-73.9554509, 40.7935098], [-73.9554361, 40.7934758], [-73.9554241, 40.793446], [-73.9554096, 40.79341], [-73.9553872, 40.7933718]]}}, {"type": "Feature", "properties": {"wayId": 104343853, "name": "", "highway": "footway"}, "geometry": {"type": "LineString", "coordinates": [[-73.9535101, 40.7952576], [-73.9535441, 40.7952734], [-73.9535761, 40.7952953], [-73.9536103, 40.7953229], [-73.9536411, 40.7953545], [-73.9536896, 40.7954378], [-73.9537263, 40.7954941], [-73.9537614, 40.795538], [-73.9537945, 40.7955733], [-73.9538209, 40.7955966], [-73.9538525, 40.7956146], [-73.9538823, 40.7956268], [-73.9539188, 40.7956404], [-73.9539679, 40.7956548], [-73.9540115, 40.7956627], [-73.954049, 40.7956647], [-73.9540785, 40.7956647], [-73.954112, 40.7956616], [-73.9541593, 40.7956525], [-73.9542283, 40.7956338], [-73.9542918, 40.7956155], [-73.954379, 40.7955847], [-73.9544774, 40.7955474], [-73.9545786, 40.7955071], [-73.9546822, 40.7954691], [-73.9547715, 40.7954372], [-73.954846, 40.7954109], [-73.9549141, 40.7953924], [-73.9549682, 40.7953784], [-73.9550255, 40.7953658], [-73.9550899, 40.7953578], [-73.9551642, 40.7953484], [-73.9551947, 40.7953495], [-73.9552299, 40.7953614], [-73.955272, 40.7953716], [-73.9553177, 40.7953807], [-73.9553725, 40.7953881], [-73.9554466, 40.7953934], [-73.9555536, 40.7953919], [-73.9556584, 40.7953884], [-73.9557187, 40.7953885], [-73.9557506, 40.7953941], [-73.9557867, 40.7954015], [-73.9558257, 40.7954157], [-73.9558684, 40.7954355], [-73.9559106, 40.7954636]]}}, {"type": "Feature", "properties": {"wayId": 104343854, "name": "", "highway": "footway"}, "geometry": {"type": "LineString", "coordinates": [[-73.9588131, 40.7991083], [-73.9588532, 40.7991388], [-73.9589122, 40.7991957], [-73.9589632, 40.7992307]]}}, {"type": "Feature", "properties": {"wayId": 104343855, "name": "", "highway": "steps"}, "geometry": {"type": "LineString", "coordinates": [[-73.9581925, 40.8001527], [-73.9581965, 40.8000991], [-73.95821, 40.8000624], [-73.9582283, 40.8000232], [-73.9582348, 40.8000011], [-73.9582449, 40.7999585], [-73.958235, 40.7999392], [-73.9582022, 40.7999014]]}}, {"type": "Feature", "properties": {"wayId": 104343857, "name": "", "highway": "footway"}, "geometry": {"type": "LineString", "coordinates": [[-73.9584268, 40.7965656], [-73.9583726, 40.7965757], [-73.9583513, 40.7965717], [-73.958333, 40.7965671], [-73.9583011, 40.7965607], [-73.9582562, 40.796555], [-73.9582181, 40.7965532], [-73.958196, 40.7965538], [-73.9581755, 40.7965555], [-73.9581557, 40.7965579], [-73.9581298, 40.7965659], [-73.9580925, 40.7965798], [-73.9580491, 40.796597], [-73.9580072, 40.7966201], [-73.9579654, 40.7966449], [-73.9578786, 40.7967013], [-73.9578482, 40.7967215], [-73.9578092, 40.7967368], [-73.9577123, 40.7967759], [-73.9576419, 40.7968114], [-73.9576213, 40.7968235], [-73.9575894, 40.7968408], [-73.9575429, 40.7968679], [-73.9574966, 40.7969063], [-73.9574554, 40.7969549], [-73.9573926, 40.7970305], [-73.9573587, 40.7970724], [-73.957326, 40.7971053], [-73.9572785, 40.7971452], [-73.9571862, 40.7972095], [-73.9571033, 40.7972353]]}}, {"type": "Feature", "properties": {"wayId": 104343858, "name": "West 110th Street", "highway": "pedestrian"}, "geometry": {"type": "LineString", "coordinates": [[-73.9579325, 40.800058], [-73.9578478, 40.7998393]]}}, {"type": "Feature", "properties": {"wayId": 104343859, "name": "", "highway": "footway"}, "geometry": {"type": "LineString", "coordinates": [[-73.9524197, 40.7961939], [-73.9523338, 40.7963492]]}}, {"type": "Feature", "properties": {"wayId": 104343862, "name": "", "highway": "footway"}, "geometry": {"type": "LineString", "coordinates": [[-73.9539141, 40.7984467], [-73.9538422, 40.798446], [-73.9537692, 40.7984427], [-73.9537075, 40.7984375], [-73.9536362, 40.7984256], [-73.9535808, 40.7984096], [-73.9535257, 40.79839], [-73.9534522, 40.7983581], [-73.9533801, 40.7983173], [-73.9533119, 40.7982814], [-73.9532492, 40.7982497], [-73.9531812, 40.7982174], [-73.9530977, 40.798185], [-73.9530167, 40.7981596], [-73.9529541, 40.7981463], [-73.9529022, 40.7981458], [-73.9528454, 40.7981496], [-73.9528008, 40.798156], [-73.9527707, 40.7981604], [-73.9527275, 40.7981739], [-73.9527011, 40.7981871], [-73.9526851, 40.7982021], [-73.9526755, 40.7982161]]}}, {"type": "Feature", "properties": {"wayId": 104343865, "name": "", "highway": "footway"}, "geometry": {"type": "LineString", "coordinates": [[-73.9534191, 40.7952205], [-73.9533778, 40.7952074], [-73.9533371, 40.7951967], [-73.9533176, 40.7951913]]}}, {"type": "Feature", "properties": {"wayId": 104343866, "name": "Northwest Central Park Loop", "highway": "footway"}, "geometry": {"type": "LineString", "coordinates": [[-73.9563446, 40.796907], [-73.956326, 40.7969118], [-73.9563095, 40.7969118], [-73.9562885, 40.7969158], [-73.9562705, 40.7969249], [-73.9562175, 40.7969611], [-73.9561642, 40.7970196], [-73.9560905, 40.7971084], [-73.9560612, 40.7971584]]}}, {"type": "Feature", "properties": {"wayId": 104343868, "name": "North Woods", "highway": "steps"}, "geometry": {"type": "LineString", "coordinates": [[-73.9583181, 40.7935093], [-73.9583408, 40.7934987], [-73.9583551, 40.7934889], [-73.9583644, 40.7934776]]}}, {"type": "Feature", "properties": {"wayId": 104343869, "name": "", "highway": "footway"}, "geometry": {"type": "LineString", "coordinates": [[-73.9551151, 40.7952308], [-73.9551174, 40.795174], [-73.9551279, 40.7951297], [-73.9551422, 40.7950854], [-73.9551446, 40.7950561], [-73.9551459, 40.795041], [-73.9551384, 40.7950024], [-73.9551234, 40.794974], [-73.9551039, 40.7949513], [-73.9550784, 40.7949309], [-73.9550397, 40.7949044], [-73.9550094, 40.7948826], [-73.9549683, 40.7948545], [-73.954917, 40.7948396], [-73.9548333, 40.7948262], [-73.9547695, 40.7948543], [-73.9546646, 40.7949113], [-73.9546154, 40.7949478], [-73.9545607, 40.7950013], [-73.9545389, 40.7950325], [-73.9545224, 40.7950558], [-73.9544985, 40.7950729], [-73.9544504, 40.7950911], [-73.9544146, 40.7951091], [-73.9543873, 40.7951253], [-73.9543638, 40.7951451], [-73.9543119, 40.7952066], [-73.9542686, 40.7952569], [-73.9542306, 40.7952868], [-73.9541849, 40.7953093], [-73.9541457, 40.7953251], [-73.9541031, 40.7953344], [-73.954078, 40.795338], [-73.9540487, 40.7953376], [-73.9540291, 40.7953336], [-73.9540045, 40.7953239], [-73.9539631, 40.7952942], [-73.9539483, 40.7952823], [-73.9539379, 40.7952763], [-73.953926, 40.7952743], [-73.9539064, 40.7952763], [-73.9538672, 40.7952826], [-73.9538389, 40.7952881], [-73.9538254, 40.7952933], [-73.9538029, 40.7953041], [-73.9537807, 40.7953143], [-73.9537436, 40.7953299], [-73.9537143, 40.795339], [-73.9536768, 40.7953458], [-73.9536411, 40.7953545]]}}, {"type": "Feature", "properties": {"wayId": 104343870, "name": "", "highway": "footway"}, "geometry": {"type": "LineString", "coordinates": [[-73.95778, 40.7942539], [-73.9578365, 40.7942725]]}}, {"type": "Feature", "properties": {"wayId": 104343872, "name": "Northwest Central Park Loop", "highway": "footway"}, "geometry": {"type": "LineString", "coordinates": [[-73.9590845, 40.7946504], [-73.9590654, 40.794644], [-73.9590309, 40.7946381], [-73.9589973, 40.7946272], [-73.9589082, 40.7945905], [-73.9587984, 40.7945534], [-73.9586754, 40.7945081], [-73.9586363, 40.7944921], [-73.958586, 40.7944763], [-73.9585418, 40.7944642], [-73.958481, 40.7944563], [-73.9584097, 40.7944529], [-73.9583363, 40.7944494]]}}, {"type": "Feature", "properties": {"wayId": 104343875, "name": "", "highway": "footway"}, "geometry": {"type": "LineString", "coordinates": [[-73.9585937, 40.7994805], [-73.9585331, 40.7995546], [-73.9584914, 40.7995947], [-73.9584492, 40.7996288], [-73.958407, 40.7996663], [-73.9583549, 40.799708], [-73.958281, 40.7997659], [-73.9582182, 40.7998085], [-73.9581402, 40.7998595], [-73.958102, 40.7998855], [-73.9580524, 40.799911], [-73.9579945, 40.7999307], [-73.9579338, 40.7999465], [-73.9578538, 40.7999629], [-73.95779, 40.7999717], [-73.9577188, 40.7999797], [-73.9576528, 40.7999787], [-73.9576001, 40.7999725], [-73.9575565, 40.799959], [-73.957509, 40.7999543], [-73.957448, 40.7999605], [-73.9573586, 40.799975], [-73.9572735, 40.7999951], [-73.9572129, 40.8000105]]}}, {"type": "Feature", "properties": {"wayId": 104343880, "name": "Northwest Central Park Loop", "highway": "footway"}, "geometry": {"type": "LineString", "coordinates": [[-73.9560042, 40.7978356], [-73.9560295, 40.7978738], [-73.9560578, 40.7979137], [-73.9560878, 40.7979529], [-73.9561111, 40.7979813], [-73.9561265, 40.7980041], [-73.9561426, 40.7980455], [-73.956158, 40.7980919], [-73.9561741, 40.7981551], [-73.9561848, 40.798209], [-73.9561884, 40.7982369], [-73.9561811, 40.7982619]]}}, {"type": "Feature", "properties": {"wayId": 104343885, "name": "", "highway": "footway"}, "geometry": {"type": "LineString", "coordinates": [[-73.9519926, 40.7956918], [-73.9519768, 40.7957346], [-73.9519546, 40.7957682], [-73.9519164, 40.795807], [-73.9518849, 40.7958474], [-73.9518557, 40.7959132], [-73.9518441, 40.7959822], [-73.9518455, 40.7960437], [-73.9518525, 40.7961009], [-73.9518608, 40.7961414], [-73.9518762, 40.7961763], [-73.9518962, 40.7962202], [-73.9519175, 40.7962551], [-73.9519363, 40.7962806], [-73.9519595, 40.7963018], [-73.95199, 40.7963225], [-73.9520288, 40.7963363], [-73.9520745, 40.7963405], [-73.952107, 40.7963405], [-73.9521532, 40.7963357], [-73.9522037, 40.796329], [-73.9522555, 40.7963281], [-73.9522975, 40.7963364], [-73.9523338, 40.7963492]]}}, {"type": "Feature", "properties": {"wayId": 104344847, "name": "", "highway": "footway"}, "geometry": {"type": "LineString", "coordinates": [[-73.9663508, 40.7834689], [-73.966369, 40.7835062], [-73.9663958, 40.7835419], [-73.9664234, 40.7835685], [-73.9664578, 40.7835935], [-73.9664927, 40.7836126], [-73.9665525, 40.783635], [-73.9665901, 40.7836438], [-73.966629, 40.7836491], [-73.9666885, 40.7836504], [-73.9667304, 40.7836464], [-73.9667698, 40.7836388], [-73.9668124, 40.7836258], [-73.9668535, 40.7836078], [-73.9668853, 40.7835891], [-73.9669126, 40.7835688], [-73.9669377, 40.783545], [-73.9669648, 40.7835103], [-73.9669814, 40.7834793], [-73.966993, 40.7834444], [-73.9669979, 40.7834053], [-73.9669949, 40.7833673], [-73.9669882, 40.7833411], [-73.9669676, 40.7832967], [-73.9669407, 40.7832607], [-73.9669221, 40.783242], [-73.9669024, 40.7832255], [-73.9668741, 40.7832063], [-73.9668449, 40.7831905], [-73.9668209, 40.78318], [-73.9667869, 40.7831683], [-73.9667356, 40.7831569], [-73.9666751, 40.7831517], [-73.9666235, 40.7831539], [-73.9665708, 40.7831627], [-73.9665325, 40.7831737], [-73.966506, 40.7831846], [-73.9664905, 40.783191], [-73.9664528, 40.7832122], [-73.9664142, 40.783242], [-73.9663859, 40.7832743], [-73.9663761, 40.7832854], [-73.9663526, 40.7833291], [-73.9663412, 40.7833692], [-73.9663385, 40.7833995], [-73.966341, 40.7834317], [-73.9663508, 40.7834689]]}}, {"type": "Feature", "properties": {"wayId": 104344849, "name": "", "highway": "footway"}, "geometry": {"type": "LineString", "coordinates": [[-73.9669181, 40.7847452], [-73.9670694, 40.7847453]]}}, {"type": "Feature", "properties": {"wayId": 104344851, "name": "", "highway": "footway"}, "geometry": {"type": "LineString", "coordinates": [[-73.9768327, 40.7691672], [-73.9767311, 40.7691872], [-73.9766471, 40.7692084], [-73.976577, 40.7692299], [-73.976503, 40.7692547], [-73.9764395, 40.7692783], [-73.9763769, 40.769304], [-73.9763319, 40.7693265], [-73.9762906, 40.7693496], [-73.9761911, 40.7694118], [-73.9761026, 40.7694806], [-73.9760628, 40.7695145], [-73.9760255, 40.7695453], [-73.9759848, 40.7695935], [-73.9759154, 40.7696723], [-73.9758742, 40.7697404], [-73.9758322, 40.7698284], [-73.9758323, 40.7699168], [-73.9758583, 40.7700108], [-73.9758703, 40.7700317], [-73.9758837, 40.7700548], [-73.9759504, 40.7701096], [-73.9760529, 40.7701849], [-73.9761818, 40.7702924], [-73.9762517, 40.7703645], [-73.9763202, 40.7704451], [-73.9764648, 40.7706082], [-73.9765318, 40.7706906], [-73.976616, 40.7707555], [-73.9766844, 40.770807], [-73.9767679, 40.7708567], [-73.9768294, 40.7708977], [-73.9769125, 40.7709261], [-73.9770095, 40.7709584], [-73.9771135, 40.7709796], [-73.9772928, 40.7709854], [-73.9774547, 40.7709753], [-73.9775731, 40.770941], [-73.9776415, 40.7709042], [-73.9777146, 40.7708611], [-73.9777737, 40.7708224], [-73.9778508, 40.7707596], [-73.9779332, 40.7706831], [-73.9779749, 40.7706373], [-73.9780084, 40.7705925], [-73.9780544, 40.7705256], [-73.978105, 40.7704408], [-73.9781821, 40.770282], [-73.9781831, 40.7702145], [-73.9781821, 40.7701513], [-73.9781822, 40.7700673], [-73.9781517, 40.7699744], [-73.9781073, 40.7698862], [-73.9780748, 40.769828], [-73.9779958, 40.769759], [-73.9779534, 40.769727]]}}, {"type": "Feature", "properties": {"wayId": 104344853, "name": "", "highway": "footway"}, "geometry": {"type": "LineString", "coordinates": [[-73.9641951, 40.7828471], [-73.9641601, 40.7829006], [-73.9642157, 40.7829561], [-73.9642677, 40.7829955], [-73.9643102, 40.7830289], [-73.9643543, 40.7830466], [-73.9644438, 40.7830656], [-73.9646172, 40.7831046], [-73.9647831, 40.783145], [-73.964939, 40.7832021], [-73.9650751, 40.7832605], [-73.9651965, 40.7833239], [-73.9652821, 40.7833753], [-73.9653913, 40.78345], [-73.9654648, 40.7835048], [-73.9656065, 40.7835905], [-73.9657888, 40.7836636], [-73.9658894, 40.7837085], [-73.9659669, 40.7837296], [-73.9660392, 40.7837359], [-73.9661135, 40.7837611], [-73.9662012, 40.7837773], [-73.9662809, 40.7837879], [-73.9663611, 40.7837878], [-73.9664508, 40.7837756], [-73.9665374, 40.7837734], [-73.9666286, 40.7837826], [-73.9667254, 40.7837992], [-73.9668007, 40.7838197], [-73.9668579, 40.7838433], [-73.9669132, 40.7838689]]}}, {"type": "Feature", "properties": {"wayId": 104344854, "name": "", "highway": "footway"}, "geometry": {"type": "LineString", "coordinates": [[-73.9588448, 40.7915789], [-73.958965, 40.7915984], [-73.9592267, 40.7916402], [-73.9594515, 40.7916705], [-73.9595069, 40.7916766], [-73.9595709, 40.7916818], [-73.9596246, 40.7916816], [-73.9596817, 40.7916768], [-73.9597337, 40.7916697], [-73.959787, 40.7916586], [-73.9598899, 40.791636], [-73.9599784, 40.791603], [-73.9600418, 40.7915687], [-73.9600845, 40.7915406], [-73.9602065, 40.7914318], [-73.9602906, 40.7913546], [-73.9603526, 40.7913167], [-73.9604377, 40.791274], [-73.9605248, 40.7912423], [-73.9606364, 40.7912158], [-73.9607661, 40.7911945], [-73.9608634, 40.7911836]]}}, {"type": "Feature", "properties": {"wayId": 104344856, "name": "Wallach Walk", "highway": "footway"}, "geometry": {"type": "LineString", "coordinates": [[-73.9693258, 40.7706038], [-73.96924, 40.7706746], [-73.9691627, 40.7707275], [-73.9690712, 40.770796], [-73.9689311, 40.7708701], [-73.9687132, 40.770988], [-73.9685817, 40.7710821], [-73.9684705, 40.7711857], [-73.9684359, 40.7712322], [-73.9684046, 40.7712845], [-73.968351, 40.7714024], [-73.9682918, 40.7715871], [-73.9682328, 40.7717588], [-73.9681439, 40.7719892], [-73.9680769, 40.7721274], [-73.9680419, 40.7721746], [-73.9679755, 40.7722642], [-73.9677278, 40.7725185], [-73.967646, 40.7726198]]}}, {"type": "Feature", "properties": {"wayId": 104344860, "name": "", "highway": "footway"}, "geometry": {"type": "LineString", "coordinates": [[-73.9721838, 40.7802585], [-73.9722318, 40.7803406], [-73.9722554, 40.7804058], [-73.9722705, 40.7804662], [-73.9722716, 40.7805334], [-73.9722677, 40.7805818], [-73.9722539, 40.7806229], [-73.9722335, 40.7806631], [-73.9722211, 40.7807185], [-73.972227, 40.7807772], [-73.9722463, 40.780822], [-73.9722883, 40.7808644], [-73.9723749, 40.7808966]]}}, {"type": "Feature", "properties": {"wayId": 104909762, "name": "", "highway": "footway"}, "geometry": {"type": "LineString", "coordinates": [[-73.9704791, 40.7819603], [-73.9704127, 40.7819769], [-73.9701395, 40.7820452], [-73.9700534, 40.7820722], [-73.9699778, 40.782099], [-73.9698873, 40.7821328], [-73.9697886, 40.7821767], [-73.9696686, 40.7822469], [-73.9696166, 40.7822869], [-73.9695705, 40.7823395], [-73.9695541, 40.7823546], [-73.9695154, 40.7824248], [-73.969491, 40.7824881], [-73.9694715, 40.7825418], [-73.9694588, 40.7825866], [-73.969452, 40.7826205], [-73.9694507, 40.7826654], [-73.9694519, 40.7827211], [-73.9694696, 40.7828627], [-73.9694585, 40.7828915], [-73.9694205, 40.7829407], [-73.9693484, 40.7830165], [-73.9693004, 40.7830771], [-73.9692684, 40.7831508], [-73.9692431, 40.7832316], [-73.9692302, 40.7833137], [-73.9692471, 40.7833538], [-73.9693031, 40.7834296], [-73.9693565, 40.7835052], [-73.9693929, 40.7835739], [-73.9694218, 40.7836376], [-73.9694418, 40.7837134], [-73.9694716, 40.7838584]]}}, {"type": "Feature", "properties": {"wayId": 104909763, "name": "", "highway": "footway"}, "geometry": {"type": "LineString", "coordinates": [[-73.9651016, 40.7818504], [-73.9649991, 40.7818501], [-73.9649192, 40.7818397], [-73.964791, 40.7818089], [-73.9647407, 40.7817794], [-73.964681, 40.7817427], [-73.9645622, 40.7816915], [-73.9644381, 40.7816584], [-73.9643162, 40.7816337], [-73.9642037, 40.7816154], [-73.9641118, 40.7816023], [-73.9640611, 40.7815737]]}}, {"type": "Feature", "properties": {"wayId": 104909764, "name": "", "highway": "footway"}, "geometry": {"type": "LineString", "coordinates": [[-73.9693063, 40.7828458], [-73.9693978, 40.782862], [-73.9694696, 40.7828627], [-73.9695243, 40.7828538], [-73.9695952, 40.7828115], [-73.9696766, 40.782769], [-73.9697859, 40.7827337], [-73.969902, 40.7827115], [-73.969998, 40.7826994], [-73.9701151, 40.7826951], [-73.970196, 40.7826975], [-73.9702633, 40.7827103], [-73.9703195, 40.7827266], [-73.9703702, 40.7827509], [-73.9704113, 40.7827845], [-73.9704329, 40.7828165], [-73.9704475, 40.7828539], [-73.9704424, 40.7828919], [-73.9704315, 40.7829236], [-73.9703942, 40.7829721], [-73.9703363, 40.7830142]]}}, {"type": "Feature", "properties": {"wayId": 104909770, "name": "Northwest Central Park Loop", "highway": "footway"}, "geometry": {"type": "LineString", "coordinates": [[-73.9710943, 40.7819438], [-73.9710403, 40.7819514], [-73.9709326, 40.7819573], [-73.9708846, 40.7819581], [-73.9708237, 40.781967]]}}, {"type": "Feature", "properties": {"wayId": 104910780, "name": "", "highway": "footway"}, "geometry": {"type": "LineString", "coordinates": [[-73.965492, 40.775518], [-73.9654957, 40.7757828], [-73.9654591, 40.7759084], [-73.9653937, 40.7760498], [-73.9653316, 40.7761627], [-73.9652637, 40.776262], [-73.9652242, 40.7763247], [-73.9651779, 40.7763981], [-73.9651028, 40.7764895], [-73.965036, 40.7766019], [-73.9650062, 40.776652], [-73.9649746, 40.7767103], [-73.9649273, 40.7767518], [-73.964847, 40.7767967], [-73.9647541, 40.7768463], [-73.9646613, 40.7768888], [-73.9645434, 40.7769359], [-73.9644617, 40.7769581], [-73.9643816, 40.7769804], [-73.9642796, 40.7769966]]}}, {"type": "Feature", "properties": {"wayId": 104910782, "name": "Wallach Walk", "highway": "footway"}, "geometry": {"type": "LineString", "coordinates": [[-73.9646542, 40.7779713], [-73.9647353, 40.7779174], [-73.9648494, 40.777848], [-73.9650062, 40.7777426], [-73.9650523, 40.7777071], [-73.9651403, 40.7776391], [-73.965188, 40.7775922], [-73.9652148, 40.7775648], [-73.9652285, 40.7775464], [-73.9652423, 40.7775254], [-73.9652497, 40.7775103], [-73.9652558, 40.7774948], [-73.9652618, 40.7774699]]}}, {"type": "Feature", "properties": {"wayId": 104910785, "name": "", "highway": "footway"}, "geometry": {"type": "LineString", "coordinates": [[-73.9664674, 40.7750893], [-73.9664511, 40.7751248], [-73.9665022, 40.7752278], [-73.966506, 40.7752731], [-73.9664334, 40.7752872], [-73.9663327, 40.7753189], [-73.9661497, 40.7753635], [-73.9660697, 40.7753778], [-73.9660057, 40.7753756], [-73.9659306, 40.7753619], [-73.9657267, 40.7753038]]}}, {"type": "Feature", "properties": {"wayId": 104910788, "name": "", "highway": "footway"}, "geometry": {"type": "LineString", "coordinates": [[-73.965731, 40.7762027], [-73.9656086, 40.7762224], [-73.9654649, 40.7762519], [-73.96534, 40.7762879], [-73.9652242, 40.7763247]]}}, {"type": "Feature", "properties": {"wayId": 104910789, "name": "", "highway": "footway"}, "geometry": {"type": "LineString", "coordinates": [[-73.9642796, 40.7769966], [-73.9643839, 40.7770805], [-73.9645009, 40.7771489], [-73.9646192, 40.7772496], [-73.9647205, 40.7773215], [-73.9648703, 40.7774044], [-73.9649414, 40.777438], [-73.9650054, 40.7774641], [-73.9650407, 40.7774754], [-73.9650806, 40.7774839], [-73.9651007, 40.7774858], [-73.9651167, 40.7774853], [-73.9651543, 40.7774819], [-73.9652074, 40.777476], [-73.9652618, 40.7774699]]}}, {"type": "Feature", "properties": {"wayId": 104983813, "name": "", "highway": "footway"}, "geometry": {"type": "LineString", "coordinates": [[-73.9726146, 40.7721933], [-73.9726213, 40.7721392], [-73.9726141, 40.7720905], [-73.972602, 40.772039], [-73.9725932, 40.7720015], [-73.9725844, 40.7719633], [-73.9725755, 40.7719279], [-73.9725789, 40.7718801], [-73.9725855, 40.7718327], [-73.972602, 40.7717919], [-73.9726424, 40.7717263], [-73.9726811, 40.7716797], [-73.9727327, 40.7716281], [-73.9727842, 40.7715808], [-73.9728436, 40.7715225], [-73.9728898, 40.7714771], [-73.9729161, 40.7714443], [-73.9729326, 40.7714177], [-73.9729501, 40.7713888], [-73.9729655, 40.7713486], [-73.9729672, 40.7712831]]}}, {"type": "Feature", "properties": {"wayId": 104983814, "name": "Wallach Walk", "highway": "footway"}, "geometry": {"type": "LineString", "coordinates": [[-73.9700251, 40.770184], [-73.9701309, 40.7701305], [-73.9702892, 40.7700446], [-73.9703973, 40.7699881], [-73.970419, 40.7699782], [-73.9704413, 40.7699688], [-73.9704646, 40.7699597], [-73.9705087, 40.7699471], [-73.9705821, 40.7699286], [-73.9706469, 40.7699144], [-73.9706693, 40.769911], [-73.9706951, 40.7699093], [-73.9707149, 40.7699081], [-73.9707249, 40.7699082], [-73.9707362, 40.7699094], [-73.970753, 40.7699124], [-73.970769, 40.7699164], [-73.9708019, 40.7699281], [-73.9708511, 40.769943], [-73.9709387, 40.7699713]]}}, {"type": "Feature", "properties": {"wayId": 104983817, "name": "", "highway": "footway"}, "geometry": {"type": "LineString", "coordinates": [[-73.9723661, 40.769894], [-73.9722736, 40.7698843], [-73.9721784, 40.7699306], [-73.9720819, 40.7699774], [-73.9720309, 40.7700099], [-73.9719616, 40.7700732], [-73.9719188, 40.7701177], [-73.9718163, 40.7701866], [-73.9717574, 40.770227], [-73.9716823, 40.7702596], [-73.9715911, 40.7703063]]}}, {"type": "Feature", "properties": {"wayId": 108111427, "name": "", "highway": "footway"}, "geometry": {"type": "LineString", "coordinates": [[-73.9723928, 40.7677423], [-73.9723728, 40.7677726], [-73.9721953, 40.7680098], [-73.9720206, 40.7682439], [-73.9720026, 40.768268]]}}, {"type": "Feature", "properties": {"wayId": 108111428, "name": "", "highway": "footway"}, "geometry": {"type": "LineString", "coordinates": [[-73.9720206, 40.7682439], [-73.9719491, 40.7682151], [-73.9718016, 40.7682446], [-73.9717627, 40.7682984], [-73.9714997, 40.7681884], [-73.971296, 40.7681034], [-73.9713407, 40.7680357]]}}, {"type": "Feature", "properties": {"wayId": 108111430, "name": "", "highway": "footway"}, "geometry": {"type": "LineString", "coordinates": [[-73.9714997, 40.7681884], [-73.9714798, 40.7682183]]}}, {"type": "Feature", "properties": {"wayId": 108111433, "name": "", "highway": "footway"}, "geometry": {"type": "LineString", "coordinates": [[-73.9721953, 40.7680098], [-73.9721392, 40.7679854], [-73.9720859, 40.7679638], [-73.9719023, 40.7678882]]}}, {"type": "Feature", "properties": {"wayId": 108111434, "name": "", "highway": "footway"}, "geometry": {"type": "LineString", "coordinates": [[-73.9717666, 40.7674572], [-73.9717987, 40.7674715], [-73.9718893, 40.7675106], [-73.9719798, 40.7675497], [-73.9721919, 40.7676412], [-73.9722312, 40.7677591], [-73.9720859, 40.7679638], [-73.9719497, 40.7681589], [-73.9717507, 40.7682039], [-73.9715471, 40.7681211], [-73.9713734, 40.7680493], [-73.9713407, 40.7680357]]}}, {"type": "Feature", "properties": {"wayId": 108111438, "name": "", "highway": "footway"}, "geometry": {"type": "LineString", "coordinates": [[-73.9725473, 40.7682974], [-73.972621, 40.7684406], [-73.9726371, 40.768531], [-73.9725982, 40.7685665], [-73.9724386, 40.7685655], [-73.9723273, 40.7685198], [-73.9722053, 40.7684436], [-73.9721265, 40.7684098], [-73.972035, 40.7683705], [-73.972035, 40.7683309], [-73.9720848, 40.7683232], [-73.9721664, 40.7683106]]}}, {"type": "Feature", "properties": {"wayId": 108111442, "name": "", "highway": "footway"}, "geometry": {"type": "LineString", "coordinates": [[-73.9716784, 40.7679463], [-73.9715471, 40.7681211], [-73.9715167, 40.7681642], [-73.9714997, 40.7681884]]}}, {"type": "Feature", "properties": {"wayId": 108111445, "name": "", "highway": "footway"}, "geometry": {"type": "LineString", "coordinates": [[-73.9723332, 40.7675986], [-73.9722952, 40.7675828], [-73.9718205, 40.7673853], [-73.9717666, 40.7674572], [-73.9717247, 40.7675187], [-73.9716729, 40.7675762], [-73.9716415, 40.7675767], [-73.9715822, 40.7675752]]}}, {"type": "Feature", "properties": {"wayId": 108111447, "name": "", "highway": "footway"}, "geometry": {"type": "LineString", "coordinates": [[-73.9720206, 40.7682439], [-73.972048, 40.7682564], [-73.9721664, 40.7683106], [-73.9722845, 40.7683251], [-73.9723422, 40.7683257], [-73.972391, 40.7683215], [-73.9725473, 40.7682974], [-73.9725057, 40.7681806], [-73.9724963, 40.7680495], [-73.972566, 40.7679348], [-73.972613, 40.7678748], [-73.9723907, 40.7677802], [-73.9723728, 40.7677726]]}}, {"type": "Feature", "properties": {"wayId": 108111449, "name": "", "highway": "footway"}, "geometry": {"type": "LineString", "coordinates": [[-73.9722952, 40.7675828], [-73.9722536, 40.7676301], [-73.9722951, 40.7677397], [-73.9723728, 40.7677726]]}}, {"type": "Feature", "properties": {"wayId": 108111450, "name": "", "highway": "footway"}, "geometry": {"type": "LineString", "coordinates": [[-73.9718654, 40.7677124], [-73.9719798, 40.7675497]]}}, {"type": "Feature", "properties": {"wayId": 108111451, "name": "", "highway": "footway"}, "geometry": {"type": "LineString", "coordinates": [[-73.9717366, 40.7679746], [-73.9718488, 40.7679522], [-73.9719023, 40.7678882], [-73.9719487, 40.767823], [-73.9719139, 40.767736], [-73.9718654, 40.7677124], [-73.9718005, 40.7676868]]}}, {"type": "Feature", "properties": {"wayId": 108111456, "name": "", "highway": "footway"}, "geometry": {"type": "LineString", "coordinates": [[-73.9733955, 40.7679327], [-73.973481, 40.7679313], [-73.9735348, 40.7679143], [-73.973571, 40.7679051], [-73.9735996, 40.7678968], [-73.9736325, 40.7678843], [-73.9736817, 40.7678618], [-73.9737265, 40.7678431]]}}, {"type": "Feature", "properties": {"wayId": 113049800, "name": "", "highway": "footway"}, "geometry": {"type": "LineString", "coordinates": [[-73.9749707, 40.7672839], [-73.9750204, 40.7673142], [-73.9751367, 40.7673726], [-73.975166, 40.7673949], [-73.9752034, 40.7674356], [-73.975224, 40.7674757], [-73.9752319, 40.7675138], [-73.9752469, 40.7675412]]}}, {"type": "Feature", "properties": {"wayId": 113049801, "name": "", "highway": "footway"}, "geometry": {"type": "LineString", "coordinates": [[-73.9735175, 40.7668378], [-73.9735143, 40.7667941], [-73.9735035, 40.7667616], [-73.9734955, 40.7667169], [-73.9734928, 40.7666823], [-73.9735008, 40.7666539], [-73.9735223, 40.7666153], [-73.9735533, 40.7665748], [-73.9735733, 40.7665523], [-73.9735894, 40.7665279], [-73.9735974, 40.7665097], [-73.9735974, 40.7664955], [-73.9735813, 40.7664752], [-73.9735598, 40.766459], [-73.9735438, 40.7664468], [-73.9735318, 40.7664285], [-73.973525, 40.7664041], [-73.9735223, 40.7663737], [-73.9735277, 40.7663452], [-73.9735384, 40.7663107], [-73.9736069, 40.7662233], [-73.9736457, 40.7661766], [-73.9736618, 40.7661502], [-73.9736682, 40.7661299], [-73.9736698, 40.7661111], [-73.9736645, 40.7660892], [-73.9736457, 40.7660689], [-73.9736269, 40.7660486], [-73.973592, 40.7660283], [-73.9735464, 40.76601], [-73.9734636, 40.7659603], [-73.9734245, 40.7659369], [-73.9733233, 40.7658864], [-73.9732497, 40.7658378], [-73.9731909, 40.7657783], [-73.9731494, 40.7657085], [-73.9731294, 40.7656827], [-73.9730751, 40.7656103], [-73.9730025, 40.7655792], [-73.9729623, 40.765562], [-73.9728852, 40.7655327]]}}, {"type": "Feature", "properties": {"wayId": 113049804, "name": "", "highway": "footway"}, "geometry": {"type": "LineString", "coordinates": [[-73.9735464, 40.76601], [-73.9735438, 40.7660628], [-73.9735555, 40.7661081]]}}, {"type": "Feature", "properties": {"wayId": 113049805, "name": "", "highway": "footway"}, "geometry": {"type": "LineString", "coordinates": [[-73.9774218, 40.7672267], [-73.9774014, 40.7672721], [-73.9773922, 40.767295], [-73.9773459, 40.7673609], [-73.9773123, 40.7674149], [-73.9772903, 40.7674584], [-73.9772691, 40.7675187], [-73.9772698, 40.76757], [-73.9772835, 40.7676203], [-73.977318, 40.767694], [-73.9773921, 40.7678007], [-73.9775458, 40.7680018]]}}, {"type": "Feature", "properties": {"wayId": 113049807, "name": "", "highway": "footway"}, "geometry": {"type": "LineString", "coordinates": [[-73.9754841, 40.7673984], [-73.9755687, 40.7674624], [-73.9756277, 40.7674929], [-73.9757108, 40.7675416], [-73.9758195, 40.7675911], [-73.9758789, 40.7676092], [-73.9759364, 40.7676247], [-73.9759931, 40.7676391], [-73.9760673, 40.7676629], [-73.9758942, 40.7679782], [-73.9757338, 40.7682562], [-73.9756852, 40.7683342]]}}, {"type": "Feature", "properties": {"wayId": 113049808, "name": "", "highway": "footway"}, "geometry": {"type": "LineString", "coordinates": [[-73.9754841, 40.7673984], [-73.9756273, 40.7673591], [-73.9756948, 40.7673261], [-73.9757602, 40.7672942], [-73.9758295, 40.7672388], [-73.9759007, 40.7671811], [-73.9759153, 40.7670921], [-73.9759304, 40.7670322], [-73.9759414, 40.766979], [-73.9759721, 40.7669091], [-73.9760585, 40.7667849], [-73.9761115, 40.7667393], [-73.9761372, 40.7667226], [-73.9761846, 40.7666953], [-73.9762409, 40.766654], [-73.9762811, 40.7666113], [-73.9763267, 40.7665463], [-73.9763434, 40.7664879], [-73.9763532, 40.76644], [-73.9763345, 40.7663682], [-73.9762939, 40.7662561], [-73.9762846, 40.7661727]]}}, {"type": "Feature", "properties": {"wayId": 113049809, "name": "", "highway": "footway"}, "geometry": {"type": "LineString", "coordinates": [[-73.9739373, 40.7651649], [-73.9739085, 40.765299], [-73.9738937, 40.7653567], [-73.9738772, 40.7654076], [-73.9738476, 40.7654567], [-73.9737991, 40.7654933], [-73.9736859, 40.7655793], [-73.973664, 40.7656048], [-73.9736548, 40.7656271], [-73.9736526, 40.7656448], [-73.9736581, 40.7657121], [-73.973668, 40.765777], [-73.9736677, 40.7657901], [-73.9736633, 40.7658064], [-73.9736534, 40.7658253], [-73.9736405, 40.7658402], [-73.9735438, 40.7659064], [-73.9735062, 40.7659328], [-73.9734636, 40.7659603]]}}, {"type": "Feature", "properties": {"wayId": 113049810, "name": "", "highway": "footway"}, "geometry": {"type": "LineString", "coordinates": [[-73.9737118, 40.7669736], [-73.9736508, 40.766998], [-73.9735934, 40.7670179], [-73.9735205, 40.7670444], [-73.9734204, 40.7670925]]}}, {"type": "Feature", "properties": {"wayId": 113049811, "name": "", "highway": "footway"}, "geometry": {"type": "LineString", "coordinates": [[-73.9734669, 40.767298], [-73.9734826, 40.7673037], [-73.9734933, 40.7672915], [-73.9734987, 40.7672712], [-73.973504, 40.7672448], [-73.9735013, 40.7672181], [-73.9734772, 40.7671717], [-73.9734584, 40.7671412], [-73.9734204, 40.7670925], [-73.9733926, 40.7671195], [-73.9733809, 40.7671368], [-73.9733626, 40.7671684], [-73.9733593, 40.7671985], [-73.9733651, 40.767223], [-73.9733803, 40.7672468], [-73.9734323, 40.7672792]]}}, {"type": "Feature", "properties": {"wayId": 113049812, "name": "", "highway": "footway"}, "geometry": {"type": "LineString", "coordinates": [[-73.9739491, 40.7668817], [-73.9737118, 40.7669736]]}}, {"type": "Feature", "properties": {"wayId": 113049814, "name": "", "highway": "footway"}, "geometry": {"type": "LineString", "coordinates": [[-73.976013, 40.7665712], [-73.9760166, 40.7665279], [-73.9760194, 40.766494], [-73.9760315, 40.7664588], [-73.976065, 40.7663852], [-73.9761127, 40.7663082], [-73.9761045, 40.7662821], [-73.9760875, 40.7662564], [-73.9760721, 40.7662312], [-73.9760531, 40.7662016], [-73.9760524, 40.766173]]}}, {"type": "Feature", "properties": {"wayId": 113049816, "name": "", "highway": "footway"}, "geometry": {"type": "LineString", "coordinates": [[-73.9734826, 40.7673037], [-73.9735035, 40.7673222], [-73.9735278, 40.7673425], [-73.973559, 40.7673953], [-73.9735897, 40.7674372], [-73.9736244, 40.7674839], [-73.9736826, 40.7675618], [-73.9737063, 40.7676012], [-73.9737199, 40.7676348], [-73.9737341, 40.7676689], [-73.9737508, 40.7676979], [-73.9737671, 40.7677209], [-73.9737836, 40.7677367], [-73.9737265, 40.7678431], [-73.9737402, 40.7678644], [-73.9737504, 40.7679165], [-73.9737722, 40.767983], [-73.9737775, 40.7680182], [-73.9737808, 40.7680607], [-73.9737774, 40.7681226]]}}, {"type": "Feature", "properties": {"wayId": 113049817, "name": "", "highway": "footway"}, "geometry": {"type": "LineString", "coordinates": [[-73.9740479, 40.7701132], [-73.9742222, 40.7700579], [-73.9743566, 40.7700157], [-73.9744031, 40.7700041], [-73.9744987, 40.7699476], [-73.974579, 40.7698798], [-73.9745932, 40.7698488]]}}, {"type": "Feature", "properties": {"wayId": 113049819, "name": "", "highway": "footway"}, "geometry": {"type": "LineString", "coordinates": [[-73.9770393, 40.7665924], [-73.9769763, 40.7666016], [-73.9769007, 40.7666153]]}}, {"type": "Feature", "properties": {"wayId": 113049820, "name": "", "highway": "footway"}, "geometry": {"type": "LineString", "coordinates": [[-73.9721883, 40.7694508], [-73.9722162, 40.7694943]]}}, {"type": "Feature", "properties": {"wayId": 113049822, "name": "Former Drive", "highway": "track"}, "geometry": {"type": "LineString", "coordinates": [[-73.9735807, 40.7704523], [-73.9735852, 40.7704226], [-73.9735948, 40.7703946], [-73.9736162, 40.77035], [-73.9736468, 40.7703033], [-73.973675, 40.7702712], [-73.9737158, 40.7702429], [-73.9737732, 40.7702068], [-73.9738273, 40.7701794], [-73.9739018, 40.7701472], [-73.9739797, 40.770116]]}}, {"type": "Feature", "properties": {"wayId": 113049823, "name": "", "highway": "footway"}, "geometry": {"type": "LineString", "coordinates": [[-73.9761127, 40.7663082], [-73.976183, 40.7663501], [-73.9762237, 40.7663776]]}}, {"type": "Feature", "properties": {"wayId": 113049824, "name": "", "highway": "footway"}, "geometry": {"type": "LineString", "coordinates": [[-73.9754841, 40.7673984], [-73.9753997, 40.7673709], [-73.9753139, 40.7673424], [-73.975259, 40.7673248], [-73.975211, 40.7673099], [-73.9751409, 40.7672905], [-73.9750573, 40.7672743], [-73.9750145, 40.7672726], [-73.9749707, 40.7672839], [-73.9749244, 40.7672767], [-73.9748524, 40.7672709], [-73.9747683, 40.7672609], [-73.9746967, 40.7672504], [-73.9746563, 40.767245], [-73.9746128, 40.7672368], [-73.9745802, 40.7672267], [-73.9745466, 40.7672077], [-73.9745174, 40.7671844], [-73.9744939, 40.7671536], [-73.9744759, 40.7671229], [-73.9744642, 40.7670871], [-73.9744555, 40.7670472], [-73.9744387, 40.7669919], [-73.9744183, 40.7669518], [-73.9743933, 40.7669215], [-73.974361, 40.7668941], [-73.9743192, 40.7668765], [-73.9742604, 40.7668643], [-73.9741874, 40.7668567], [-73.9741353, 40.7668551], [-73.9740656, 40.7668551], [-73.9739491, 40.7668817]]}}, {"type": "Feature", "properties": {"wayId": 113049826, "name": "", "highway": "footway"}, "geometry": {"type": "LineString", "coordinates": [[-73.9778749, 40.7681519], [-73.9780093, 40.7681975], [-73.9781096, 40.7682341], [-73.9782326, 40.7682954], [-73.9783103, 40.7682458], [-73.9784004, 40.7681738], [-73.9784696, 40.7681343], [-73.9785465, 40.768096], [-73.9786186, 40.7680572], [-73.9786794, 40.7680187], [-73.9787851, 40.7679516], [-73.9788467, 40.7678905], [-73.9788872, 40.7678551]]}}, {"type": "Feature", "properties": {"wayId": 128578940, "name": "", "highway": "footway"}, "geometry": {"type": "LineString", "coordinates": [[-73.9787908, 40.7715168], [-73.9787868, 40.7716046], [-73.9787664, 40.7717512]]}}, {"type": "Feature", "properties": {"wayId": 128578942, "name": "", "highway": "footway"}, "geometry": {"type": "LineString", "coordinates": [[-73.9761864, 40.7686953], [-73.9761915, 40.7686599], [-73.9761882, 40.7686192], [-73.9761771, 40.7685736], [-73.9761607, 40.7685385], [-73.9761342, 40.7685086], [-73.9760937, 40.7684745], [-73.9760571, 40.7684394], [-73.9759798, 40.7683847], [-73.9758939, 40.7683297], [-73.9758553, 40.7683095], [-73.9758036, 40.7682839], [-73.9757338, 40.7682562], [-73.9757247, 40.7682524], [-73.9756314, 40.7682382], [-73.9755622, 40.7682349], [-73.975505, 40.7682309], [-73.975443, 40.7682408], [-73.9754018, 40.7682474], [-73.9753424, 40.768268], [-73.9753094, 40.7682862], [-73.9752696, 40.7683169], [-73.9752316, 40.7683622], [-73.97522, 40.7683984]]}}, {"type": "Feature", "properties": {"wayId": 128578952, "name": "", "highway": "footway"}, "geometry": {"type": "LineString", "coordinates": [[-73.9783498, 40.7716303], [-73.978395, 40.771706], [-73.9785457, 40.7716758], [-73.978627, 40.7716675]]}}, {"type": "Feature", "properties": {"wayId": 128578953, "name": "", "highway": "footway"}, "geometry": {"type": "LineString", "coordinates": [[-73.9788534, 40.7697121], [-73.9787539, 40.769719]]}}, {"type": "Feature", "properties": {"wayId": 128578954, "name": "", "highway": "footway"}, "geometry": {"type": "LineString", "coordinates": [[-73.9788862, 40.7696462], [-73.9788897, 40.7696792], [-73.9788809, 40.7696983], [-73.9788534, 40.7697121]]}}, {"type": "Feature", "properties": {"wayId": 128578955, "name": "", "highway": "footway"}, "geometry": {"type": "LineString", "coordinates": [[-73.9788137, 40.7693311], [-73.9788458, 40.7693872], [-73.9788659, 40.7694132], [-73.9789059, 40.7694272], [-73.9789403, 40.7694429], [-73.9789644, 40.7694621], [-73.9789677, 40.7694762]]}}, {"type": "Feature", "properties": {"wayId": 128578958, "name": "", "highway": "footway"}, "geometry": {"type": "LineString", "coordinates": [[-73.9775458, 40.7680018], [-73.9775751, 40.7680456], [-73.977687, 40.7680928], [-73.9778749, 40.7681519]]}}, {"type": "Feature", "properties": {"wayId": 128580932, "name": "", "highway": "footway"}, "geometry": {"type": "LineString", "coordinates": [[-73.9772184, 40.7718657], [-73.9774262, 40.7716638], [-73.9775663, 40.771557], [-73.9776269, 40.7715169], [-73.977896, 40.7713367], [-73.9782419, 40.7711117], [-73.9785543, 40.7708737]]}}, {"type": "Feature", "properties": {"wayId": 128580933, "name": "", "highway": "footway"}, "geometry": {"type": "LineString", "coordinates": [[-73.9805512, 40.7691874], [-73.9804193, 40.7692604], [-73.9803109, 40.7693122], [-73.9802525, 40.7693447], [-73.9802018, 40.7693324], [-73.9801308, 40.7693082], [-73.980037, 40.7692814], [-73.9800089, 40.7692759]]}}, {"type": "Feature", "properties": {"wayId": 128580934, "name": "", "highway": "footway"}, "geometry": {"type": "LineString", "coordinates": [[-73.9799005, 40.7689046], [-73.9798794, 40.7689053], [-73.9798249, 40.7689068], [-73.9797203, 40.7688992], [-73.9795982, 40.7688688], [-73.9794982, 40.7688416], [-73.9794089, 40.7688337], [-73.9792701, 40.7688328], [-73.9792114, 40.7688406], [-73.9791648, 40.7688593], [-73.9791392, 40.7688666], [-73.9791061, 40.7689322], [-73.9791016, 40.7690183], [-73.9790982, 40.7690633], [-73.9790816, 40.7691005], [-73.9790379, 40.7691439]]}}, {"type": "Feature", "properties": {"wayId": 128580935, "name": "", "highway": "footway"}, "geometry": {"type": "LineString", "coordinates": [[-73.979123, 40.7704743], [-73.9791506, 40.7704542], [-73.9792224, 40.7704222], [-73.9793143, 40.7704107], [-73.979396, 40.770425], [-73.9795155, 40.7704655], [-73.9795451, 40.7705356], [-73.9795897, 40.7705905], [-73.9796459, 40.7706385], [-73.9798147, 40.7706977]]}}, {"type": "Feature", "properties": {"wayId": 128580939, "name": "", "highway": "footway"}, "geometry": {"type": "LineString", "coordinates": [[-73.9784222, 40.7689712], [-73.9783401, 40.7690103], [-73.9782977, 40.7690466], [-73.97828, 40.7691058], [-73.97828, 40.7691586], [-73.9783015, 40.769244], [-73.9783454, 40.769321], [-73.97839, 40.7693553], [-73.9784785, 40.7694349], [-73.9786068, 40.7695352], [-73.9786602, 40.7695777], [-73.9786997, 40.7696259], [-73.9787371, 40.769675], [-73.9787539, 40.769719], [-73.978737, 40.7697901], [-73.9787203, 40.769834], [-73.978677, 40.769894], [-73.9784855, 40.7700357], [-73.9783138, 40.7701527]]}}, {"type": "Feature", "properties": {"wayId": 128580940, "name": "", "highway": "footway"}, "geometry": {"type": "LineString", "coordinates": [[-73.9783138, 40.7701527], [-73.9782464, 40.7701158], [-73.9781822, 40.7700673]]}}, {"type": "Feature", "properties": {"wayId": 128580941, "name": "", "highway": "footway"}, "geometry": {"type": "LineString", "coordinates": [[-73.973774, 40.7700656], [-73.9737069, 40.7701056], [-73.973619, 40.7701621], [-73.9735223, 40.7702295], [-73.9734619, 40.7702753], [-73.9734116, 40.7703189], [-73.9733552, 40.7703838]]}}, {"type": "Feature", "properties": {"wayId": 128580945, "name": "", "highway": "footway"}, "geometry": {"type": "LineString", "coordinates": [[-73.9758322, 40.7698284], [-73.9757061, 40.7698281], [-73.9756544, 40.7698261], [-73.9756094, 40.7698194], [-73.9755697, 40.7698109], [-73.9755226, 40.7697961], [-73.9754743, 40.7697745], [-73.9754322, 40.7697499], [-73.975367, 40.7696909]]}}, {"type": "Feature", "properties": {"wayId": 128580946, "name": "", "highway": "footway"}, "geometry": {"type": "LineString", "coordinates": [[-73.9791392, 40.7688666], [-73.9790753, 40.7688615], [-73.9790007, 40.7688489], [-73.9789128, 40.7688091], [-73.9788164, 40.7687564], [-73.9787277, 40.7686892], [-73.9786554, 40.7686248], [-73.9785821, 40.7685694], [-73.9785423, 40.7685451], [-73.9784856, 40.768528], [-73.9784239, 40.7685217], [-73.9783671, 40.7684573], [-73.9783031, 40.7683726], [-73.9782326, 40.7682954]]}}, {"type": "Feature", "properties": {"wayId": 128580948, "name": "", "highway": "footway"}, "geometry": {"type": "LineString", "coordinates": [[-73.9798249, 40.7689068], [-73.9797212, 40.7687812], [-73.9795084, 40.7685574], [-73.9793434, 40.7684016], [-73.9792407, 40.7683182], [-73.9791714, 40.7682727], [-73.9791022, 40.7682325], [-73.979011, 40.7681867], [-73.9789517, 40.7681443], [-73.9789045, 40.7681085], [-73.9788683, 40.7680769], [-73.9788363, 40.7680405], [-73.9787851, 40.7679516]]}}, {"type": "Feature", "properties": {"wayId": 128580949, "name": "", "highway": "footway"}, "geometry": {"type": "LineString", "coordinates": [[-73.978737, 40.7697901], [-73.9788486, 40.7697843], [-73.978913, 40.7698209], [-73.9789584, 40.7698992], [-73.9789988, 40.7699874], [-73.9790578, 40.7700321], [-73.9791168, 40.7700809], [-73.9791491, 40.7701049]]}}, {"type": "Feature", "properties": {"wayId": 128582373, "name": "", "highway": "footway"}, "geometry": {"type": "LineString", "coordinates": [[-73.9747065, 40.7692403], [-73.9747536, 40.7692169], [-73.9747876, 40.7691848], [-73.9748071, 40.7691464], [-73.9748104, 40.7691054], [-73.974797, 40.7690655], [-73.9747683, 40.7690306], [-73.9747269, 40.7690039], [-73.9746769, 40.768988], [-73.9746228, 40.7689844], [-73.9745698, 40.7689933], [-73.9745228, 40.769014], [-73.9744853, 40.7690459], [-73.9744629, 40.769085], [-73.9744579, 40.7691275], [-73.9744708, 40.7691691], [-73.9745003, 40.7692054], [-73.9745434, 40.7692329], [-73.9745958, 40.7692487], [-73.974652, 40.7692513], [-73.9747065, 40.7692403]]}}, {"type": "Feature", "properties": {"wayId": 128582376, "name": "", "highway": "footway"}, "geometry": {"type": "LineString", "coordinates": [[-73.9769007, 40.7666153], [-73.9768929, 40.7666967], [-73.976887, 40.7667394], [-73.9768686, 40.7667884], [-73.9768343, 40.7668509], [-73.9768112, 40.76689], [-73.9767847, 40.7669247], [-73.9767453, 40.7669756], [-73.976708, 40.7670097], [-73.9766805, 40.7670405], [-73.9766462, 40.7670861], [-73.9766009, 40.7671679], [-73.9765366, 40.7672126], [-73.976407, 40.7672907], [-73.9763115, 40.7673616], [-73.9762199, 40.7674482], [-73.9761567, 40.7675171], [-73.9761141, 40.7675729], [-73.9760673, 40.7676629]]}}, {"type": "Feature", "properties": {"wayId": 128582378, "name": "", "highway": "steps"}, "geometry": {"type": "LineString", "coordinates": [[-73.9745228, 40.769014], [-73.9744686, 40.7689921], [-73.9744404, 40.7689566], [-73.9744067, 40.7689277], [-73.9743791, 40.7689013]]}}, {"type": "Feature", "properties": {"wayId": 128582379, "name": "", "highway": "footway"}, "geometry": {"type": "LineString", "coordinates": [[-73.9759007, 40.7671811], [-73.9759315, 40.7672376], [-73.9759522, 40.7673612], [-73.975969, 40.7674418], [-73.9759925, 40.7675362], [-73.9759975, 40.7675624], [-73.976015, 40.7676091], [-73.9760673, 40.7676629]]}}, {"type": "Feature", "properties": {"wayId": 128582383, "name": "", "highway": "footway"}, "geometry": {"type": "LineString", "coordinates": [[-73.9747536, 40.7692169], [-73.9747792, 40.7692637], [-73.9748028, 40.7692824], [-73.9748538, 40.7693156], [-73.9748918, 40.769332], [-73.9749403, 40.769347]]}}, {"type": "Feature", "properties": {"wayId": 128582385, "name": "", "highway": "footway"}, "geometry": {"type": "LineString", "coordinates": [[-73.9806684, 40.7691333], [-73.9807925, 40.7689113], [-73.9808141, 40.7688377], [-73.9807937, 40.7687652]]}}, {"type": "Feature", "properties": {"wayId": 128582386, "name": "", "highway": "footway"}, "geometry": {"type": "LineString", "coordinates": [[-73.9733758, 40.7704671], [-73.9733716, 40.7705945], [-73.9734095, 40.7705942], [-73.9734616, 40.7705952], [-73.9735037, 40.770596], [-73.9735438, 40.7705942], [-73.9735667, 40.7705927]]}}, {"type": "Feature", "properties": {"wayId": 128582388, "name": "", "highway": "footway"}, "geometry": {"type": "LineString", "coordinates": [[-73.9729383, 40.769813], [-73.9728619, 40.7698777], [-73.9728281, 40.7699361], [-73.972828, 40.7699849], [-73.9728684, 40.7700885]]}}, {"type": "Feature", "properties": {"wayId": 133803814, "name": "East Drive", "highway": "footway"}, "geometry": {"type": "LineString", "coordinates": [[-73.9698595, 40.7703922], [-73.969992, 40.7706151], [-73.9700215, 40.7706896], [-73.9700541, 40.7707986], [-73.9700677, 40.7708766], [-73.970079, 40.7709455], [-73.9700766, 40.7710177], [-73.9700655, 40.7710785], [-73.9700455, 40.7711433], [-73.9700116, 40.7712119], [-73.969978, 40.7712571], [-73.9699315, 40.7712934], [-73.9698713, 40.771332], [-73.9697979, 40.7713612], [-73.9696901, 40.77138], [-73.9695425, 40.7714005], [-73.9694491, 40.7714208], [-73.9693585, 40.7714528], [-73.9692804, 40.7715001], [-73.9691871, 40.7715702], [-73.9691061, 40.7716632], [-73.9690427, 40.7717621], [-73.9690068, 40.7718553], [-73.9689476, 40.7720148], [-73.9689143, 40.7720919], [-73.9688542, 40.7722479], [-73.9687677, 40.7723427], [-73.96867, 40.772479], [-73.9685719, 40.772584], [-73.9685037, 40.7726533], [-73.9684704, 40.7726795]]}}, {"type": "Feature", "properties": {"wayId": 133803815, "name": "", "highway": "footway"}, "geometry": {"type": "LineString", "coordinates": [[-73.9688542, 40.7722479], [-73.9690082, 40.772286], [-73.9690611, 40.7722988], [-73.9690981, 40.7723083]]}}, {"type": "Feature", "properties": {"wayId": 133803816, "name": "", "highway": "footway"}, "geometry": {"type": "LineString", "coordinates": [[-73.9698495, 40.7699034], [-73.9697798, 40.7699772], [-73.9697601, 40.769996], [-73.9697193, 40.7700331], [-73.9696856, 40.7700763], [-73.9696507, 40.7701272], [-73.9696327, 40.7701656], [-73.9695991, 40.7701913], [-73.9695599, 40.7702053], [-73.9694243, 40.7702448], [-73.9693987, 40.7702805], [-73.969381, 40.7703065], [-73.9693586, 40.7703551], [-73.9693258, 40.7703964], [-73.9692904, 40.7704317], [-73.9692748, 40.7704802], [-73.9692809, 40.7705786]]}}, {"type": "Feature", "properties": {"wayId": 135721475, "name": "", "highway": "footway"}, "geometry": {"type": "LineString", "coordinates": [[-73.9692469, 40.7746993], [-73.969234, 40.7746578], [-73.969304, 40.7742121], [-73.9693152, 40.7740615], [-73.969333, 40.7738815], [-73.9693402, 40.7737962], [-73.9693627, 40.7737333], [-73.9693687, 40.7736829]]}}, {"type": "Feature", "properties": {"wayId": 135968507, "name": "", "highway": "footway"}, "geometry": {"type": "LineString", "coordinates": [[-73.9739623, 40.7773373], [-73.9738985, 40.7773706], [-73.9738357, 40.7774194], [-73.9737872, 40.7774452], [-73.9737388, 40.7774592], [-73.97368, 40.7774791], [-73.9736276, 40.7775067], [-73.9735818, 40.7775448], [-73.9735426, 40.7775859], [-73.973525, 40.7776174], [-73.9735004, 40.7776508], [-73.9734509, 40.7776982], [-73.9734185, 40.7777292], [-73.9733876, 40.7777796], [-73.9733621, 40.777835], [-73.9733555, 40.7778583], [-73.9733391, 40.7778974], [-73.973325, 40.7779165], [-73.9732998, 40.777939], [-73.9732569, 40.7779661], [-73.9732062, 40.7779797], [-73.9731534, 40.7779849], [-73.9731019, 40.7779889], [-73.9730579, 40.7780088], [-73.9730272, 40.7780305], [-73.9729975, 40.7780537], [-73.9729596, 40.7780866]]}}, {"type": "Feature", "properties": {"wayId": 147089927, "name": "", "highway": "footway"}, "geometry": {"type": "LineString", "coordinates": [[-73.9637159, 40.7908388], [-73.9636781, 40.7908047], [-73.9635764, 40.7907204], [-73.9635256, 40.7906917], [-73.963475, 40.7906653], [-73.9634346, 40.7906594], [-73.9633945, 40.7906546], [-73.9633222, 40.7906471], [-73.963249, 40.7906449], [-73.9631796, 40.7906734], [-73.9629231, 40.7907316], [-73.9628469, 40.7907566], [-73.9627897, 40.7907773], [-73.9627696, 40.7908136], [-73.9627508, 40.7908685], [-73.9627533, 40.7908995], [-73.9627606, 40.7909332], [-73.9627591, 40.7909724], [-73.9627457, 40.7910081], [-73.9627163, 40.7910551], [-73.962692, 40.7910897], [-73.9626788, 40.7911039], [-73.9626662, 40.7911138], [-73.9626232, 40.7911416], [-73.9625761, 40.7911641], [-73.9625392, 40.7911813], [-73.9625102, 40.7911956], [-73.962473, 40.7912273], [-73.9624234, 40.7912214], [-73.9623742, 40.7912152], [-73.9623212, 40.7912096], [-73.9622573, 40.791198], [-73.9622101, 40.7911859], [-73.9621325, 40.7911559], [-73.9620739, 40.7911248], [-73.9618196, 40.7909774], [-73.9616514, 40.7908757], [-73.9614237, 40.7907607], [-73.961348, 40.7907157], [-73.96128, 40.7906626], [-73.9612244, 40.7906067], [-73.9611785, 40.7905656], [-73.9611582, 40.7905474], [-73.9611171, 40.7905186], [-73.9610737, 40.7904967], [-73.9610386, 40.7904832], [-73.9609892, 40.7904799], [-73.9609436, 40.7904771], [-73.9608948, 40.7904678], [-73.9608271, 40.7904408], [-73.9607669, 40.7904083], [-73.9607106, 40.7903814], [-73.9606749, 40.7903693], [-73.960617, 40.7903601], [-73.9605546, 40.7903474], [-73.9605021, 40.7903376], [-73.9604526, 40.7903249], [-73.9604145, 40.7903111], [-73.9603781, 40.7902875], [-73.9603004, 40.7902366], [-73.9602593, 40.7902063], [-73.9600889, 40.790141], [-73.9600188, 40.790113], [-73.9599503, 40.7900784], [-73.9598486, 40.7900254], [-73.9597021, 40.7899446], [-73.9596253, 40.7899015], [-73.9595519, 40.7898555], [-73.9594959, 40.7898329], [-73.9594221, 40.7898133], [-73.9593342, 40.7897822], [-73.9592813, 40.7897482], [-73.9592353, 40.7897129], [-73.9591975, 40.7896761], [-73.9591557, 40.7896346], [-73.9591099, 40.78958], [-73.9590491, 40.7895171], [-73.9589958, 40.7894761], [-73.9589471, 40.7894491], [-73.9588991, 40.7894223], [-73.9588268, 40.7893972], [-73.9587472, 40.7893746], [-73.9586723, 40.7893782], [-73.9586259, 40.7893788], [-73.9585673, 40.7893811], [-73.9585177, 40.7893887], [-73.9584371, 40.7894082], [-73.9583271, 40.7894334], [-73.9582468, 40.7894583], [-73.9581646, 40.7894808], [-73.9580619, 40.7895061], [-73.9579977, 40.7895119], [-73.9579637, 40.7895107], [-73.9579134, 40.789505], [-73.9578233, 40.7894895], [-73.9577328, 40.7894781], [-73.9577034, 40.7894793], [-73.9576752, 40.7894813], [-73.957644, 40.7894881], [-73.9576212, 40.7894969], [-73.9576091, 40.7895026], [-73.9576006, 40.7895077], [-73.9575882, 40.7895187], [-73.9575754, 40.7895357], [-73.9575579, 40.7895707], [-73.9575463, 40.7896054], [-73.9575292, 40.7896657], [-73.9575151, 40.7897571], [-73.9574709, 40.7897499], [-73.9574095, 40.7897395]]}}, {"type": "Feature", "properties": {"wayId": 153232751, "name": "", "highway": "footway"}, "geometry": {"type": "LineString", "coordinates": [[-73.9811613, 40.7680944], [-73.9807599, 40.768077], [-73.9806823, 40.768071], [-73.9805297, 40.7680503], [-73.9803751, 40.768027], [-73.9802598, 40.7680037], [-73.9801741, 40.7679804], [-73.9800595, 40.7679392], [-73.9799424, 40.7678871], [-73.9798235, 40.7678254], [-73.9797114, 40.7677758], [-73.9796074, 40.7677434], [-73.9795041, 40.767739], [-73.9793562, 40.7677518], [-73.9791529, 40.7677802], [-73.9789861, 40.7677689]]}}, {"type": "Feature", "properties": {"wayId": 153232761, "name": "Central Park Outer Loop", "highway": "footway"}, "geometry": {"type": "LineString", "coordinates": [[-73.9814145, 40.7685126], [-73.9814193, 40.7685043], [-73.9814221, 40.7684963], [-73.9814212, 40.7684881], [-73.9814194, 40.7684826], [-73.9814135, 40.7684762], [-73.9814003, 40.7684638], [-73.981396, 40.76846], [-73.9813563, 40.7684305], [-73.9812996, 40.7683792], [-73.9812384, 40.7683147], [-73.9811815, 40.7681909], [-73.9811674, 40.7681391], [-73.9811613, 40.7680944], [-73.9811605, 40.7680152], [-73.9811647, 40.7679835], [-73.9811726, 40.7679061], [-73.9811787, 40.7678877]]}}, {"type": "Feature", "properties": {"wayId": 153232764, "name": "", "highway": "footway"}, "geometry": {"type": "LineString", "coordinates": [[-73.981396, 40.76846], [-73.9811992, 40.7685112], [-73.9807937, 40.7687652], [-73.9806356, 40.7688313], [-73.9804365, 40.7689616], [-73.9802674, 40.7690681], [-73.9800637, 40.7691424], [-73.9799575, 40.7691506]]}}, {"type": "Feature", "properties": {"wayId": 162138628, "name": "Central Park Outer Loop", "highway": "footway"}, "geometry": {"type": "LineString", "coordinates": [[-73.9736453, 40.7647308], [-73.9736964, 40.764753], [-73.9745026, 40.7650952], [-73.9747595, 40.7652054], [-73.9760902, 40.7657687]]}}, {"type": "Feature", "properties": {"wayId": 162154228, "name": "", "highway": "footway"}, "geometry": {"type": "LineString", "coordinates": [[-73.9748622, 40.7684319], [-73.9747938, 40.7683838], [-73.9747407, 40.768338], [-73.9747285, 40.7682978], [-73.9747211, 40.768249], [-73.9746924, 40.7682325], [-73.9745532, 40.7682382], [-73.9743977, 40.7682269], [-73.9743019, 40.7682031], [-73.974225, 40.7681733], [-73.9740807, 40.7681144], [-73.9740631, 40.7681191], [-73.974012, 40.7681771]]}}, {"type": "Feature", "properties": {"wayId": 162154229, "name": "", "highway": "footway"}, "geometry": {"type": "LineString", "coordinates": [[-73.9683965, 40.7760808], [-73.968541, 40.7758438], [-73.9685567, 40.7757742], [-73.9685523, 40.7757554], [-73.9685338, 40.7756755], [-73.9685111, 40.7756024], [-73.9684783, 40.7754717], [-73.9684699, 40.7754207], [-73.9684785, 40.7753626], [-73.9684739, 40.7753097], [-73.9684587, 40.7752533], [-73.9684143, 40.7751236]]}}, {"type": "Feature", "properties": {"wayId": 166855260, "name": "", "highway": "path"}, "geometry": {"type": "LineString", "coordinates": [[-73.9760177, 40.7758226], [-73.9759809, 40.7758866], [-73.9758854, 40.7760066], [-73.9758466, 40.7760283], [-73.9758052, 40.7760772]]}}, {"type": "Feature", "properties": {"wayId": 166855261, "name": "", "highway": "path"}, "geometry": {"type": "LineString", "coordinates": [[-73.9759537, 40.7756401], [-73.976029, 40.7757079], [-73.976029, 40.7757591], [-73.9760236, 40.7757996], [-73.9760177, 40.7758226]]}}, {"type": "Feature", "properties": {"wayId": 179679714, "name": "Stephanie and Fred Shuman Reservoir Running Track", "highway": "footway"}, "geometry": {"type": "LineString", "coordinates": [[-73.9625382, 40.7821629], [-73.9623136, 40.7820714], [-73.9622218, 40.7820444], [-73.9621374, 40.7820256], [-73.9620564, 40.7820083], [-73.9619602, 40.7819975], [-73.961865, 40.7819894], [-73.9617644, 40.7819884], [-73.9616775, 40.7819926], [-73.9615686, 40.7820017], [-73.9614663, 40.7820163], [-73.9613664, 40.7820403], [-73.9612746, 40.7820677], [-73.9611261, 40.782125], [-73.9610305, 40.7821767], [-73.96094, 40.7822318], [-73.9608335, 40.7823201], [-73.9607595, 40.7823867], [-73.96072, 40.7824357], [-73.9604849, 40.7827591], [-73.9602325, 40.7831069], [-73.9597219, 40.783803], [-73.9592853, 40.784416], [-73.959117, 40.7846523], [-73.9588453, 40.785009], [-73.9583581, 40.7856755], [-73.9581317, 40.7859854], [-73.9579123, 40.7862934], [-73.9578506, 40.786376], [-73.9578042, 40.7864484], [-73.9577763, 40.7865046], [-73.9577545, 40.786581], [-73.9577413, 40.7866246], [-73.9577327, 40.7866949], [-73.957731, 40.7867637], [-73.9577399, 40.7868306], [-73.9577585, 40.7870201], [-73.9577437, 40.7874165], [-73.9577355, 40.7875394], [-73.9577197, 40.7876216], [-73.9576863, 40.7877446], [-73.9576373, 40.7878986], [-73.957575, 40.788067], [-73.9575388, 40.7881513], [-73.9574929, 40.7882444], [-73.9574683, 40.7882968], [-73.9574442, 40.7883608], [-73.9574355, 40.7884394], [-73.9574396, 40.7885245], [-73.9574525, 40.7885785], [-73.9574647, 40.7886201], [-73.9574983, 40.7886891], [-73.9575495, 40.7887636], [-73.9575998, 40.7888083], [-73.9576492, 40.7888511], [-73.9576962, 40.7888822], [-73.957802, 40.788938], [-73.9578747, 40.7889642], [-73.9579546, 40.788983], [-73.9580436, 40.7889978], [-73.9581615, 40.789003], [-73.9582423, 40.7889983], [-73.9583181, 40.788986], [-73.9583776, 40.7889733], [-73.9584305, 40.788955], [-73.9585084, 40.7889206], [-73.9586734, 40.7888485], [-73.958784, 40.7888086], [-73.9588555, 40.7887864], [-73.958952, 40.788759], [-73.9590916, 40.7887274], [-73.9592576, 40.7886958], [-73.9593389, 40.788686], [-73.9594382, 40.7886796], [-73.9595729, 40.7886755], [-73.9597274, 40.7886788], [-73.9598307, 40.788686], [-73.9599448, 40.7887021], [-73.9600138, 40.7887118], [-73.96011, 40.788733], [-73.9602232, 40.7887597], [-73.9603322, 40.7887901], [-73.9605062, 40.7888518], [-73.9607769, 40.7889501], [-73.9609089, 40.7889649], [-73.9609697, 40.7889703], [-73.961057, 40.7889724], [-73.9612915, 40.7889592], [-73.9614906, 40.7889155], [-73.9616549, 40.7888539], [-73.9617553, 40.7888002], [-73.9618521, 40.7887366], [-73.9619361, 40.7886677], [-73.9620134, 40.7885813], [-73.9620966, 40.788511], [-73.9621644, 40.7884661], [-73.9622443, 40.7884182], [-73.9623073, 40.7883902], [-73.9623829, 40.7883618], [-73.9624901, 40.7883329], [-73.9625838, 40.7883171], [-73.9626596, 40.7883096], [-73.9627721, 40.7883066], [-73.9628364, 40.7883129], [-73.9629113, 40.788322], [-73.9629614, 40.7883284], [-73.9630347, 40.7883354], [-73.9631541, 40.7883379], [-73.9632287, 40.7883368], [-73.963289, 40.7883333], [-73.9633836, 40.7883284], [-73.9634903, 40.7883143], [-73.9636614, 40.7882901], [-73.963778, 40.788282], [-73.9638763, 40.788275], [-73.9639945, 40.7882743], [-73.9640219, 40.7882741], [-73.9641399, 40.788282], [-73.9642354, 40.7882925], [-73.9643655, 40.7883136], [-73.9644628, 40.788334], [-73.964576, 40.7883487], [-73.9647217, 40.7883533], [-73.9648246, 40.7883494], [-73.9649147, 40.7883382], [-73.9650195, 40.7883249], [-73.9651196, 40.7883061], [-73.9651921, 40.7882883], [-73.9653007, 40.7882567], [-73.9654055, 40.7882203], [-73.9655373, 40.7881647], [-73.9656734, 40.7880922], [-73.9658277, 40.7879855], [-73.9659609, 40.7878649], [-73.9660634, 40.7877495], [-73.9661341, 40.7876466], [-73.9661914, 40.7875366], [-73.9662417, 40.7874005], [-73.9663028, 40.7871383], [-73.9663733, 40.7868355], [-73.9665096, 40.7862514], [-73.9666146, 40.7857929], [-73.9667171, 40.7853456], [-73.9667213, 40.7852701], [-73.9667161, 40.7851977], [-73.9667071, 40.7851274], [-73.9666526, 40.7850418], [-73.9665798, 40.7849554], [-73.9664319, 40.7848278], [-73.9660973, 40.784587], [-73.9655332, 40.7843027], [-73.9653554, 40.7842331], [-73.9650877, 40.784142], [-73.9650217, 40.7841223], [-73.9648757, 40.7840828], [-73.9647216, 40.7840512], [-73.9644702, 40.7839872], [-73.9643018, 40.7839295], [-73.9640573, 40.7838235], [-73.9639218, 40.7837484], [-73.9638095, 40.7836784], [-73.9636603, 40.7835628], [-73.9635694, 40.7834834], [-73.9634753, 40.7833869], [-73.9633827, 40.7832765], [-73.9632998, 40.7831577], [-73.963226, 40.7830293], [-73.9631758, 40.782901], [-73.9631475, 40.7828122], [-73.963109, 40.782691], [-73.9630867, 40.7826116], [-73.9630437, 40.7825276], [-73.9629993, 40.7824685], [-73.9628927, 40.7823583], [-73.9628157, 40.7823059], [-73.9626955, 40.7822403], [-73.9625382, 40.7821629]]}}, {"type": "Feature", "properties": {"wayId": 179679721, "name": "", "highway": "footway"}, "geometry": {"type": "LineString", "coordinates": [[-73.9619361, 40.7886677], [-73.9619536, 40.7887574], [-73.9619738, 40.7888287]]}}, {"type": "Feature", "properties": {"wayId": 179679725, "name": "", "highway": "footway"}, "geometry": {"type": "LineString", "coordinates": [[-73.9619738, 40.7888287], [-73.9619072, 40.7888133], [-73.9617553, 40.7888002]]}}, {"type": "Feature", "properties": {"wayId": 179679727, "name": "", "highway": "footway"}, "geometry": {"type": "LineString", "coordinates": [[-73.9622035, 40.7815327], [-73.9622476, 40.7816043], [-73.9622645, 40.7816654]]}}, {"type": "Feature", "properties": {"wayId": 179679731, "name": "Bridge No. 28", "highway": "footway"}, "geometry": {"type": "LineString", "coordinates": [[-73.9621964, 40.7890284], [-73.9619792, 40.7888335], [-73.9619738, 40.7888287]]}}, {"type": "Feature", "properties": {"wayId": 179679732, "name": "Bridge No. 27", "highway": "footway"}, "geometry": {"type": "LineString", "coordinates": [[-73.9660973, 40.784587], [-73.9661092, 40.7845767], [-73.966318, 40.7843951], [-73.9663351, 40.7843802]]}}, {"type": "Feature", "properties": {"wayId": 179679733, "name": "", "highway": "footway"}, "geometry": {"type": "LineString", "coordinates": [[-73.9589999, 40.7841562], [-73.9591763, 40.784223]]}}, {"type": "Feature", "properties": {"wayId": 179679735, "name": "", "highway": "steps"}, "geometry": {"type": "LineString", "coordinates": [[-73.9629097, 40.7816777], [-73.962733, 40.7819094]]}}, {"type": "Feature", "properties": {"wayId": 179679736, "name": "", "highway": "footway"}, "geometry": {"type": "LineString", "coordinates": [[-73.9668636, 40.7850806], [-73.9667071, 40.7851274]]}}, {"type": "Feature", "properties": {"wayId": 179679737, "name": "", "highway": "steps"}, "geometry": {"type": "LineString", "coordinates": [[-73.9625382, 40.7821629], [-73.962607, 40.7820736]]}}, {"type": "Feature", "properties": {"wayId": 179679738, "name": "", "highway": "footway"}, "geometry": {"type": "LineString", "coordinates": [[-73.9570997, 40.7876034], [-73.9571417, 40.7875882], [-73.9571697, 40.7875608], [-73.9572042, 40.7875064], [-73.9572473, 40.7874207], [-73.957304, 40.7873455], [-73.9573559, 40.787315], [-73.9574368, 40.7872721], [-73.9574942, 40.7872429], [-73.9575267, 40.7872162], [-73.9575638, 40.7871755], [-73.9576279, 40.787101], [-73.9576872, 40.7870403], [-73.9577188, 40.7870266], [-73.9577585, 40.7870201]]}}, {"type": "Feature", "properties": {"wayId": 179679739, "name": "", "highway": "footway"}, "geometry": {"type": "LineString", "coordinates": [[-73.9654957, 40.7757828], [-73.9655662, 40.7758697], [-73.9656404, 40.7759604], [-73.9656699, 40.7759987], [-73.9657023, 40.7760584], [-73.96573, 40.7761269], [-73.9657557, 40.7761751]]}}, {"type": "Feature", "properties": {"wayId": 179679740, "name": "", "highway": "footway"}, "geometry": {"type": "LineString", "coordinates": [[-73.9597219, 40.783803], [-73.9596887, 40.7838032], [-73.9596627, 40.7838144], [-73.9596312, 40.7838306], [-73.9596061, 40.7838523], [-73.9595778, 40.7838817], [-73.9594818, 40.7839865], [-73.9594076, 40.7840694], [-73.9593779, 40.7840975], [-73.9593547, 40.7841158], [-73.9593315, 40.7841292], [-73.9592997, 40.7841382], [-73.9592475, 40.7841284]]}}, {"type": "Feature", "properties": {"wayId": 179679741, "name": "", "highway": "footway"}, "geometry": {"type": "LineString", "coordinates": [[-73.9589182, 40.7845738], [-73.958939, 40.7846203], [-73.9589427, 40.7846449], [-73.9589408, 40.7846929], [-73.9589343, 40.7847221], [-73.9589056, 40.7847805], [-73.9588731, 40.7848374], [-73.9588396, 40.7849018], [-73.9588304, 40.784921], [-73.9588202, 40.7849519], [-73.9588193, 40.7849744], [-73.958823, 40.7849976], [-73.9588453, 40.785009]]}}, {"type": "Feature", "properties": {"wayId": 179679742, "name": "", "highway": "footway"}, "geometry": {"type": "LineString", "coordinates": [[-73.9629238, 40.789191], [-73.962743, 40.7891032], [-73.9626783, 40.7890801], [-73.9626194, 40.7890632], [-73.962597, 40.7890572], [-73.9625451, 40.7890433], [-73.9624842, 40.7890311], [-73.9624499, 40.7890271], [-73.9624093, 40.7890267], [-73.9623517, 40.7890346], [-73.9622924, 40.7890409], [-73.9622558, 40.7890433], [-73.9622216, 40.7890398], [-73.9621964, 40.7890284]]}}, {"type": "Feature", "properties": {"wayId": 179679743, "name": "Northwest Central Park Loop", "highway": "footway"}, "geometry": {"type": "LineString", "coordinates": [[-73.9672477, 40.7846009], [-73.9672523, 40.7845898], [-73.9672587, 40.7845783], [-73.9673339, 40.784463], [-73.9674117, 40.7843497], [-73.967501, 40.7842416], [-73.9675286, 40.7842141], [-73.9675571, 40.7841911], [-73.9676238, 40.7841507], [-73.9677131, 40.7841164], [-73.96779, 40.7840919], [-73.9678856, 40.784071], [-73.9679532, 40.7840598], [-73.9680239, 40.7840558], [-73.9680633, 40.7840572], [-73.9681015, 40.7840627], [-73.9681905, 40.7840783], [-73.9682775, 40.7840968], [-73.9683603, 40.7841109], [-73.9684094, 40.7841187], [-73.9684692, 40.7841248], [-73.9686703, 40.784141]]}}, {"type": "Feature", "properties": {"wayId": 179679744, "name": "", "highway": "footway"}, "geometry": {"type": "LineString", "coordinates": [[-73.9612915, 40.7889592], [-73.9612391, 40.7890069], [-73.9611995, 40.7890283], [-73.9611586, 40.7890435], [-73.9611127, 40.7890565], [-73.9610747, 40.7890646], [-73.961029, 40.7890652], [-73.9609806, 40.7890632], [-73.9609125, 40.78906], [-73.960857, 40.7890594], [-73.9608052, 40.7890594], [-73.9607542, 40.789064], [-73.9606873, 40.7890748], [-73.9605726, 40.7891059]]}}, {"type": "Feature", "properties": {"wayId": 179679745, "name": "", "highway": "footway"}, "geometry": {"type": "LineString", "coordinates": [[-73.9586202, 40.7891774], [-73.9585929, 40.7891328], [-73.9585919, 40.7891033], [-73.9586201, 40.7890337], [-73.95863, 40.7890162], [-73.9586467, 40.7889859], [-73.9586765, 40.7889457], [-73.9587126, 40.7889002], [-73.958745, 40.7888623], [-73.958784, 40.7888086]]}}, {"type": "Feature", "properties": {"wayId": 179679746, "name": "", "highway": "footway"}, "geometry": {"type": "LineString", "coordinates": [[-73.9630276, 40.7821631], [-73.9629667, 40.7821964], [-73.9628997, 40.782185], [-73.962835, 40.7821701], [-73.9627518, 40.7821374], [-73.962607, 40.7820736], [-73.9624868, 40.7820245], [-73.9624077, 40.7819858], [-73.9623759, 40.7819655], [-73.9623447, 40.7819314], [-73.9623306, 40.7819045], [-73.962323, 40.7818773], [-73.9623221, 40.7818513], [-73.9623261, 40.7818002]]}}, {"type": "Feature", "properties": {"wayId": 179679748, "name": "", "highway": "footway"}, "geometry": {"type": "LineString", "coordinates": [[-73.9655375, 40.7838444], [-73.9655176, 40.7838875], [-73.9654944, 40.7839548], [-73.9654593, 40.7839978], [-73.9654324, 40.7840206], [-73.9653543, 40.784061], [-73.9653192, 40.7840772], [-73.9652784, 40.7840849], [-73.9652174, 40.784088], [-73.9651717, 40.7840919], [-73.9651346, 40.7840961], [-73.9651049, 40.7841067], [-73.9650877, 40.784142]]}}, {"type": "Feature", "properties": {"wayId": 179679750, "name": "", "highway": "pedestrian"}, "geometry": {"type": "LineString", "coordinates": [[-73.9665719, 40.7749205], [-73.9666132, 40.7749296], [-73.9666485, 40.7749484], [-73.9666737, 40.7749748], [-73.9666863, 40.775006], [-73.9666847, 40.7750386], [-73.9666693, 40.7750691], [-73.9666416, 40.7750941], [-73.9666046, 40.7751109], [-73.9665625, 40.7751177], [-73.9665197, 40.7751138], [-73.966481, 40.7750996], [-73.9664674, 40.7750893], [-73.9664505, 40.7750767], [-73.9664315, 40.7750475], [-73.966426, 40.7750152], [-73.9664346, 40.7749833], [-73.9664564, 40.7749553], [-73.9664891, 40.7749341], [-73.966529, 40.7749221], [-73.9665719, 40.7749205]]}}, {"type": "Feature", "properties": {"wayId": 179679751, "name": "", "highway": "footway"}, "geometry": {"type": "LineString", "coordinates": [[-73.9676596, 40.7835343], [-73.9675717, 40.7836762], [-73.9673705, 40.7838874], [-73.9672472, 40.7840357], [-73.9671767, 40.7841949], [-73.9671179, 40.7843407], [-73.9670905, 40.7843816], [-73.9670687, 40.784409], [-73.9670494, 40.784429], [-73.9670273, 40.784445], [-73.9669976, 40.7844598], [-73.9669592, 40.7844705], [-73.9669234, 40.7844816], [-73.9668935, 40.7844848], [-73.9668674, 40.7844845], [-73.9668385, 40.7844803], [-73.9668015, 40.784472], [-73.9666282, 40.7844034], [-73.9665468, 40.7843751], [-73.9665014, 40.7843624], [-73.9664594, 40.7843587], [-73.9664099, 40.7843598], [-73.9663351, 40.7843802], [-73.966349, 40.7843418], [-73.9663207, 40.7842948], [-73.9662768, 40.7842486], [-73.9662434, 40.7842205], [-73.9661827, 40.7841765], [-73.9661228, 40.7841488], [-73.9660476, 40.78412], [-73.9659455, 40.7840912], [-73.9658157, 40.78406], [-73.9656792, 40.7840259], [-73.965566, 40.7839901], [-73.9654944, 40.7839548]]}}, {"type": "Feature", "properties": {"wayId": 179685273, "name": "", "highway": "footway"}, "geometry": {"type": "LineString", "coordinates": [[-73.9654708, 40.7797399], [-73.9654935, 40.7797754], [-73.9655013, 40.7798056], [-73.9655004, 40.7798404], [-73.965497, 40.7798692], [-73.9654788, 40.779921], [-73.9654672, 40.7799662], [-73.9654632, 40.7800148], [-73.9654788, 40.7800555]]}}, {"type": "Feature", "properties": {"wayId": 188560100, "name": "", "highway": "footway"}, "geometry": {"type": "LineString", "coordinates": [[-73.9718005, 40.7676868], [-73.9716848, 40.7677153], [-73.9715853, 40.7678338], [-73.971622, 40.7679247], [-73.9716784, 40.7679463], [-73.9717366, 40.7679746]]}}, {"type": "Feature", "properties": {"wayId": 195240601, "name": "Northwest Central Park Loop", "highway": "footway"}, "geometry": {"type": "LineString", "coordinates": [[-73.962736, 40.7915414], [-73.9627132, 40.7915588], [-73.9626746, 40.7916109], [-73.9626325, 40.7916734], [-73.9625964, 40.7917397], [-73.9625729, 40.7918045], [-73.9625926, 40.7918502], [-73.9625987, 40.7918638], [-73.9626072, 40.7918792], [-73.9626173, 40.7918925], [-73.9626348, 40.7919103], [-73.9626532, 40.7919247], [-73.9626639, 40.7919323], [-73.9626855, 40.7919457], [-73.9627038, 40.7919566], [-73.9627236, 40.7919677], [-73.9627321, 40.7919714], [-73.9627411, 40.791975], [-73.9627503, 40.7919778], [-73.9630133, 40.7920563], [-73.9630494, 40.7920706], [-73.9630705, 40.7920801], [-73.9630884, 40.7920902], [-73.9631055, 40.792102], [-73.9631225, 40.7921149], [-73.9631441, 40.7921345], [-73.963162, 40.7921567]]}}, {"type": "Feature", "properties": {"wayId": 195441702, "name": "", "highway": "footway"}, "geometry": {"type": "LineString", "coordinates": [[-73.9512607, 40.7971189], [-73.9512516, 40.7971482], [-73.9512463, 40.7971707], [-73.9512332, 40.7972307], [-73.9512256, 40.7972536], [-73.9512087, 40.7972907], [-73.951186, 40.7973186], [-73.9511341, 40.7973663], [-73.9510697, 40.797437], [-73.9510103, 40.7975171]]}}, {"type": "Feature", "properties": {"wayId": 195459338, "name": "", "highway": "footway"}, "geometry": {"type": "LineString", "coordinates": [[-73.9572465, 40.789693], [-73.9572004, 40.7897677], [-73.9571777, 40.789797]]}}, {"type": "Feature", "properties": {"wayId": 195459339, "name": "East Drive", "highway": "footway"}, "geometry": {"type": "LineString", "coordinates": [[-73.9572932, 40.7895687], [-73.9573008, 40.7895193], [-73.9573039, 40.7894229], [-73.9573037, 40.7893995], [-73.9572994, 40.7893811], [-73.9572885, 40.7893436], [-73.9572761, 40.7893156], [-73.9572129, 40.7892461], [-73.957164, 40.7891972], [-73.9571047, 40.7891454], [-73.9570294, 40.78907], [-73.9569373, 40.7889772], [-73.9569018, 40.7889414], [-73.9568686, 40.788904]]}}, {"type": "Feature", "properties": {"wayId": 195459343, "name": "", "highway": "footway"}, "geometry": {"type": "LineString", "coordinates": [[-73.9570787, 40.7899047], [-73.9570436, 40.7899408], [-73.9570053, 40.7899714], [-73.9569434, 40.790007], [-73.9568747, 40.7900467], [-73.9567978, 40.7900992], [-73.9567511, 40.7901298], [-73.9567219, 40.7901467]]}}, {"type": "Feature", "properties": {"wayId": 195459344, "name": "", "highway": "footway"}, "geometry": {"type": "LineString", "coordinates": [[-73.9569771, 40.7895701], [-73.9569935, 40.7895491], [-73.957012, 40.7895376], [-73.9570344, 40.7895312], [-73.9570611, 40.789529], [-73.9570789, 40.7895302], [-73.9570975, 40.7895346], [-73.9572813, 40.7896083]]}}, {"type": "Feature", "properties": {"wayId": 195493289, "name": "", "highway": "footway"}, "geometry": {"type": "LineString", "coordinates": [[-73.9712405, 40.7722823], [-73.971161, 40.7722635], [-73.9711035, 40.7722589], [-73.9710491, 40.7722642], [-73.9709529, 40.7722963], [-73.9709397, 40.7723007], [-73.9708884, 40.772313], [-73.9708449, 40.7723146], [-73.9707932, 40.7723064], [-73.9705868, 40.772252], [-73.9703932, 40.7721625], [-73.9701728, 40.7721169], [-73.9699411, 40.7720899], [-73.9698696, 40.772094], [-73.9697858, 40.7721136], [-73.969681, 40.772164], [-73.9696086, 40.7722109]]}}, {"type": "Feature", "properties": {"wayId": 211731503, "name": "", "highway": "footway"}, "geometry": {"type": "LineString", "coordinates": [[-73.9717268, 40.773656], [-73.9716933, 40.7736221], [-73.97167, 40.773594], [-73.9716466, 40.7735665], [-73.9716306, 40.7735361], [-73.9716211, 40.7735075], [-73.9716112, 40.7734718], [-73.9715118, 40.773454], [-73.9714016, 40.7734346], [-73.9712242, 40.7732864]]}}, {"type": "Feature", "properties": {"wayId": 211731510, "name": "", "highway": "footway"}, "geometry": {"type": "LineString", "coordinates": [[-73.9686467, 40.7742169], [-73.9686699, 40.774322], [-73.9686863, 40.7743794], [-73.9687156, 40.7744075], [-73.968756, 40.7744334], [-73.9688132, 40.7744734], [-73.9689054, 40.7745328], [-73.9689399, 40.7745553], [-73.9690071, 40.7746002]]}}, {"type": "Feature", "properties": {"wayId": 211731511, "name": "", "highway": "footway"}, "geometry": {"type": "LineString", "coordinates": [[-73.9745811, 40.7738197], [-73.9745196, 40.7738153], [-73.9744547, 40.7738141], [-73.974434, 40.7738152], [-73.974402, 40.7738236], [-73.9743527, 40.7738426], [-73.9743292, 40.7738562], [-73.9743047, 40.773878], [-73.9742685, 40.773913], [-73.9741857, 40.7740238], [-73.9741508, 40.7740669]]}}, {"type": "Feature", "properties": {"wayId": 211735783, "name": "", "highway": "footway"}, "geometry": {"type": "LineString", "coordinates": [[-73.9566817, 40.788131], [-73.9564954, 40.7880855], [-73.9563899, 40.7880532], [-73.9563379, 40.7880278], [-73.956297, 40.7879933], [-73.956264, 40.787965], [-73.9562367, 40.7879346], [-73.9562018, 40.7879095], [-73.9561153, 40.7878719], [-73.9559729, 40.7878099]]}}, {"type": "Feature", "properties": {"wayId": 211735784, "name": "", "highway": "footway"}, "geometry": {"type": "LineString", "coordinates": [[-73.9558259, 40.7880284], [-73.9558682, 40.7880325], [-73.9559337, 40.7880608], [-73.9559763, 40.7883322], [-73.9560052, 40.788512], [-73.956004, 40.7885549]]}}, {"type": "Feature", "properties": {"wayId": 211735785, "name": "", "highway": "footway"}, "geometry": {"type": "LineString", "coordinates": [[-73.956004, 40.7885549], [-73.955976, 40.7885662], [-73.9559606, 40.7885725], [-73.9559418, 40.7885825], [-73.9559297, 40.7886001], [-73.9559267, 40.7886156], [-73.9559262, 40.7886302], [-73.9559295, 40.7886432], [-73.9559389, 40.788657], [-73.9559622, 40.788669], [-73.9559905, 40.7886694], [-73.9560136, 40.7886681], [-73.9560324, 40.7886598], [-73.9560427, 40.7886455], [-73.9560446, 40.7886353], [-73.9560441, 40.7886256], [-73.9560427, 40.7886115], [-73.9560375, 40.7885975], [-73.956033, 40.788586], [-73.9560276, 40.7885748], [-73.9560182, 40.7885625], [-73.956004, 40.7885549]]}}, {"type": "Feature", "properties": {"wayId": 211735788, "name": "", "highway": "footway"}, "geometry": {"type": "LineString", "coordinates": [[-73.9664474, 40.7877526], [-73.9666361, 40.78788]]}}, {"type": "Feature", "properties": {"wayId": 214248088, "name": "", "highway": "footway"}, "geometry": {"type": "LineString", "coordinates": [[-73.9620134, 40.7795878], [-73.9619684, 40.7795694], [-73.9618707, 40.7795293], [-73.9617904, 40.7794952]]}}, {"type": "Feature", "properties": {"wayId": 214248090, "name": "", "highway": "footway"}, "geometry": {"type": "LineString", "coordinates": [[-73.9615537, 40.7802165], [-73.9615109, 40.7801984], [-73.9614166, 40.7801584], [-73.9613268, 40.7801203]]}}, {"type": "Feature", "properties": {"wayId": 219994609, "name": "Strawberry Fields", "highway": "footway"}, "geometry": {"type": "LineString", "coordinates": [[-73.9752261, 40.7758518], [-73.9751873, 40.7757852], [-73.9751463, 40.7757319], [-73.9750852, 40.7756605], [-73.9750708, 40.7756453], [-73.9750443, 40.7756135], [-73.9750248, 40.7755956], [-73.9749919, 40.7755765], [-73.9749231, 40.7755415], [-73.9748462, 40.7755052], [-73.9747981, 40.7754833], [-73.9747555, 40.7754575], [-73.9747197, 40.775434], [-73.9746972, 40.7754081], [-73.9746801, 40.7753752], [-73.9746639, 40.7752988], [-73.9746537, 40.775247], [-73.974646, 40.7752041], [-73.9746366, 40.775167], [-73.9746281, 40.77514], [-73.9746188, 40.7751135], [-73.9746039, 40.7750838], [-73.9745779, 40.7750028], [-73.9745357, 40.7749748], [-73.9744615, 40.7748783]]}}, {"type": "Feature", "properties": {"wayId": 234241518, "name": "Bethesda Arcade", "highway": "pedestrian"}, "geometry": {"type": "LineString", "coordinates": [[-73.9710901, 40.7736274], [-73.9710077, 40.7738653]]}}, {"type": "Feature", "properties": {"wayId": 234241519, "name": "", "highway": "footway"}, "geometry": {"type": "LineString", "coordinates": [[-73.9710077, 40.7738653], [-73.9709457, 40.7740493]]}}, {"type": "Feature", "properties": {"wayId": 234241520, "name": "", "highway": "steps"}, "geometry": {"type": "LineString", "coordinates": [[-73.9710901, 40.7736274], [-73.9711715, 40.7734205]]}}, {"type": "Feature", "properties": {"wayId": 248632172, "name": "", "highway": "footway"}, "geometry": {"type": "LineString", "coordinates": [[-73.9752585, 40.7738258], [-73.9750292, 40.7740204], [-73.975045, 40.7740544], [-73.9750528, 40.7740944], [-73.9750545, 40.7741514]]}}, {"type": "Feature", "properties": {"wayId": 265346278, "name": "Wien Walk", "highway": "footway"}, "geometry": {"type": "LineString", "coordinates": [[-73.9711521, 40.7681479], [-73.9711439, 40.7681708], [-73.9711421, 40.7681809], [-73.9711421, 40.7681885], [-73.9711439, 40.7681991], [-73.9711468, 40.7682096], [-73.9711568, 40.7682374], [-73.9711593, 40.7682478], [-73.9711601, 40.7682517], [-73.9711602, 40.7682561], [-73.9711593, 40.7682632], [-73.9711581, 40.7682695], [-73.9711547, 40.7682818], [-73.971148, 40.7682957], [-73.9711406, 40.768308], [-73.971129, 40.7683226], [-73.9710056, 40.7684616], [-73.9709917, 40.7684799], [-73.9709804, 40.7684989], [-73.9709646, 40.7685308], [-73.9709551, 40.7685501], [-73.9709484, 40.7685707], [-73.9709451, 40.7685908], [-73.9709435, 40.7686099], [-73.9709448, 40.7686475], [-73.97096, 40.76885], [-73.9709392, 40.7689811], [-73.9709248, 40.7690547], [-73.9709235, 40.7690652], [-73.9709236, 40.769074], [-73.9709264, 40.7690892], [-73.9709326, 40.7691047], [-73.9709429, 40.7691226], [-73.9709551, 40.7691395], [-73.9710303, 40.7692393], [-73.9711109, 40.7693597], [-73.9711628, 40.7694545], [-73.9711859, 40.76952], [-73.9711984, 40.7695904], [-73.9712009, 40.7696422], [-73.9711982, 40.7696983], [-73.9711933, 40.7697364], [-73.9711883, 40.7697553], [-73.9711829, 40.7697677], [-73.9711755, 40.7697815], [-73.9711642, 40.769794], [-73.971154, 40.7698049]]}}, {"type": "Feature", "properties": {"wayId": 278363053, "name": "", "highway": "pedestrian"}, "geometry": {"type": "LineString", "coordinates": [[-73.968909, 40.7792812], [-73.9690127, 40.779322], [-73.9690437, 40.7792795], [-73.9690887, 40.7792988], [-73.9691322, 40.7793169], [-73.9690992, 40.7793621], [-73.9691275, 40.779374], [-73.9691736, 40.7793934], [-73.9691932, 40.7794017], [-73.9692305, 40.7794175], [-73.9692041, 40.7794532], [-73.9691828, 40.7794827], [-73.969175, 40.7794796], [-73.9691553, 40.7794711], [-73.9691117, 40.7795307], [-73.969083, 40.7795703], [-73.9690753, 40.7795809], [-73.9690694, 40.7795886], [-73.9690081, 40.7795645], [-73.9689559, 40.7795438], [-73.9689707, 40.7795237], [-73.9689995, 40.779484], [-73.9689832, 40.7794767], [-73.9690097, 40.7794454], [-73.9689927, 40.7794353], [-73.9689836, 40.7794259], [-73.9689789, 40.7794141], [-73.9689798, 40.7794023], [-73.9689887, 40.7793901], [-73.9689548, 40.7793757], [-73.9689707, 40.7793543], [-73.9689517, 40.7793462], [-73.9688815, 40.7793161], [-73.9688958, 40.7792983], [-73.968909, 40.7792812]]}}, {"type": "Feature", "properties": {"wayId": 278366179, "name": "Northwest Central Park Loop", "highway": "footway"}, "geometry": {"type": "LineString", "coordinates": [[-73.9582752, 40.7946679], [-73.9582791, 40.7946937], [-73.9582799, 40.7947125], [-73.9582754, 40.7947329], [-73.9582664, 40.7947477], [-73.9582439, 40.7947749], [-73.9582139, 40.7947965], [-73.9581629, 40.7948215], [-73.9580916, 40.7948522], [-73.9580023, 40.7948954], [-73.9579213, 40.7949388], [-73.9578522, 40.7949709], [-73.957817, 40.7949885], [-73.9577772, 40.7950044], [-73.9577277, 40.7950186], [-73.9576744, 40.7950323], [-73.9576301, 40.7950385], [-73.9575656, 40.7950442], [-73.9575078, 40.7950504], [-73.957467, 40.7950611], [-73.9574178, 40.7950743], [-73.9573833, 40.7950908], [-73.9573375, 40.7951158], [-73.957273, 40.7951504], [-73.9572237, 40.7951782], [-73.957174, 40.7952123], [-73.9571177, 40.7952441], [-73.9570803, 40.7952622], [-73.9570595, 40.7952709]]}}, {"type": "Feature", "properties": {"wayId": 278366183, "name": "Ravine Rustic Bridge", "highway": "footway"}, "geometry": {"type": "LineString", "coordinates": [[-73.9582651, 40.7946171], [-73.9582752, 40.7946679]]}}, {"type": "Feature", "properties": {"wayId": 278992345, "name": "", "highway": "footway"}, "geometry": {"type": "LineString", "coordinates": [[-73.9560253, 40.795585], [-73.9560113, 40.795583]]}}, {"type": "Feature", "properties": {"wayId": 299167167, "name": "", "highway": "footway"}, "geometry": {"type": "LineString", "coordinates": [[-73.9693805, 40.7803236], [-73.9693511, 40.7803138], [-73.9693182, 40.7803118], [-73.9692853, 40.7803138], [-73.9692492, 40.7803182], [-73.9692247, 40.7803256], [-73.9692073, 40.7803414], [-73.9692028, 40.7803519]]}}, {"type": "Feature", "properties": {"wayId": 299167169, "name": "", "highway": "steps"}, "geometry": {"type": "LineString", "coordinates": [[-73.968948, 40.7787635], [-73.9689471, 40.778828], [-73.9689531, 40.7788665], [-73.9689631, 40.7788924], [-73.9690056, 40.778916], [-73.9690469, 40.7789346], [-73.969075, 40.778955], [-73.969092, 40.7789807], [-73.9691435, 40.7790054], [-73.9691544, 40.7790161]]}}, {"type": "Feature", "properties": {"wayId": 301283859, "name": "", "highway": "footway"}, "geometry": {"type": "LineString", "coordinates": [[-73.9753044, 40.7744299], [-73.9753852, 40.7743723], [-73.9754561, 40.7743152], [-73.9755272, 40.7742506], [-73.9758997, 40.7737735], [-73.9761336, 40.7733637], [-73.9764012, 40.7728337], [-73.9764994, 40.7725544], [-73.9765915, 40.7723208], [-73.9768409, 40.7719465], [-73.9769979, 40.771774], [-73.977212, 40.7715635], [-73.9773838, 40.7714256]]}}, {"type": "Feature", "properties": {"wayId": 301283862, "name": "", "highway": "footway"}, "geometry": {"type": "LineString", "coordinates": [[-73.9527218, 40.793211], [-73.9527336, 40.7932139], [-73.9527457, 40.7932139], [-73.9527576, 40.7932108], [-73.9527669, 40.7932052], [-73.952793, 40.7931714], [-73.9527961, 40.7931621], [-73.9527949, 40.7931526], [-73.9527899, 40.7931442], [-73.9527814, 40.7931373], [-73.9527705, 40.7931329], [-73.9527583, 40.7931314], [-73.952746, 40.793133], [-73.9527354, 40.7931376], [-73.9527266, 40.7931448], [-73.9527028, 40.7931795], [-73.952702, 40.7931885], [-73.9527051, 40.7931973], [-73.952712, 40.7932052], [-73.9527218, 40.793211]]}}, {"type": "Feature", "properties": {"wayId": 301283866, "name": "", "highway": "footway"}, "geometry": {"type": "LineString", "coordinates": [[-73.9743928, 40.7747695], [-73.9744375, 40.7748407], [-73.9744615, 40.7748783]]}}, {"type": "Feature", "properties": {"wayId": 301283869, "name": "", "highway": "footway"}, "geometry": {"type": "LineString", "coordinates": [[-73.9743928, 40.7747695], [-73.9741789, 40.7749072], [-73.9739644, 40.7751146], [-73.9738343, 40.7752569]]}}, {"type": "Feature", "properties": {"wayId": 301283871, "name": "", "highway": "footway"}, "geometry": {"type": "LineString", "coordinates": [[-73.9715814, 40.7732732], [-73.9716961, 40.7733001], [-73.9717342, 40.7732748], [-73.9717618, 40.7732531], [-73.9717972, 40.7732133], [-73.9718343, 40.7731375], [-73.9718603, 40.7730429], [-73.9719016, 40.7729825], [-73.972022, 40.7728063]]}}, {"type": "Feature", "properties": {"wayId": 302774807, "name": "Oak Bridge", "highway": "footway"}, "geometry": {"type": "LineString", "coordinates": [[-73.9716102, 40.7786343], [-73.9717364, 40.7787833]]}}, {"type": "Feature", "properties": {"wayId": 306771373, "name": "Bow Bridge", "highway": "footway"}, "geometry": {"type": "LineString", "coordinates": [[-73.9719075, 40.7759305], [-73.9716339, 40.7755882]]}}, {"type": "Feature", "properties": {"wayId": 317645848, "name": "", "highway": "footway"}, "geometry": {"type": "LineString", "coordinates": [[-73.9767548, 40.7740301], [-73.9769085, 40.7740979], [-73.9770408, 40.7742096], [-73.9771986, 40.7742915]]}}, {"type": "Feature", "properties": {"wayId": 318328991, "name": "Northwest Central Park Loop", "highway": "footway"}, "geometry": {"type": "LineString", "coordinates": [[-73.9699053, 40.783503], [-73.969879, 40.7835448], [-73.969865, 40.7835629], [-73.9698511, 40.7835784], [-73.9698351, 40.7835918], [-73.9698169, 40.7836046], [-73.9697954, 40.7836178], [-73.9697281, 40.7836542], [-73.9696535, 40.7836935], [-73.9695819, 40.7837346], [-73.9695512, 40.7837587], [-73.9695298, 40.783781], [-73.9694716, 40.7838584]]}}, {"type": "Feature", "properties": {"wayId": 318328992, "name": "Northwest Central Park Loop", "highway": "footway"}, "geometry": {"type": "LineString", "coordinates": [[-73.9694716, 40.7838584], [-73.9694605, 40.7838948], [-73.9694509, 40.7839268], [-73.9694351, 40.7839713]]}}, {"type": "Feature", "properties": {"wayId": 318328993, "name": "Northwest Central Park Loop", "highway": "footway"}, "geometry": {"type": "LineString", "coordinates": [[-73.969128, 40.7840696], [-73.9690353, 40.784086], [-73.9688836, 40.7841137], [-73.9686703, 40.784141]]}}, {"type": "Feature", "properties": {"wayId": 318328994, "name": "", "highway": "footway"}, "geometry": {"type": "LineString", "coordinates": [[-73.968402, 40.7842631], [-73.9683307, 40.7841517], [-73.9682775, 40.7840968]]}}, {"type": "Feature", "properties": {"wayId": 318328995, "name": "", "highway": "footway"}, "geometry": {"type": "LineString", "coordinates": [[-73.9686703, 40.784141], [-73.9687187, 40.7841473], [-73.9687585, 40.7841541], [-73.9687958, 40.7841615], [-73.9688294, 40.7841708], [-73.9688677, 40.7841838], [-73.9689029, 40.7841982], [-73.9689415, 40.7842179], [-73.9689878, 40.7842425], [-73.9690456, 40.7842779], [-73.9691177, 40.7843284], [-73.9691752, 40.7843704], [-73.9692443, 40.7844256], [-73.9693124, 40.7844769], [-73.9693723, 40.7845073], [-73.9694826, 40.7845625], [-73.9696495, 40.7846185]]}}, {"type": "Feature", "properties": {"wayId": 318328997, "name": "", "highway": "footway"}, "geometry": {"type": "LineString", "coordinates": [[-73.9576587, 40.8001232], [-73.9577055, 40.8001528]]}}, {"type": "Feature", "properties": {"wayId": 318474812, "name": "", "highway": "footway"}, "geometry": {"type": "LineString", "coordinates": [[-73.9754694, 40.7760939], [-73.9754565, 40.7761043], [-73.9753734, 40.7761465], [-73.9752973, 40.7761988], [-73.9752639, 40.77624], [-73.9752438, 40.776277], [-73.9752189, 40.7763352], [-73.9751941, 40.7763858], [-73.9751677, 40.7764375], [-73.9751351, 40.7764828], [-73.9750838, 40.7765392], [-73.9750143, 40.7766261], [-73.9749806, 40.7766603], [-73.9749252, 40.7767052]]}}, {"type": "Feature", "properties": {"wayId": 318474815, "name": "", "highway": "footway"}, "geometry": {"type": "LineString", "coordinates": [[-73.9667022, 40.7785573], [-73.9667874, 40.7787445], [-73.9668069, 40.7787974], [-73.9668205, 40.7788454], [-73.9668293, 40.7789124]]}}, {"type": "Feature", "properties": {"wayId": 318474816, "name": "", "highway": "footway"}, "geometry": {"type": "LineString", "coordinates": [[-73.9655656, 40.7806452], [-73.9655152, 40.7805855], [-73.9654441, 40.7805094], [-73.9654048, 40.7804537], [-73.9653664, 40.7804049]]}}, {"type": "Feature", "properties": {"wayId": 318474817, "name": "", "highway": "footway"}, "geometry": {"type": "LineString", "coordinates": [[-73.9651916, 40.7813136], [-73.9651045, 40.7813346], [-73.9650491, 40.7813425], [-73.9649679, 40.7813435], [-73.9648602, 40.7813268], [-73.9647418, 40.7812903]]}}, {"type": "Feature", "properties": {"wayId": 318474818, "name": "", "highway": "footway"}, "geometry": {"type": "LineString", "coordinates": [[-73.964791, 40.7818089], [-73.9647844, 40.7818634], [-73.9647979, 40.7819342], [-73.9647826, 40.7820079], [-73.9647615, 40.782047], [-73.9647304, 40.7820883], [-73.9647772, 40.782119], [-73.9648205, 40.7821492], [-73.964843, 40.7821741], [-73.9648552, 40.7822016], [-73.9648656, 40.7822397], [-73.9648742, 40.7822777], [-73.9648759, 40.7823105], [-73.9648759, 40.7823368], [-73.9648673, 40.7823577], [-73.964712, 40.7825742], [-73.9645624, 40.7827828], [-73.9645242, 40.7828156], [-73.9644861, 40.7828366], [-73.9644411, 40.7828536], [-73.9643943, 40.7828668], [-73.9643475, 40.7828746], [-73.9643094, 40.7828759], [-73.9642678, 40.7828694], [-73.964221, 40.7828563], [-73.9641951, 40.7828471]]}}, {"type": "Feature", "properties": {"wayId": 318474819, "name": "", "highway": "footway"}, "geometry": {"type": "LineString", "coordinates": [[-73.966468, 40.7827176], [-73.9664477, 40.7827234], [-73.9663715, 40.7827457], [-73.9663091, 40.7827686], [-73.9662485, 40.7827962], [-73.9661725, 40.7828446], [-73.9661194, 40.782886], [-73.9660566, 40.7829412], [-73.9660102, 40.7829929], [-73.9659756, 40.7830454], [-73.9659522, 40.7830795], [-73.9659283, 40.7831187], [-73.9659045, 40.783176], [-73.9658872, 40.7832258], [-73.9658786, 40.7832501], [-73.9658726, 40.7832844], [-73.9658751, 40.7833629], [-73.9658839, 40.7834287], [-73.9658979, 40.7834902], [-73.9659193, 40.7835466], [-73.9659461, 40.7836017], [-73.9660392, 40.7837359]]}}, {"type": "Feature", "properties": {"wayId": 318474820, "name": "", "highway": "footway"}, "geometry": {"type": "LineString", "coordinates": [[-73.9704074, 40.7810966], [-73.9703768, 40.7809945], [-73.970346, 40.7809678], [-73.9703128, 40.7809309], [-73.9702809, 40.7809027], [-73.9702434, 40.7808753], [-73.9702008, 40.780845], [-73.9701687, 40.7808258], [-73.970126, 40.7808093], [-73.9700727, 40.7807935], [-73.970034, 40.7807854], [-73.9699932, 40.7807799], [-73.9699402, 40.7807762]]}}, {"type": "Feature", "properties": {"wayId": 318474822, "name": "", "highway": "footway"}, "geometry": {"type": "LineString", "coordinates": [[-73.9701332, 40.7799438], [-73.970043, 40.7799633], [-73.9698319, 40.7800132], [-73.9696294, 40.7800844], [-73.9694772, 40.7801641]]}}, {"type": "Feature", "properties": {"wayId": 318474823, "name": "", "highway": "footway"}, "geometry": {"type": "LineString", "coordinates": [[-73.9701332, 40.7799438], [-73.9701797, 40.7799166], [-73.9702207, 40.7798941], [-73.9702696, 40.7798548], [-73.9702846, 40.7798415], [-73.9702948, 40.7798225], [-73.9704031, 40.7798544], [-73.9706249, 40.779942], [-73.9707094, 40.7799705], [-73.9707664, 40.7799857], [-73.9708518, 40.7800396]]}}, {"type": "Feature", "properties": {"wayId": 318474824, "name": "", "highway": "footway"}, "geometry": {"type": "LineString", "coordinates": [[-73.9702948, 40.7798225], [-73.9702994, 40.7797756], [-73.9702962, 40.7797572], [-73.9702854, 40.7797369], [-73.9702551, 40.7797044], [-73.9702105, 40.7796824], [-73.9701522, 40.779662], [-73.9700883, 40.7796467], [-73.970026, 40.7796344], [-73.9699796, 40.7796309], [-73.9699486, 40.7796291], [-73.9698853, 40.7796279], [-73.9698267, 40.7796313], [-73.9697719, 40.7796433], [-73.969731, 40.7796565], [-73.969683, 40.7796771], [-73.9696224, 40.7797185], [-73.969605, 40.7797304], [-73.9695291, 40.7798224], [-73.9695725, 40.7798386], [-73.9695876, 40.7798195]]}}, {"type": "Feature", "properties": {"wayId": 318474830, "name": "", "highway": "footway"}, "geometry": {"type": "LineString", "coordinates": [[-73.9672299, 40.7827737], [-73.9671598, 40.7826698], [-73.9671364, 40.7825944], [-73.9671243, 40.7825117], [-73.9671255, 40.7823997], [-73.9671291, 40.7823244]]}}, {"type": "Feature", "properties": {"wayId": 318474831, "name": "", "highway": "footway"}, "geometry": {"type": "LineString", "coordinates": [[-73.9669132, 40.7838689], [-73.9669584, 40.7838997], [-73.9670052, 40.7839351], [-73.9670661, 40.7839961], [-73.9671074, 40.7840545], [-73.9671378, 40.7841227], [-73.9671767, 40.7841949], [-73.967243, 40.7842151]]}}, {"type": "Feature", "properties": {"wayId": 318474834, "name": "", "highway": "footway"}, "geometry": {"type": "LineString", "coordinates": [[-73.9636498, 40.7893649], [-73.9635985, 40.7894], [-73.9635666, 40.7894323], [-73.9635298, 40.7894887], [-73.9635087, 40.789531]]}}, {"type": "Feature", "properties": {"wayId": 318474835, "name": "", "highway": "footway"}, "geometry": {"type": "LineString", "coordinates": [[-73.9530113, 40.7954929], [-73.952982, 40.7954676], [-73.9529558, 40.7954357], [-73.9529273, 40.7953905], [-73.9529078, 40.7953565], [-73.9528853, 40.7953]]}}, {"type": "Feature", "properties": {"wayId": 318474836, "name": "", "highway": "footway"}, "geometry": {"type": "LineString", "coordinates": [[-73.9537706, 40.7948309], [-73.9536529, 40.7949169], [-73.9535475, 40.7949914], [-73.9534571, 40.7950587], [-73.9534497, 40.7950651], [-73.9533689, 40.7951342], [-73.9533176, 40.7951913], [-73.9532503, 40.7952663], [-73.9531894, 40.7953407], [-73.953138, 40.7954195], [-73.9531006, 40.7955006]]}}, {"type": "Feature", "properties": {"wayId": 318474837, "name": "", "highway": "footway"}, "geometry": {"type": "LineString", "coordinates": [[-73.9498983, 40.7967394], [-73.9498065, 40.7967588], [-73.9497545, 40.7967715]]}}, {"type": "Feature", "properties": {"wayId": 318474841, "name": "", "highway": "footway"}, "geometry": {"type": "LineString", "coordinates": [[-73.9649121, 40.7792429], [-73.964979, 40.7793445], [-73.9650233, 40.7794266], [-73.965085, 40.7794998]]}}, {"type": "Feature", "properties": {"wayId": 318474842, "name": "", "highway": "footway"}, "geometry": {"type": "LineString", "coordinates": [[-73.9654832, 40.779034], [-73.9654205, 40.7789915], [-73.9653118, 40.7789151], [-73.9653173, 40.7787785], [-73.9652771, 40.7786093]]}}, {"type": "Feature", "properties": {"wayId": 318474843, "name": "Greywacke Arch", "highway": "footway"}, "geometry": {"type": "LineString", "coordinates": [[-73.9656165, 40.779139], [-73.9654832, 40.779034]]}}, {"type": "Feature", "properties": {"wayId": 318474845, "name": "", "highway": "footway"}, "geometry": {"type": "LineString", "coordinates": [[-73.9698696, 40.772094], [-73.9697713, 40.7720348], [-73.9697423, 40.7720155], [-73.9697215, 40.771987], [-73.9696928, 40.7719275]]}}, {"type": "Feature", "properties": {"wayId": 318474847, "name": "", "highway": "footway"}, "geometry": {"type": "LineString", "coordinates": [[-73.974012, 40.7681771], [-73.9739863, 40.7682031], [-73.9739434, 40.7682335], [-73.9738891, 40.7682604]]}}, {"type": "Feature", "properties": {"wayId": 318474852, "name": "", "highway": "footway"}, "geometry": {"type": "LineString", "coordinates": [[-73.9772184, 40.7718657], [-73.9771163, 40.7718265], [-73.9770624, 40.7718019], [-73.9770261, 40.7717862], [-73.9769979, 40.771774], [-73.9769628, 40.7717628], [-73.9769519, 40.77176], [-73.976856, 40.7717357], [-73.9767331, 40.7716834], [-73.9766403, 40.7716239], [-73.9765703, 40.7715609], [-73.976547, 40.771515], [-73.9765261, 40.7714568], [-73.9765069, 40.7714048], [-73.9764882, 40.7713682], [-73.9764684, 40.7713378], [-73.9764404, 40.7712948], [-73.9764041, 40.7712397], [-73.9763531, 40.7711798], [-73.9763218, 40.7711457], [-73.9762648, 40.7710918], [-73.9762109, 40.7710529], [-73.9761005, 40.7710001], [-73.9759394, 40.7709326], [-73.9758402, 40.770882], [-73.9757727, 40.7708421], [-73.9757222, 40.7708043], [-73.9756638, 40.770756], [-73.9755838, 40.7707027], [-73.9755009, 40.770672], [-73.9754157, 40.7706512], [-73.9753323, 40.7706387], [-73.9751875, 40.7706233], [-73.9750473, 40.7706092], [-73.9749265, 40.770592], [-73.9748315, 40.7705739], [-73.9747518, 40.7705493], [-73.9746579, 40.770519], [-73.974591, 40.7704865], [-73.9745399, 40.7704528], [-73.9744833, 40.7704083], [-73.9744153, 40.770346], [-73.9743889, 40.7703135], [-73.9743522, 40.7702529], [-73.9743405, 40.7701962], [-73.9743318, 40.7701364], [-73.9743405, 40.770084], [-73.9743566, 40.7700157], [-73.974285, 40.769953], [-73.9742767, 40.7699191], [-73.9742628, 40.7698827], [-73.9742177, 40.7698234], [-73.9741048, 40.7698173], [-73.9740631, 40.769809], [-73.9740357, 40.7697975], [-73.9740016, 40.7697832], [-73.9739609, 40.7697616], [-73.9739236, 40.7697367], [-73.9738987, 40.769713], [-73.9738786, 40.7696834], [-73.9738687, 40.7696551], [-73.9738643, 40.7696319], [-73.9738622, 40.7695899], [-73.9738711, 40.7695153], [-73.9738838, 40.7694628]]}}, {"type": "Feature", "properties": {"wayId": 318474853, "name": "West Drive", "highway": "footway"}, "geometry": {"type": "LineString", "coordinates": [[-73.9770123, 40.7726864], [-73.9768771, 40.7726814], [-73.9768093, 40.7726964], [-73.9767618, 40.7727201], [-73.976719, 40.7727604], [-73.9766698, 40.7728923], [-73.9766207, 40.7730276], [-73.976156, 40.7738746], [-73.9761366, 40.7739042], [-73.9760217, 40.7740612], [-73.9759168, 40.7741982], [-73.9758473, 40.7742887], [-73.9757724, 40.7743833], [-73.9756813, 40.7744894], [-73.9756255, 40.7745517], [-73.9755675, 40.7746164]]}}, {"type": "Feature", "properties": {"wayId": 318474854, "name": "", "highway": "footway"}, "geometry": {"type": "LineString", "coordinates": [[-73.9771623, 40.7736397], [-73.9770387, 40.773772], [-73.9769619, 40.7738528], [-73.9769413, 40.7738871], [-73.9769113, 40.7739684], [-73.9769004, 40.7740466], [-73.9769085, 40.7740979]]}}, {"type": "Feature", "properties": {"wayId": 318474856, "name": "", "highway": "footway"}, "geometry": {"type": "LineString", "coordinates": [[-73.9774189, 40.7713565], [-73.9773472, 40.7713785], [-73.9773137, 40.7713928], [-73.9771583, 40.7714852], [-73.9770602, 40.7715939], [-73.9770073, 40.7716797], [-73.9769519, 40.77176]]}}, {"type": "Feature", "properties": {"wayId": 318474858, "name": "", "highway": "footway"}, "geometry": {"type": "LineString", "coordinates": [[-73.9741508, 40.7740669], [-73.9741326, 40.7741014], [-73.9741229, 40.7741426], [-73.9741311, 40.7741844], [-73.9741465, 40.7742246], [-73.9742062, 40.7743209], [-73.9742908, 40.7744568], [-73.9743513, 40.7744843], [-73.9744457, 40.774515], [-73.9745412, 40.774545], [-73.9746193, 40.7745613], [-73.9746708, 40.7745721], [-73.9747174, 40.7745785], [-73.9747678, 40.7745797], [-73.9748193, 40.7745753], [-73.9748832, 40.7745683], [-73.974965, 40.7745568], [-73.9750442, 40.7745391], [-73.9751296, 40.7745098], [-73.9752174, 40.7744733], [-73.9753044, 40.7744299]]}}, {"type": "Feature", "properties": {"wayId": 318474862, "name": "", "highway": "footway"}, "geometry": {"type": "LineString", "coordinates": [[-73.9721838, 40.7802585], [-73.9722737, 40.7802397], [-73.9723642, 40.7802071], [-73.9724881, 40.7801562], [-73.9725876, 40.7801073], [-73.9726565, 40.7800643], [-73.9727493, 40.7799732], [-73.972849, 40.7798537], [-73.9729123, 40.7797551], [-73.9729508, 40.7796824], [-73.9729864, 40.7795905], [-73.972982, 40.7795429], [-73.9729731, 40.7794803], [-73.9729531, 40.7794304], [-73.9729113, 40.7793823], [-73.9728619, 40.7793445], [-73.9728018, 40.7793057], [-73.9727551, 40.7792673], [-73.9727056, 40.7792204], [-73.9726752, 40.7791778]]}}, {"type": "Feature", "properties": {"wayId": 318474863, "name": "", "highway": "footway"}, "geometry": {"type": "LineString", "coordinates": [[-73.9727919, 40.7776988], [-73.9728152, 40.7777011], [-73.9728383, 40.7776961], [-73.9728613, 40.7776861], [-73.9728784, 40.7776791], [-73.9728987, 40.7776803], [-73.972919, 40.777698], [-73.9729234, 40.7777019], [-73.9729437, 40.7778583], [-73.9729305, 40.7778733], [-73.9729217, 40.7779007], [-73.9729184, 40.7779506], [-73.972914, 40.7780055], [-73.972913, 40.7780313], [-73.9729206, 40.7780504], [-73.9729349, 40.7780645], [-73.9729596, 40.7780866], [-73.9730254, 40.7781696], [-73.9730551, 40.7782099], [-73.973076, 40.7782386], [-73.9730957, 40.778261]]}}, {"type": "Feature", "properties": {"wayId": 318474868, "name": "", "highway": "footway"}, "geometry": {"type": "LineString", "coordinates": [[-73.9729113, 40.7793823], [-73.9729904, 40.7793604], [-73.9730726, 40.7793205], [-73.9731606, 40.7792595], [-73.973289, 40.7791767], [-73.9733152, 40.7791452], [-73.9733476, 40.7790568], [-73.9733536, 40.7790277], [-73.9733473, 40.7790036], [-73.9732827, 40.77889], [-73.9732259, 40.7788165], [-73.9731872, 40.7787554], [-73.9731614, 40.778684], [-73.9731595, 40.7786176], [-73.9731653, 40.7785493], [-73.9731793, 40.7784883], [-73.9731956, 40.7783855]]}}, {"type": "Feature", "properties": {"wayId": 318474869, "name": "", "highway": "footway"}, "geometry": {"type": "LineString", "coordinates": [[-73.9726752, 40.7791778], [-73.9726299, 40.7792172]]}}, {"type": "Feature", "properties": {"wayId": 318474872, "name": "", "highway": "footway"}, "geometry": {"type": "LineString", "coordinates": [[-73.9741533, 40.7774237], [-73.9740918, 40.7773902], [-73.9740304, 40.7773649]]}}, {"type": "Feature", "properties": {"wayId": 318474873, "name": "", "highway": "footway"}, "geometry": {"type": "LineString", "coordinates": [[-73.9755936, 40.7759797], [-73.9755334, 40.7760426], [-73.9754694, 40.7760939]]}}, {"type": "Feature", "properties": {"wayId": 318474874, "name": "Strawberry Fields", "highway": "footway"}, "geometry": {"type": "LineString", "coordinates": [[-73.9745779, 40.7750028], [-73.9746035, 40.7749708], [-73.9746242, 40.7749466], [-73.9746514, 40.7749093], [-73.974677, 40.7748878], [-73.9747174, 40.7748725], [-73.9748008, 40.7748674], [-73.974882, 40.7748643], [-73.9749247, 40.7748666], [-73.9749597, 40.7748743], [-73.9750225, 40.7748943], [-73.9751107, 40.7749363], [-73.9752496, 40.7750126], [-73.9753004, 40.7750477], [-73.9753385, 40.7750836], [-73.9753649, 40.7751218], [-73.9753902, 40.7751856], [-73.9754062, 40.7752957], [-73.9754114, 40.7753693], [-73.9754029, 40.7754187], [-73.9753866, 40.7754739], [-73.9753259, 40.7756354], [-73.9752888, 40.7756585], [-73.975243, 40.7756713], [-73.9751528, 40.7756711], [-73.9750852, 40.7756605]]}}, {"type": "Feature", "properties": {"wayId": 318474875, "name": "", "highway": "footway"}, "geometry": {"type": "LineString", "coordinates": [[-73.9755675, 40.7746164], [-73.9755658, 40.7747045], [-73.9755721, 40.7747673], [-73.9755809, 40.7748069], [-73.9756009, 40.7748596], [-73.9756273, 40.7749025], [-73.9756591, 40.7749472], [-73.9757119, 40.7750136], [-73.975763, 40.7750746], [-73.975811, 40.7751428], [-73.9758314, 40.7751864], [-73.9758407, 40.7752248], [-73.9758493, 40.7752746], [-73.9758493, 40.7753052], [-73.9758476, 40.775351], [-73.975842, 40.7754035], [-73.9758233, 40.7754956], [-73.975812, 40.7755333], [-73.9757926, 40.7755827], [-73.975767, 40.7756221], [-73.9757306, 40.7756694], [-73.9756744, 40.7757339], [-73.9756443, 40.7757732], [-73.9756193, 40.775814], [-73.9756016, 40.7758561], [-73.975594, 40.7758935], [-73.9755853, 40.7759389], [-73.9755853, 40.775962], [-73.9755936, 40.7759797], [-73.9758052, 40.7760772]]}}, {"type": "Feature", "properties": {"wayId": 318474876, "name": "", "highway": "footway"}, "geometry": {"type": "LineString", "coordinates": [[-73.9758997, 40.7737735], [-73.9758397, 40.7737041], [-73.9757188, 40.7735864], [-73.9755294, 40.7734025], [-73.9754743, 40.7733554], [-73.9754443, 40.7733298], [-73.9753291, 40.7732591], [-73.975262, 40.7732283], [-73.9751476, 40.7731863], [-73.9749677, 40.7731252], [-73.9748716, 40.7730754], [-73.9747941, 40.7730339], [-73.9747261, 40.7729975], [-73.9746448, 40.7729609], [-73.9745899, 40.7729265]]}}, {"type": "Feature", "properties": {"wayId": 318474877, "name": "", "highway": "footway"}, "geometry": {"type": "LineString", "coordinates": [[-73.9717268, 40.773656], [-73.9717559, 40.7736799], [-73.9717942, 40.773698], [-73.971847, 40.7737162], [-73.9719075, 40.7737294], [-73.9719961, 40.7737385], [-73.9720504, 40.7737515], [-73.9721147, 40.7737466], [-73.9721672, 40.773742], [-73.9721793, 40.7737409], [-73.9722457, 40.7737309], [-73.972337, 40.7736894], [-73.9723674, 40.773669], [-73.9723969, 40.7736373], [-73.9724186, 40.7736051], [-73.9724417, 40.7735718], [-73.9724551, 40.7735279], [-73.9724636, 40.7734828], [-73.972464, 40.7734374], [-73.9724441, 40.773344], [-73.9723825, 40.7731649], [-73.9722891, 40.7729542], [-73.9721718, 40.7727495], [-73.972022, 40.7728063]]}}, {"type": "Feature", "properties": {"wayId": 318474878, "name": "", "highway": "footway"}, "geometry": {"type": "LineString", "coordinates": [[-73.9726146, 40.7721933], [-73.9726009, 40.7722644], [-73.9725731, 40.7723252], [-73.9725405, 40.7723808], [-73.9725076, 40.7724351], [-73.9723328, 40.7725884], [-73.9722749, 40.7726418], [-73.9722329, 40.7726723], [-73.9721718, 40.7727495]]}}, {"type": "Feature", "properties": {"wayId": 318474879, "name": "", "highway": "footway"}, "geometry": {"type": "LineString", "coordinates": [[-73.9725076, 40.7724351], [-73.9724417, 40.7724199], [-73.9722418, 40.7724199], [-73.9720792, 40.7724232], [-73.9719999, 40.7724405], [-73.9718415, 40.7724157], [-73.9718274, 40.7724135], [-73.9717936, 40.7724029], [-73.9717253, 40.7723814], [-73.9715913, 40.7723523], [-73.9713889, 40.7723082], [-73.9712405, 40.7722823]]}}, {"type": "Feature", "properties": {"wayId": 318474880, "name": "", "highway": "footway"}, "geometry": {"type": "LineString", "coordinates": [[-73.9722329, 40.7726723], [-73.9721693, 40.7725896], [-73.9721122, 40.7725297], [-73.9719999, 40.7724405]]}}, {"type": "Feature", "properties": {"wayId": 318474881, "name": "", "highway": "footway"}, "geometry": {"type": "LineString", "coordinates": [[-73.9735807, 40.7704523], [-73.973375, 40.7704406]]}}, {"type": "Feature", "properties": {"wayId": 318476040, "name": "", "highway": "footway"}, "geometry": {"type": "LineString", "coordinates": [[-73.9725908, 40.7792588], [-73.9725617, 40.7792886], [-73.9725177, 40.779332], [-73.9724658, 40.7793732], [-73.9724186, 40.779409], [-73.9723656, 40.779438], [-73.9723189, 40.7794562], [-73.9722548, 40.7794706], [-73.9719487, 40.7795501], [-73.9718801, 40.7795774], [-73.9718081, 40.7796138], [-73.9717359, 40.7796545], [-73.9716817, 40.7796976], [-73.9716437, 40.7797495], [-73.9716019, 40.7798192], [-73.97156, 40.7798461], [-73.9715053, 40.7798673], [-73.9714092, 40.7798966], [-73.9713372, 40.7799178], [-73.9712721, 40.7799334], [-73.9709782, 40.7801336], [-73.9708503, 40.7802127], [-73.9707316, 40.7802905], [-73.9706223, 40.7803794], [-73.9704875, 40.7804965], [-73.9704235, 40.7805612], [-73.9703928, 40.7806046], [-73.9703822, 40.780639], [-73.9703782, 40.7807006], [-73.9703755, 40.7807753], [-73.9703755, 40.7808581], [-73.9703808, 40.7809218], [-73.9703768, 40.7809945]]}}, {"type": "Feature", "properties": {"wayId": 318476041, "name": "West Drive", "highway": "pedestrian"}, "geometry": {"type": "LineString", "coordinates": [[-73.9699943, 40.7806594], [-73.9700783, 40.7806041], [-73.9703134, 40.7804557], [-73.9708897, 40.7800712], [-73.9710685, 40.7799405], [-73.9712047, 40.7798356], [-73.971308, 40.7797477], [-73.9713525, 40.7797072], [-73.9714044, 40.7796601], [-73.9715028, 40.7795649], [-73.9715962, 40.7794685], [-73.9716951, 40.7793598], [-73.9718929, 40.7791426], [-73.9719791, 40.7790559], [-73.9720669, 40.778973], [-73.9721633, 40.7788859], [-73.9722666, 40.7788042], [-73.9723697, 40.778733], [-73.9724391, 40.7786911]]}}, {"type": "Feature", "properties": {"wayId": 318476044, "name": "", "highway": "footway"}, "geometry": {"type": "LineString", "coordinates": [[-73.9710483, 40.7797454], [-73.9710241, 40.7797896], [-73.9709744, 40.7798611], [-73.9709052, 40.7799204], [-73.9708181, 40.7799642], [-73.9707664, 40.7799857], [-73.9707316, 40.7800127], [-73.9706387, 40.7800791], [-73.9704655, 40.7802133], [-73.9703635, 40.7802865], [-73.9702521, 40.7803539], [-73.9701441, 40.7804187], [-73.9700437, 40.7804808], [-73.9698401, 40.7806293], [-73.9696782, 40.7807777], [-73.9695372, 40.7809451], [-73.9693202, 40.781141], [-73.969166, 40.7812461], [-73.9690777, 40.7813207], [-73.9690323, 40.7813884]]}}, {"type": "Feature", "properties": {"wayId": 318476047, "name": "", "highway": "footway"}, "geometry": {"type": "LineString", "coordinates": [[-73.9692704, 40.779115], [-73.9692076, 40.7791186], [-73.969145, 40.7791765], [-73.9691304, 40.7792041], [-73.969126, 40.7792296], [-73.9691191, 40.7792573]]}}, {"type": "Feature", "properties": {"wayId": 318476048, "name": "", "highway": "footway"}, "geometry": {"type": "LineString", "coordinates": [[-73.9664592, 40.7780839], [-73.9664994, 40.7780983], [-73.9665476, 40.7781149]]}}, {"type": "Feature", "properties": {"wayId": 318476060, "name": "", "highway": "pedestrian"}, "geometry": {"type": "LineString", "coordinates": [[-73.9746052, 40.7697266], [-73.9745518, 40.769761], [-73.9744923, 40.7697952]]}}, {"type": "Feature", "properties": {"wayId": 318476063, "name": "West Drive", "highway": "pedestrian"}, "geometry": {"type": "LineString", "coordinates": [[-73.976052, 40.7738371], [-73.9761005, 40.7737738], [-73.9761539, 40.7736954], [-73.9762226, 40.7735776], [-73.9763091, 40.7734106], [-73.9763948, 40.7732385], [-73.9764777, 40.7730736]]}}, {"type": "Feature", "properties": {"wayId": 319624917, "name": "", "highway": "footway"}, "geometry": {"type": "LineString", "coordinates": [[-73.9729623, 40.775258], [-73.9730251, 40.7752776], [-73.9730482, 40.7752843], [-73.9730606, 40.7752901], [-73.9730716, 40.7752977], [-73.9730852, 40.7753079], [-73.973102, 40.7753216], [-73.9731186, 40.775334], [-73.9731385, 40.775346], [-73.9731542, 40.7753534], [-73.9731665, 40.7753577], [-73.9731788, 40.7753602], [-73.9731957, 40.7753582], [-73.9732114, 40.7753534], [-73.9732454, 40.7753369], [-73.9732675, 40.7753222], [-73.9732754, 40.7753125], [-73.9732779, 40.7752924], [-73.9732743, 40.7752664], [-73.9732699, 40.7752423], [-73.9732633, 40.7752248], [-73.9732567, 40.7752065], [-73.9732521, 40.7751898], [-73.9732511, 40.7751618], [-73.973249, 40.7751292], [-73.9732468, 40.7751109], [-73.9732425, 40.7750954], [-73.9732267, 40.7750477], [-73.973223, 40.7750308], [-73.9732202, 40.7750131], [-73.9732265, 40.7749706], [-73.973234, 40.7749063], [-73.9732444, 40.7748717], [-73.9732358, 40.7748564], [-73.9732139, 40.7748564], [-73.9732029, 40.7748539], [-73.9731897, 40.7748472], [-73.9731845, 40.7748427], [-73.9731771, 40.774835], [-73.9731686, 40.7748279], [-73.973162, 40.7748225]]}}, {"type": "Feature", "properties": {"wayId": 319735098, "name": "", "highway": "footway"}, "geometry": {"type": "LineString", "coordinates": [[-73.9700412, 40.7797433], [-73.9700052, 40.7797224], [-73.9699827, 40.7797096], [-73.969958, 40.7796965], [-73.9699441, 40.7796841], [-73.9699445, 40.7796664], [-73.9699486, 40.7796291]]}}, {"type": "Feature", "properties": {"wayId": 319735099, "name": "", "highway": "steps"}, "geometry": {"type": "LineString", "coordinates": [[-73.9701923, 40.7797976], [-73.9702332, 40.7798114]]}}, {"type": "Feature", "properties": {"wayId": 319735100, "name": "", "highway": "footway"}, "geometry": {"type": "LineString", "coordinates": [[-73.970043, 40.7799633], [-73.9700468, 40.7799333]]}}, {"type": "Feature", "properties": {"wayId": 319735101, "name": "", "highway": "footway"}, "geometry": {"type": "LineString", "coordinates": [[-73.9700723, 40.7798044], [-73.9700632, 40.7798005], [-73.9700567, 40.7797936], [-73.9700507, 40.7797802], [-73.9700463, 40.779768], [-73.970042, 40.7797559], [-73.9700412, 40.7797433], [-73.9700485, 40.7797366], [-73.9700598, 40.779732], [-73.970073, 40.7797306], [-73.9700892, 40.7797326], [-73.9701068, 40.7797386], [-73.9701182, 40.7797451], [-73.9701286, 40.7797533], [-73.9701373, 40.7797669], [-73.9701399, 40.7797746], [-73.9701384, 40.7797825], [-73.9701256, 40.7797917], [-73.9701066, 40.7797993], [-73.9700875, 40.7798041], [-73.9700723, 40.7798044]]}}, {"type": "Feature", "properties": {"wayId": 321166647, "name": "", "highway": "footway"}, "geometry": {"type": "LineString", "coordinates": [[-73.9742261, 40.7676337], [-73.9741708, 40.7676266], [-73.9741142, 40.7676302], [-73.9739779, 40.7676671]]}}, {"type": "Feature", "properties": {"wayId": 321166648, "name": "", "highway": "footway"}, "geometry": {"type": "LineString", "coordinates": [[-73.9750243, 40.7678352], [-73.9750526, 40.767982], [-73.9750647, 40.7680927], [-73.975059, 40.7681294], [-73.9750383, 40.7681592], [-73.9749989, 40.768197]]}}, {"type": "Feature", "properties": {"wayId": 321166652, "name": "", "highway": "footway"}, "geometry": {"type": "LineString", "coordinates": [[-73.9711394, 40.7675622], [-73.9709226, 40.7678744], [-73.9712527, 40.7680097]]}}, {"type": "Feature", "properties": {"wayId": 321166653, "name": "", "highway": "footway"}, "geometry": {"type": "LineString", "coordinates": [[-73.9716894, 40.7674278], [-73.9713467, 40.7672877], [-73.9711394, 40.7675622]]}}, {"type": "Feature", "properties": {"wayId": 321166654, "name": "Wien Walk", "highway": "footway"}, "geometry": {"type": "LineString", "coordinates": [[-73.9711878, 40.7681], [-73.9711732, 40.7681203], [-73.9711521, 40.7681479]]}}, {"type": "Feature", "properties": {"wayId": 327398194, "name": "", "highway": "footway"}, "geometry": {"type": "LineString", "coordinates": [[-73.9677487, 40.7745574], [-73.9677229, 40.7745464], [-73.9677123, 40.7745607], [-73.9676332, 40.7745269], [-73.967562, 40.7744965], [-73.9676137, 40.774427], [-73.9676515, 40.7743763], [-73.96772, 40.7744055], [-73.9677933, 40.7744368], [-73.9677857, 40.7744471], [-73.9678199, 40.7744618], [-73.9677487, 40.7745574]]}}, {"type": "Feature", "properties": {"wayId": 330748445, "name": "", "highway": "footway"}, "geometry": {"type": "LineString", "coordinates": [[-73.9527838, 40.7939672], [-73.9527109, 40.7940685]]}}, {"type": "Feature", "properties": {"wayId": 330748449, "name": "", "highway": "footway"}, "geometry": {"type": "LineString", "coordinates": [[-73.9529926, 40.7932604], [-73.9530069, 40.793237], [-73.9530187, 40.7932058], [-73.9530251, 40.7931707], [-73.9530241, 40.7931319], [-73.9530128, 40.7930902], [-73.9530002, 40.7930688], [-73.9529945, 40.7930592], [-73.9529879, 40.793048], [-73.9529492, 40.793011], [-73.9529222, 40.792993], [-73.952885, 40.7929744], [-73.9528435, 40.7929633], [-73.9528028, 40.7929562], [-73.9527707, 40.7929534], [-73.9527565, 40.7929525], [-73.9527404, 40.7929514], [-73.9526804, 40.792957], [-73.9526281, 40.7929724], [-73.9525865, 40.7929944], [-73.9525558, 40.7930186], [-73.952534, 40.7930414], [-73.9525176, 40.7930613], [-73.9525009, 40.7930841], [-73.9523691, 40.7932634], [-73.9525123, 40.7933237], [-73.9528435, 40.7934632], [-73.9529753, 40.7932839], [-73.9529926, 40.7932604]]}}, {"type": "Feature", "properties": {"wayId": 330748451, "name": "", "highway": "footway"}, "geometry": {"type": "LineString", "coordinates": [[-73.9527109, 40.7940685], [-73.9519212, 40.7937369]]}}, {"type": "Feature", "properties": {"wayId": 330748452, "name": "", "highway": "footway"}, "geometry": {"type": "LineString", "coordinates": [[-73.9514092, 40.7944324], [-73.9515476, 40.7942294], [-73.9516167, 40.794128], [-73.9518702, 40.7938096], [-73.9519212, 40.7937369], [-73.9520062, 40.7936239], [-73.9521498, 40.7934293], [-73.9522083, 40.79334]]}}, {"type": "Feature", "properties": {"wayId": 330748454, "name": "", "highway": "footway"}, "geometry": {"type": "LineString", "coordinates": [[-73.9642725, 40.7910577], [-73.9642869, 40.7912373], [-73.9643266, 40.7913548], [-73.9643896, 40.7914459]]}}, {"type": "Feature", "properties": {"wayId": 330748456, "name": "", "highway": "footway"}, "geometry": {"type": "LineString", "coordinates": [[-73.976052, 40.7738371], [-73.9759708, 40.7738047], [-73.9758997, 40.7737735]]}}, {"type": "Feature", "properties": {"wayId": 330748458, "name": "", "highway": "footway"}, "geometry": {"type": "LineString", "coordinates": [[-73.9771623, 40.7736397], [-73.9772136, 40.7734138], [-73.9772269, 40.7733086], [-73.9772154, 40.7732433], [-73.9771992, 40.7732011], [-73.9771726, 40.7731531], [-73.9771334, 40.7731111], [-73.9770621, 40.7730645], [-73.9770117, 40.7730267], [-73.9769305, 40.7729851], [-73.976815, 40.7729398], [-73.9766698, 40.7728923]]}}, {"type": "Feature", "properties": {"wayId": 330748459, "name": "", "highway": "footway"}, "geometry": {"type": "LineString", "coordinates": [[-73.9773838, 40.7714256], [-73.9774189, 40.7713565]]}}, {"type": "Feature", "properties": {"wayId": 330748461, "name": "", "highway": "footway"}, "geometry": {"type": "LineString", "coordinates": [[-73.9773838, 40.7714256], [-73.9776015, 40.7712739], [-73.9777025, 40.7712109], [-73.97787, 40.7711065], [-73.9782185, 40.7708816], [-73.9783931, 40.7707545]]}}, {"type": "Feature", "properties": {"wayId": 330748462, "name": "", "highway": "footway"}, "geometry": {"type": "LineString", "coordinates": [[-73.9785888, 40.7705989], [-73.9788935, 40.7703423], [-73.9791491, 40.7701049], [-73.9794308, 40.7698155], [-73.9795691, 40.7696512], [-73.9796513, 40.7695284], [-73.9796776, 40.769489], [-73.9797661, 40.7693259]]}}, {"type": "Feature", "properties": {"wayId": 330748463, "name": "", "highway": "footway"}, "geometry": {"type": "LineString", "coordinates": [[-73.9783931, 40.7707545], [-73.9785888, 40.7705989]]}}, {"type": "Feature", "properties": {"wayId": 330748465, "name": "West Drive", "highway": "pedestrian"}, "geometry": {"type": "LineString", "coordinates": [[-73.9766253, 40.772723], [-73.976683, 40.7725571], [-73.9767019, 40.7725013], [-73.9767328, 40.7724343], [-73.9767538, 40.7723881], [-73.9768072, 40.772282], [-73.9768555, 40.7721982], [-73.976918, 40.7721004], [-73.976973, 40.7720148], [-73.9770455, 40.7719177], [-73.9771163, 40.7718265], [-73.9771871, 40.7717452], [-73.9772623, 40.77167], [-73.9773467, 40.7715916], [-73.9774634, 40.771493], [-73.9775474, 40.77143], [-73.9776401, 40.7713706], [-73.9781104, 40.7710732], [-73.9782512, 40.7709764], [-73.9784708, 40.7708124]]}}, {"type": "Feature", "properties": {"wayId": 330748467, "name": "", "highway": "footway"}, "geometry": {"type": "LineString", "coordinates": [[-73.9787499, 40.7707165], [-73.9785543, 40.7708737]]}}, {"type": "Feature", "properties": {"wayId": 330748470, "name": "", "highway": "footway"}, "geometry": {"type": "LineString", "coordinates": [[-73.9787499, 40.7707165], [-73.9788224, 40.7706536], [-73.9790729, 40.7704479], [-73.979471, 40.7700556], [-73.9797112, 40.769796], [-73.9799479, 40.7694665], [-73.980037, 40.7692814]]}}, {"type": "Feature", "properties": {"wayId": 330748471, "name": "", "highway": "footway"}, "geometry": {"type": "LineString", "coordinates": [[-73.9798438, 40.7691586], [-73.9798434, 40.7690882], [-73.9798521, 40.7690117], [-73.9798521, 40.7689643], [-73.9798249, 40.7689068]]}}, {"type": "Feature", "properties": {"wayId": 330748472, "name": "", "highway": "footway"}, "geometry": {"type": "LineString", "coordinates": [[-73.9727482, 40.7690702], [-73.9728133, 40.7689239]]}}, {"type": "Feature", "properties": {"wayId": 330748473, "name": "", "highway": "footway"}, "geometry": {"type": "LineString", "coordinates": [[-73.9728133, 40.7689239], [-73.9728545, 40.7688409], [-73.9729278, 40.7688495]]}}, {"type": "Feature", "properties": {"wayId": 330748474, "name": "", "highway": "footway"}, "geometry": {"type": "LineString", "coordinates": [[-73.9727482, 40.7690702], [-73.9726968, 40.7691461], [-73.9726639, 40.7691835], [-73.9726187, 40.7692297], [-73.9725744, 40.7692679], [-73.9725357, 40.7693007], [-73.9724849, 40.7693399], [-73.9724271, 40.7693716], [-73.9723567, 40.7694038], [-73.9722665, 40.7694329], [-73.9721883, 40.7694508], [-73.9721174, 40.7694588], [-73.9720223, 40.7694662], [-73.971926, 40.7694693], [-73.9718125, 40.7694756], [-73.9717558, 40.769484], [-73.9717465, 40.7694855], [-73.9716721, 40.7694979], [-73.9716208, 40.7695113], [-73.9715766, 40.7695304], [-73.971514, 40.7695711], [-73.9714307, 40.7696576]]}}, {"type": "Feature", "properties": {"wayId": 330748475, "name": "", "highway": "footway"}, "geometry": {"type": "LineString", "coordinates": [[-73.9699361, 40.7698349], [-73.9699457, 40.7698144], [-73.9699475, 40.7697828], [-73.9699422, 40.7697661], [-73.9699323, 40.7697464], [-73.9699179, 40.7697227], [-73.96991, 40.7696976], [-73.9699076, 40.7696852]]}}, {"type": "Feature", "properties": {"wayId": 330748477, "name": "", "highway": "footway"}, "geometry": {"type": "LineString", "coordinates": [[-73.9679833, 40.7721433], [-73.9680419, 40.7721746]]}}, {"type": "Feature", "properties": {"wayId": 330748478, "name": "East Drive", "highway": "footway"}, "geometry": {"type": "LineString", "coordinates": [[-73.9672316, 40.775545], [-73.967291, 40.7754687], [-73.9673515, 40.7754008], [-73.9674209, 40.7753495], [-73.9675111, 40.7752957], [-73.9676187, 40.7752397], [-73.9678141, 40.7751485], [-73.9680864, 40.7750337], [-73.9682281, 40.7749609], [-73.9682584, 40.7749374], [-73.9685859, 40.7747142]]}}, {"type": "Feature", "properties": {"wayId": 330748479, "name": "East Drive", "highway": "footway"}, "geometry": {"type": "LineString", "coordinates": [[-73.9684704, 40.7726795], [-73.9685051, 40.7727471], [-73.9685139, 40.7727682]]}}, {"type": "Feature", "properties": {"wayId": 330748498, "name": "", "highway": "footway"}, "geometry": {"type": "LineString", "coordinates": [[-73.9733201, 40.7678138], [-73.973324, 40.7681026]]}}, {"type": "Feature", "properties": {"wayId": 330748501, "name": "", "highway": "footway"}, "geometry": {"type": "LineString", "coordinates": [[-73.973324, 40.7681026], [-73.9733239, 40.7681455], [-73.9733108, 40.7682503], [-73.9732954, 40.768326], [-73.9732679, 40.7684316], [-73.9732419, 40.7685339], [-73.9732128, 40.7686312], [-73.9731927, 40.7687331], [-73.9731965, 40.7688134], [-73.973212, 40.7688605]]}}, {"type": "Feature", "properties": {"wayId": 330748502, "name": "", "highway": "footway"}, "geometry": {"type": "LineString", "coordinates": [[-73.9735555, 40.7661081], [-73.9735554, 40.7661343], [-73.9735461, 40.7661596], [-73.9735197, 40.7662029], [-73.9734774, 40.7662592], [-73.9734402, 40.7663183], [-73.9734165, 40.7663705], [-73.9734066, 40.7663992], [-73.9734002, 40.7664318], [-73.9734055, 40.7665011], [-73.9734044, 40.7665331], [-73.9733989, 40.7665597], [-73.9733814, 40.766588], [-73.9733494, 40.7666345], [-73.9733073, 40.7666827], [-73.9733415, 40.7667356], [-73.973356, 40.7667653], [-73.973364, 40.7668537], [-73.9733635, 40.7669215], [-73.973364, 40.7669623], [-73.9733792, 40.7670184]]}}, {"type": "Feature", "properties": {"wayId": 332080763, "name": "", "highway": "footway"}, "geometry": {"type": "LineString", "coordinates": [[-73.9784058, 40.7726318], [-73.9783542, 40.772614], [-73.9779157, 40.7724592], [-73.9777021, 40.7724047], [-73.977651, 40.7724926], [-73.9776138, 40.7725295], [-73.9775697, 40.7725453], [-73.9775295, 40.7725549], [-73.9774827, 40.7725426], [-73.9774466, 40.7725225], [-73.9773956, 40.7724715], [-73.9773803, 40.7724377], [-73.9773775, 40.772409], [-73.9772765, 40.7724063], [-73.9772265, 40.7724149], [-73.9771802, 40.77243], [-73.9771221, 40.7724691], [-73.9770743, 40.7725199], [-73.977025, 40.7725412]]}}, {"type": "Feature", "properties": {"wayId": 332080765, "name": "", "highway": "footway"}, "geometry": {"type": "LineString", "coordinates": [[-73.9749403, 40.769347], [-73.9747904, 40.769491], [-73.9745405, 40.7696814]]}}, {"type": "Feature", "properties": {"wayId": 332080767, "name": "", "highway": "footway"}, "geometry": {"type": "LineString", "coordinates": [[-73.9742177, 40.7698234], [-73.9739723, 40.7698509], [-73.9738158, 40.7698547], [-73.97374, 40.7698505], [-73.9736719, 40.7698445], [-73.9735756, 40.7698225], [-73.9735094, 40.7698023], [-73.9734425, 40.7697774], [-73.9733261, 40.7697275], [-73.9732328, 40.7696834], [-73.9731647, 40.7696535], [-73.9731433, 40.7696438], [-73.973095, 40.769618], [-73.97306, 40.7696], [-73.9730247, 40.769583], [-73.9729582, 40.7695528], [-73.9728775, 40.7695246], [-73.9728067, 40.7695038], [-73.9726795, 40.7694772], [-73.9725051, 40.7694588]]}}, {"type": "Feature", "properties": {"wayId": 332080769, "name": "", "highway": "footway"}, "geometry": {"type": "LineString", "coordinates": [[-73.9725051, 40.7694588], [-73.9724631, 40.7694518], [-73.9723813, 40.769438]]}}, {"type": "Feature", "properties": {"wayId": 332080772, "name": "", "highway": "footway"}, "geometry": {"type": "LineString", "coordinates": [[-73.971199, 40.7688391], [-73.9716084, 40.7688183], [-73.9718931, 40.7688302], [-73.9722145, 40.7688816], [-73.9726373, 40.7690083]]}}, {"type": "Feature", "properties": {"wayId": 332080785, "name": "Strawberry Fields", "highway": "footway"}, "geometry": {"type": "LineString", "coordinates": [[-73.9754088, 40.7760858], [-73.9754565, 40.7761043], [-73.97574, 40.776224], [-73.975765, 40.776244], [-73.9757931, 40.7762686]]}}, {"type": "Feature", "properties": {"wayId": 332080787, "name": "", "highway": "footway"}, "geometry": {"type": "LineString", "coordinates": [[-73.9739623, 40.7773373], [-73.9738857, 40.7775133], [-73.9738465, 40.7775822], [-73.9738086, 40.7776362], [-73.9737279, 40.7777527], [-73.9736183, 40.7778621], [-73.9734676, 40.7779739], [-73.9734052, 40.7780108], [-73.9733026, 40.7780714]]}}, {"type": "Feature", "properties": {"wayId": 332080789, "name": "", "highway": "footway"}, "geometry": {"type": "LineString", "coordinates": [[-73.9733026, 40.7780714], [-73.9730551, 40.7782099], [-73.9728543, 40.7783275], [-73.9727557, 40.7783855], [-73.972432, 40.7785753]]}}, {"type": "Feature", "properties": {"wayId": 332080794, "name": "", "highway": "footway"}, "geometry": {"type": "LineString", "coordinates": [[-73.967687, 40.7826997], [-73.9676295, 40.7827265], [-73.9675525, 40.7827624], [-73.9674997, 40.7827845], [-73.9674595, 40.7827971], [-73.9674301, 40.7828043], [-73.9673746, 40.782803], [-73.967302, 40.7827903]]}}, {"type": "Feature", "properties": {"wayId": 332080796, "name": "", "highway": "footway"}, "geometry": {"type": "LineString", "coordinates": [[-73.9591546, 40.7905097], [-73.9594067, 40.7904951], [-73.9595389, 40.7904871], [-73.9596578, 40.7904905], [-73.959727, 40.7904983], [-73.9598007, 40.7905206], [-73.959886, 40.790549], [-73.9599764, 40.7905831], [-73.9600621, 40.7906169], [-73.9601504, 40.7906613], [-73.9602045, 40.7906932], [-73.9601317, 40.7907496], [-73.9600804, 40.7907802], [-73.9600224, 40.790803], [-73.9599647, 40.7908216], [-73.9599004, 40.7908336]]}}, {"type": "Feature", "properties": {"wayId": 332080800, "name": "", "highway": "footway"}, "geometry": {"type": "LineString", "coordinates": [[-73.9595262, 40.7915519], [-73.9595069, 40.7916766]]}}, {"type": "Feature", "properties": {"wayId": 332080802, "name": "", "highway": "footway"}, "geometry": {"type": "LineString", "coordinates": [[-73.9621757, 40.7920236], [-73.9621828, 40.7919758], [-73.9621929, 40.7919189], [-73.9622029, 40.7918744], [-73.9622168, 40.7918465], [-73.9622422, 40.7918147], [-73.9622935, 40.7917657], [-73.9623074, 40.7917504], [-73.9623193, 40.7917331], [-73.9623684, 40.7917451], [-73.9624322, 40.7917625], [-73.962493, 40.791779], [-73.9625729, 40.7918045]]}}, {"type": "Feature", "properties": {"wayId": 332080805, "name": "", "highway": "footway"}, "geometry": {"type": "LineString", "coordinates": [[-73.9618414, 40.7925529], [-73.9619148, 40.7925813], [-73.9619962, 40.7925973], [-73.9620596, 40.7926105], [-73.9621053, 40.7926194], [-73.9621505, 40.7926187], [-73.9622137, 40.7926017], [-73.9622676, 40.7925802], [-73.9624315, 40.7924919], [-73.9625766, 40.7924362], [-73.9626348, 40.7924185], [-73.9627201, 40.7923967], [-73.9628124, 40.7923821], [-73.9629218, 40.7923702], [-73.9630434, 40.7923651], [-73.9631849, 40.7923467], [-73.9632449, 40.7923316], [-73.9634132, 40.7923099], [-73.963585, 40.7923004], [-73.9637536, 40.7923], [-73.9639077, 40.7923233], [-73.9640137, 40.7923693]]}}, {"type": "Feature", "properties": {"wayId": 332080809, "name": "", "highway": "footway"}, "geometry": {"type": "LineString", "coordinates": [[-73.9617619, 40.7931219], [-73.9619511, 40.7931915], [-73.9620987, 40.7932585], [-73.9621468, 40.7932975], [-73.962182, 40.7933345], [-73.9622018, 40.793379], [-73.9622197, 40.7934735], [-73.9622218, 40.7935386], [-73.9622311, 40.7936124], [-73.962264, 40.79369], [-73.9622947, 40.7937522], [-73.9623079, 40.7937788], [-73.9623363, 40.7938269], [-73.9623648, 40.7938666], [-73.9624027, 40.7939082], [-73.9624605, 40.7939611], [-73.9625288, 40.7940106], [-73.9626002, 40.7940565], [-73.9626484, 40.7940835], [-73.9627237, 40.7941219], [-73.9627714, 40.7941231]]}}, {"type": "Feature", "properties": {"wayId": 332080812, "name": "", "highway": "footway"}, "geometry": {"type": "LineString", "coordinates": [[-73.9552511, 40.7941564], [-73.9551011, 40.7943615], [-73.95512, 40.7944046]]}}, {"type": "Feature", "properties": {"wayId": 332080821, "name": "", "highway": "steps"}, "geometry": {"type": "LineString", "coordinates": [[-73.9691908, 40.7747136], [-73.9690071, 40.7746002]]}}, {"type": "Feature", "properties": {"wayId": 332080823, "name": "72nd Street Transverse", "highway": "footway"}, "geometry": {"type": "LineString", "coordinates": [[-73.9743928, 40.7747695], [-73.9743121, 40.7747296], [-73.9742547, 40.7747161], [-73.9742165, 40.7747046], [-73.9741259, 40.7746638], [-73.9739824, 40.7745933], [-73.9738498, 40.7745159], [-73.9736543, 40.7743952], [-73.9735354, 40.7743369], [-73.9734706, 40.7743005], [-73.973425, 40.7742666], [-73.9734101, 40.7742409], [-73.9733768, 40.7742131], [-73.9733632, 40.7741935], [-73.9732642, 40.77408], [-73.9732128, 40.7740405], [-73.9731389, 40.7739904], [-73.9730854, 40.7739673], [-73.9730403, 40.773949], [-73.9729788, 40.7739282], [-73.972925, 40.7739132], [-73.9728337, 40.7738989], [-73.9727394, 40.7738908], [-73.9726549, 40.7738899], [-73.9725846, 40.7738949], [-73.9725166, 40.7738995], [-73.9724099, 40.7739066], [-73.9723715, 40.7739082], [-73.9723201, 40.7739074], [-73.9722727, 40.7739049], [-73.9722276, 40.7738876], [-73.9721749, 40.7738941], [-73.9720811, 40.773908], [-73.9719992, 40.7739174], [-73.9719256, 40.7739207], [-73.971829, 40.7739224], [-73.9717521, 40.7739182], [-73.9716653, 40.7739041], [-73.9716049, 40.7738924], [-73.9714852, 40.7738685], [-73.9714235, 40.7738681], [-73.9713034, 40.7738394], [-73.9712391, 40.7738243], [-73.9708361, 40.7737298], [-73.970776, 40.7737157], [-73.9706308, 40.7736845], [-73.9704839, 40.7736271], [-73.9702863, 40.773572], [-73.9700404, 40.7735016], [-73.9699542, 40.7735024], [-73.9698319, 40.7735122], [-73.9696686, 40.7735386], [-73.9695591, 40.7735727], [-73.9695016, 40.773606], [-73.9694194, 40.7736615], [-73.9693687, 40.7736829]]}}, {"type": "Feature", "properties": {"wayId": 332132144, "name": "", "highway": "footway"}, "geometry": {"type": "LineString", "coordinates": [[-73.9617053, 40.7796082], [-73.9617921, 40.7796424], [-73.9618866, 40.7796826], [-73.9619306, 40.7797007]]}}, {"type": "Feature", "properties": {"wayId": 332132148, "name": "", "highway": "footway"}, "geometry": {"type": "LineString", "coordinates": [[-73.9624721, 40.7789588], [-73.9624245, 40.7789384], [-73.9623363, 40.7788968], [-73.9622571, 40.7788643]]}}, {"type": "Feature", "properties": {"wayId": 332132154, "name": "", "highway": "footway"}, "geometry": {"type": "LineString", "coordinates": [[-73.9637184, 40.7772332], [-73.9637321, 40.777239], [-73.9638854, 40.7773042], [-73.9639739, 40.7773529], [-73.9640431, 40.7774094], [-73.9640995, 40.7774785], [-73.9641855, 40.777627], [-73.9642281, 40.777685], [-73.9642833, 40.7777404], [-73.9643487, 40.7777977], [-73.9644308, 40.7778482], [-73.9645692, 40.7779271], [-73.9646542, 40.7779713], [-73.9647078, 40.7780145], [-73.9647291, 40.7780371], [-73.964747, 40.7780594], [-73.964789, 40.7781246], [-73.9648637, 40.7782173], [-73.964923, 40.778275], [-73.9649877, 40.7783275], [-73.9650608, 40.7783813], [-73.965158, 40.7784436], [-73.9652035, 40.7784848], [-73.9652396, 40.7785348], [-73.9652771, 40.7786093]]}}, {"type": "Feature", "properties": {"wayId": 332132156, "name": "", "highway": "footway"}, "geometry": {"type": "LineString", "coordinates": [[-73.9633389, 40.7777581], [-73.9632435, 40.7776473], [-73.9631738, 40.7775797]]}}, {"type": "Feature", "properties": {"wayId": 332132157, "name": "", "highway": "footway"}, "geometry": {"type": "LineString", "coordinates": [[-73.9633185, 40.7777982], [-73.9631763, 40.7777403], [-73.9630838, 40.7777022]]}}, {"type": "Feature", "properties": {"wayId": 332132158, "name": "Central Park Outer Loop", "highway": "footway"}, "geometry": {"type": "LineString", "coordinates": [[-73.9615537, 40.7802165], [-73.9616219, 40.7801225], [-73.9619306, 40.7797007], [-73.9619404, 40.7796874], [-73.9620134, 40.7795878], [-73.9622509, 40.7792639], [-73.9623957, 40.7790642], [-73.9624721, 40.7789588], [-73.9625218, 40.7788902], [-73.9628575, 40.7784314], [-73.9629127, 40.778356], [-73.962935, 40.7783256], [-73.9632144, 40.7779459], [-73.963306, 40.7778159], [-73.9633185, 40.7777982], [-73.9633389, 40.7777581], [-73.9633454, 40.7777454], [-73.9633908, 40.777682], [-73.96348, 40.7775599], [-73.9637184, 40.7772332]]}}, {"type": "Feature", "properties": {"wayId": 332132166, "name": "Northwest Central Park Loop", "highway": "footway"}, "geometry": {"type": "LineString", "coordinates": [[-73.9715077, 40.7820909], [-73.9713148, 40.7820182], [-73.9712649, 40.7820014], [-73.9710943, 40.7819438]]}}, {"type": "Feature", "properties": {"wayId": 340490135, "name": "", "highway": "footway"}, "geometry": {"type": "LineString", "coordinates": [[-73.9530093, 40.7933947], [-73.9530047, 40.7934186], [-73.9530196, 40.7935002], [-73.9530584, 40.7935941], [-73.953149, 40.7936372]]}}, {"type": "Feature", "properties": {"wayId": 340492778, "name": "", "highway": "footway"}, "geometry": {"type": "LineString", "coordinates": [[-73.9745405, 40.7696814], [-73.9744368, 40.7697531]]}}, {"type": "Feature", "properties": {"wayId": 340492782, "name": "", "highway": "footway"}, "geometry": {"type": "LineString", "coordinates": [[-73.9744368, 40.7697531], [-73.9743045, 40.7698016], [-73.9742177, 40.7698234]]}}, {"type": "Feature", "properties": {"wayId": 340492786, "name": "", "highway": "footway"}, "geometry": {"type": "LineString", "coordinates": [[-73.9672316, 40.775545], [-73.967205, 40.7755892], [-73.9671608, 40.7756473], [-73.9670531, 40.7757711], [-73.9670045, 40.7758445], [-73.9669577, 40.7759344], [-73.966888, 40.776057], [-73.9668291, 40.7761518], [-73.9667524, 40.7762186], [-73.9666589, 40.7762816], [-73.9664976, 40.7763676], [-73.9663567, 40.7764203], [-73.9661305, 40.7764841], [-73.9659734, 40.7764981], [-73.9658094, 40.7765089]]}}, {"type": "Feature", "properties": {"wayId": 362647333, "name": "", "highway": "footway"}, "geometry": {"type": "LineString", "coordinates": [[-73.9770035, 40.7721463], [-73.9771101, 40.7721913], [-73.9772127, 40.7722127], [-73.9772534, 40.7722212], [-73.9772587, 40.7722557]]}}, {"type": "Feature", "properties": {"wayId": 362647334, "name": "", "highway": "footway"}, "geometry": {"type": "LineString", "coordinates": [[-73.9773775, 40.772409], [-73.9773953, 40.7723568]]}}, {"type": "Feature", "properties": {"wayId": 377574468, "name": "", "highway": "footway"}, "geometry": {"type": "LineString", "coordinates": [[-73.9626263, 40.7783368], [-73.9627182, 40.7783736], [-73.9628063, 40.7784103], [-73.9628575, 40.7784314]]}}, {"type": "Feature", "properties": {"wayId": 377574474, "name": "", "highway": "footway"}, "geometry": {"type": "LineString", "coordinates": [[-73.9627064, 40.7782252], [-73.9627962, 40.7782666], [-73.9628834, 40.7783033], [-73.962935, 40.7783256]]}}, {"type": "Feature", "properties": {"wayId": 377574477, "name": "", "highway": "footway"}, "geometry": {"type": "LineString", "coordinates": [[-73.9621785, 40.7789729], [-73.9622553, 40.7790041], [-73.962348, 40.7790443], [-73.9623957, 40.7790642]]}}, {"type": "Feature", "properties": {"wayId": 377576107, "name": "", "highway": "footway"}, "geometry": {"type": "LineString", "coordinates": [[-73.9731956, 40.7783855], [-73.9736492, 40.7780983]]}}, {"type": "Feature", "properties": {"wayId": 377576110, "name": "", "highway": "footway"}, "geometry": {"type": "LineString", "coordinates": [[-73.9730957, 40.778261], [-73.9731289, 40.7783008], [-73.9731956, 40.7783855]]}}, {"type": "Feature", "properties": {"wayId": 377576114, "name": "West Drive", "highway": "footway"}, "geometry": {"type": "LineString", "coordinates": [[-73.9770123, 40.7726864], [-73.9770187, 40.7726131], [-73.977025, 40.7725412]]}}, {"type": "Feature", "properties": {"wayId": 377576120, "name": "", "highway": "footway"}, "geometry": {"type": "LineString", "coordinates": [[-73.977025, 40.7725412], [-73.9769712, 40.7725438], [-73.9769135, 40.7725308], [-73.9768683, 40.772481], [-73.9768464, 40.7724267], [-73.9769771, 40.7721811], [-73.9770035, 40.7721463], [-73.9771155, 40.7719981], [-73.9772184, 40.7718657]]}}, {"type": "Feature", "properties": {"wayId": 377576121, "name": "Central Park West 67th Approach", "highway": "footway"}, "geometry": {"type": "LineString", "coordinates": [[-73.9781037, 40.7730491], [-73.9774517, 40.7728258], [-73.9773927, 40.7728331], [-73.9773465, 40.7728495], [-73.9772907, 40.7728645], [-73.9772235, 40.7728661], [-73.9771598, 40.772851], [-73.9771013, 40.7728157], [-73.9770551, 40.7727722], [-73.9770123, 40.7726864]]}}, {"type": "Feature", "properties": {"wayId": 377577994, "name": "", "highway": "footway"}, "geometry": {"type": "LineString", "coordinates": [[-73.9769007, 40.7666153], [-73.9768819, 40.7665666], [-73.976865, 40.7665389], [-73.9768453, 40.7665115], [-73.9768112, 40.7664774], [-73.976769, 40.7664381], [-73.9767196, 40.7664003], [-73.9766478, 40.7663559], [-73.9765385, 40.7662974], [-73.9764445, 40.7662496], [-73.9763213, 40.7661891], [-73.9762846, 40.7661727], [-73.9762432, 40.7661514], [-73.976149, 40.7660985]]}}, {"type": "Feature", "properties": {"wayId": 377577995, "name": "Central Park Outer Loop", "highway": "footway"}, "geometry": {"type": "LineString", "coordinates": [[-73.9729748, 40.7652372], [-73.9728068, 40.7651707], [-73.9726265, 40.7650993], [-73.9725865, 40.7650835]]}}, {"type": "Feature", "properties": {"wayId": 377577997, "name": "", "highway": "footway"}, "geometry": {"type": "LineString", "coordinates": [[-73.9776269, 40.7715169], [-73.9777156, 40.7715831], [-73.9777757, 40.7716247], [-73.9778991, 40.7716734], [-73.9779803, 40.7716867], [-73.978101, 40.77167], [-73.9782731, 40.7716491], [-73.9783498, 40.7716303], [-73.9783975, 40.7716201], [-73.9787908, 40.7715168], [-73.9789796, 40.7714478], [-73.979107, 40.7713533], [-73.9791592, 40.7712863], [-73.9791781, 40.7712397], [-73.9791839, 40.7711742], [-73.9791936, 40.7710608], [-73.9791995, 40.7709805], [-73.9791892, 40.7708653], [-73.9791661, 40.7707908], [-73.9791104, 40.770673], [-73.9790966, 40.7706347], [-73.9790887, 40.7705855], [-73.9790923, 40.7705335], [-73.979123, 40.7704743], [-73.9790729, 40.7704479], [-73.9789817, 40.7703969], [-73.9789297, 40.770368], [-73.9788935, 40.7703423], [-73.9788272, 40.7702962], [-73.978747, 40.7702572], [-73.9786638, 40.7702323], [-73.9785709, 40.7702127], [-73.9784617, 40.7701941], [-73.9783768, 40.7701807], [-73.9783138, 40.7701527], [-73.9782494, 40.7702131], [-73.9781821, 40.770282]]}}, {"type": "Feature", "properties": {"wayId": 377577999, "name": "Central Park Outer Loop", "highway": "footway"}, "geometry": {"type": "LineString", "coordinates": [[-73.9733679, 40.765197], [-73.9732245, 40.7652163]]}}, {"type": "Feature", "properties": {"wayId": 385444825, "name": "", "highway": "footway"}, "geometry": {"type": "LineString", "coordinates": [[-73.9797338, 40.7692086], [-73.9800089, 40.7692759]]}}, {"type": "Feature", "properties": {"wayId": 385444827, "name": "", "highway": "footway"}, "geometry": {"type": "LineString", "coordinates": [[-73.9797338, 40.7692086], [-73.9796596, 40.7691801], [-73.9795937, 40.769131], [-73.9795421, 40.7690604], [-73.9795073, 40.7689923], [-73.9794626, 40.7689145], [-73.9794089, 40.7688337]]}}, {"type": "Feature", "properties": {"wayId": 385446609, "name": "Wien Walk", "highway": "footway"}, "geometry": {"type": "LineString", "coordinates": [[-73.9728068, 40.7651707], [-73.9727132, 40.7652925], [-73.9726378, 40.7653893], [-73.9725358, 40.7655276], [-73.9724415, 40.7656607], [-73.9723631, 40.7658024], [-73.9723576, 40.7658135], [-73.9723514, 40.7658283], [-73.9723461, 40.7658437], [-73.9723182, 40.7659392], [-73.9722919, 40.7660573], [-73.972275, 40.7661791], [-73.9722677, 40.7662886], [-73.9722655, 40.766395], [-73.9722576, 40.7664958], [-73.97225, 40.7665687], [-73.9722412, 40.7666055], [-73.9722328, 40.7666398], [-73.9722276, 40.7666551], [-73.9722223, 40.7666686], [-73.9722091, 40.7666937], [-73.9721959, 40.7667159], [-73.9716894, 40.7674278], [-73.9715822, 40.7675752], [-73.9712527, 40.7680097], [-73.9711878, 40.7681]]}}, {"type": "Feature", "properties": {"wayId": 385446611, "name": "Dipway Arch", "highway": "footway"}, "geometry": {"type": "LineString", "coordinates": [[-73.9780798, 40.7675203], [-73.9781708, 40.7673966]]}}, {"type": "Feature", "properties": {"wayId": 385446612, "name": "", "highway": "footway"}, "geometry": {"type": "LineString", "coordinates": [[-73.9797661, 40.7693259], [-73.9798438, 40.7691586]]}}, {"type": "Feature", "properties": {"wayId": 385446614, "name": "", "highway": "footway"}, "geometry": {"type": "LineString", "coordinates": [[-73.9722223, 40.7666686], [-73.9724477, 40.7667028], [-73.9725258, 40.7667926]]}}, {"type": "Feature", "properties": {"wayId": 385446616, "name": "", "highway": "footway"}, "geometry": {"type": "LineString", "coordinates": [[-73.9730985, 40.766724], [-73.9731726, 40.7667034], [-73.9732292, 40.7666914], [-73.9732737, 40.766686], [-73.9733073, 40.7666827]]}}, {"type": "Feature", "properties": {"wayId": 385446617, "name": "West Drive", "highway": "pedestrian"}, "geometry": {"type": "LineString", "coordinates": [[-73.9786675, 40.7706569], [-73.9787604, 40.7705839], [-73.978882, 40.7704807], [-73.9789817, 40.7703969], [-73.9791204, 40.7702731], [-73.9792529, 40.7701446], [-73.9794124, 40.7699871], [-73.9795189, 40.769875], [-73.9796435, 40.7697239], [-73.9797213, 40.769622], [-73.9797907, 40.7695197], [-73.9798395, 40.7694343], [-73.9798807, 40.7693518]]}}, {"type": "Feature", "properties": {"wayId": 385446621, "name": "", "highway": "footway"}, "geometry": {"type": "LineString", "coordinates": [[-73.9781708, 40.7673966], [-73.9783175, 40.7672776], [-73.978491, 40.767205]]}}, {"type": "Feature", "properties": {"wayId": 385460486, "name": "", "highway": "footway"}, "geometry": {"type": "LineString", "coordinates": [[-73.973481, 40.7679313], [-73.9735194, 40.7679583], [-73.9735513, 40.7679708], [-73.973582, 40.7679841], [-73.9736122, 40.7680019], [-73.9737774, 40.7681226]]}}, {"type": "Feature", "properties": {"wayId": 386465168, "name": "Center Drive", "highway": "pedestrian"}, "geometry": {"type": "LineString", "coordinates": [[-73.975756, 40.7683576], [-73.9755808, 40.7686366]]}}, {"type": "Feature", "properties": {"wayId": 386469207, "name": "", "highway": "footway"}, "geometry": {"type": "LineString", "coordinates": [[-73.9521177, 40.7942109], [-73.9522219, 40.7941771]]}}, {"type": "Feature", "properties": {"wayId": 386469208, "name": "", "highway": "footway"}, "geometry": {"type": "LineString", "coordinates": [[-73.9519844, 40.7943971], [-73.9520036, 40.7944818]]}}, {"type": "Feature", "properties": {"wayId": 386469209, "name": "", "highway": "footway"}, "geometry": {"type": "LineString", "coordinates": [[-73.9520895, 40.7943207], [-73.952012, 40.7942877]]}}, {"type": "Feature", "properties": {"wayId": 386469210, "name": "", "highway": "footway"}, "geometry": {"type": "LineString", "coordinates": [[-73.9519242, 40.7941311], [-73.951905, 40.7940464]]}}, {"type": "Feature", "properties": {"wayId": 386469211, "name": "", "highway": "footway"}, "geometry": {"type": "LineString", "coordinates": [[-73.9520476, 40.7941366], [-73.9520041, 40.7941958]]}}, {"type": "Feature", "properties": {"wayId": 386469212, "name": "", "highway": "footway"}, "geometry": {"type": "LineString", "coordinates": [[-73.9518988, 40.7942395], [-73.9518212, 40.7942065]]}}, {"type": "Feature", "properties": {"wayId": 386469213, "name": "", "highway": "footway"}, "geometry": {"type": "LineString", "coordinates": [[-73.9517911, 40.7943168], [-73.9516869, 40.7943506]]}}, {"type": "Feature", "properties": {"wayId": 386469214, "name": "", "highway": "footway"}, "geometry": {"type": "LineString", "coordinates": [[-73.9519065, 40.7943311], [-73.9518636, 40.7943903]]}}, {"type": "Feature", "properties": {"wayId": 386475144, "name": "", "highway": "footway"}, "geometry": {"type": "LineString", "coordinates": [[-73.9527218, 40.793211], [-73.9526885, 40.7932591]]}}, {"type": "Feature", "properties": {"wayId": 386475145, "name": "Crabapple All\u00e9e", "highway": "footway"}, "geometry": {"type": "LineString", "coordinates": [[-73.9522083, 40.79334], [-73.9524323, 40.7934352], [-73.9528425, 40.7936129], [-73.9529982, 40.7936756]]}}, {"type": "Feature", "properties": {"wayId": 386475146, "name": "", "highway": "footway"}, "geometry": {"type": "LineString", "coordinates": [[-73.9529982, 40.7936756], [-73.9530584, 40.7935941]]}}, {"type": "Feature", "properties": {"wayId": 386475147, "name": "", "highway": "footway"}, "geometry": {"type": "LineString", "coordinates": [[-73.9520062, 40.7936239], [-73.9519381, 40.7935954]]}}, {"type": "Feature", "properties": {"wayId": 386475148, "name": "", "highway": "footway"}, "geometry": {"type": "LineString", "coordinates": [[-73.9528498, 40.7932053], [-73.9528563, 40.7931946], [-73.9528616, 40.7931807], [-73.9528647, 40.7931636], [-73.9528642, 40.7931453], [-73.9528594, 40.7931276], [-73.9528541, 40.7931178], [-73.9528498, 40.7931113], [-73.9528342, 40.7930963], [-73.952814, 40.7930849], [-73.9527963, 40.7930786], [-73.9527703, 40.7930739], [-73.9527506, 40.7930736], [-73.9527413, 40.7930735], [-73.9527198, 40.7930755], [-73.9527042, 40.7930801], [-73.9526913, 40.7930869], [-73.952679, 40.7930966], [-73.952667, 40.7931091], [-73.9526557, 40.7931229], [-73.9526409, 40.793143], [-73.952587, 40.7932164], [-73.9526885, 40.7932591], [-73.9527814, 40.7932983], [-73.9528354, 40.7932249], [-73.9528498, 40.7932053]]}}, {"type": "Feature", "properties": {"wayId": 386475149, "name": "", "highway": "footway"}, "geometry": {"type": "LineString", "coordinates": [[-73.9530093, 40.7933947], [-73.9530635, 40.793321], [-73.9530826, 40.793295], [-73.9531017, 40.7932637], [-73.9531176, 40.7932216], [-73.9531261, 40.7931752], [-73.9531248, 40.7931234], [-73.9531094, 40.7930667], [-73.9530941, 40.7930362], [-73.9530904, 40.7930309], [-73.9530842, 40.7930218], [-73.9530765, 40.7930106], [-73.9530748, 40.7930081], [-73.9530226, 40.7929582], [-73.9529836, 40.7929322], [-73.9529303, 40.7929055], [-73.9528717, 40.7928899], [-73.9528193, 40.7928807], [-73.9527746, 40.7928773], [-73.9527602, 40.7928762], [-73.952745, 40.792875], [-73.9526557, 40.7928823], [-73.9525802, 40.7929045], [-73.9525205, 40.7929362], [-73.9524783, 40.7929696], [-73.9524503, 40.7929987], [-73.9524307, 40.7930226], [-73.9524272, 40.7930273], [-73.9524128, 40.7930469], [-73.9524024, 40.7930643], [-73.9522083, 40.79334]]}}, {"type": "Feature", "properties": {"wayId": 386475150, "name": "", "highway": "footway"}, "geometry": {"type": "LineString", "coordinates": [[-73.9527724, 40.7927776], [-73.9527019, 40.7928177], [-73.9526652, 40.7928495], [-73.9526557, 40.7928823]]}}, {"type": "Feature", "properties": {"wayId": 386475151, "name": "", "highway": "footway"}, "geometry": {"type": "LineString", "coordinates": [[-73.9527506, 40.7930736], [-73.9527536, 40.7930108], [-73.9527565, 40.7929525], [-73.9527602, 40.7928762]]}}, {"type": "Feature", "properties": {"wayId": 386475152, "name": "", "highway": "footway"}, "geometry": {"type": "LineString", "coordinates": [[-73.9528541, 40.7931178], [-73.9529267, 40.7930875], [-73.9529945, 40.7930592], [-73.9530842, 40.7930218]]}}, {"type": "Feature", "properties": {"wayId": 386475153, "name": "", "highway": "footway"}, "geometry": {"type": "LineString", "coordinates": [[-73.9518694, 40.7935668], [-73.9517994, 40.7935345]]}}, {"type": "Feature", "properties": {"wayId": 386482344, "name": "", "highway": "footway"}, "geometry": {"type": "LineString", "coordinates": [[-73.9517168, 40.7941735], [-73.9516167, 40.794128]]}}, {"type": "Feature", "properties": {"wayId": 386496096, "name": "", "highway": "footway"}, "geometry": {"type": "LineString", "coordinates": [[-73.9541837, 40.7976144], [-73.9542553, 40.7975209], [-73.954297, 40.7974464], [-73.9543325, 40.7973803], [-73.9543653, 40.7972854], [-73.9543837, 40.7971866], [-73.9543824, 40.7971095], [-73.9543656, 40.7970465], [-73.9543425, 40.7969955]]}}, {"type": "Feature", "properties": {"wayId": 386642257, "name": "", "highway": "footway"}, "geometry": {"type": "LineString", "coordinates": [[-73.9512943, 40.7943551], [-73.9512246, 40.7943255]]}}, {"type": "Feature", "properties": {"wayId": 386643152, "name": "", "highway": "steps"}, "geometry": {"type": "LineString", "coordinates": [[-73.9519381, 40.7935954], [-73.9519024, 40.7935806]]}}, {"type": "Feature", "properties": {"wayId": 386643153, "name": "", "highway": "footway"}, "geometry": {"type": "LineString", "coordinates": [[-73.9519024, 40.7935806], [-73.9518694, 40.7935668]]}}, {"type": "Feature", "properties": {"wayId": 387346301, "name": "Bridge No. 24", "highway": "footway"}, "geometry": {"type": "LineString", "coordinates": [[-73.962733, 40.7819094], [-73.9626317, 40.7820426]]}}, {"type": "Feature", "properties": {"wayId": 387346303, "name": "", "highway": "footway"}, "geometry": {"type": "LineString", "coordinates": [[-73.962607, 40.7820736], [-73.9626317, 40.7820426]]}}, {"type": "Feature", "properties": {"wayId": 387380393, "name": "Nutter's Battery", "highway": "pedestrian"}, "geometry": {"type": "LineString", "coordinates": [[-73.9529084, 40.7965096], [-73.9529162, 40.796521], [-73.9529223, 40.7965332], [-73.9529243, 40.7965423], [-73.9529241, 40.796553], [-73.9529216, 40.7965626], [-73.9529176, 40.7965706], [-73.9529108, 40.7965794], [-73.9528967, 40.7965905], [-73.9529017, 40.7965696], [-73.9528997, 40.796548], [-73.95289, 40.7965422], [-73.9528811, 40.7965439], [-73.9528712, 40.7965524], [-73.9528601, 40.7965537], [-73.9528498, 40.7965427], [-73.9528292, 40.7965367], [-73.9528142, 40.7965337], [-73.952802, 40.7965388], [-73.9527925, 40.796547], [-73.9527838, 40.7965569], [-73.9527785, 40.7965568], [-73.9527775, 40.7965437], [-73.9527797, 40.7965328], [-73.9527834, 40.7965246], [-73.952788, 40.796518], [-73.9527971, 40.7965088], [-73.952807, 40.7965022], [-73.9528188, 40.7964967], [-73.9528326, 40.7964929], [-73.9528487, 40.7964911], [-73.952864, 40.796492], [-73.9528782, 40.7964951], [-73.9528972, 40.7965034], [-73.9529084, 40.7965096]]}}, {"type": "Feature", "properties": {"wayId": 387384012, "name": "", "highway": "steps"}, "geometry": {"type": "LineString", "coordinates": [[-73.9559347, 40.7955732], [-73.9558774, 40.7955887]]}}, {"type": "Feature", "properties": {"wayId": 387384013, "name": "", "highway": "footway"}, "geometry": {"type": "LineString", "coordinates": [[-73.9544308, 40.7940293], [-73.954359, 40.7941901], [-73.954359, 40.7942795], [-73.9544752, 40.7943467]]}}, {"type": "Feature", "properties": {"wayId": 387384016, "name": "", "highway": "footway"}, "geometry": {"type": "LineString", "coordinates": [[-73.9560113, 40.795583], [-73.9559347, 40.7955732]]}}, {"type": "Feature", "properties": {"wayId": 388310486, "name": "", "highway": "footway"}, "geometry": {"type": "LineString", "coordinates": [[-73.9699053, 40.783503], [-73.969842, 40.7833771], [-73.9697754, 40.7832738], [-73.9697646, 40.7832256], [-73.9697616, 40.7831953], [-73.9697592, 40.7831712], [-73.9697632, 40.7830889], [-73.9698678, 40.7830016], [-73.9699804, 40.782967], [-73.9700877, 40.7829813], [-73.9701565, 40.7829938], [-73.9702138, 40.7830047], [-73.970235, 40.7830063], [-73.9703363, 40.7830142], [-73.9704395, 40.7830664]]}}, {"type": "Feature", "properties": {"wayId": 388310488, "name": "", "highway": "pedestrian"}, "geometry": {"type": "LineString", "coordinates": [[-73.9697616, 40.7831953], [-73.9702554, 40.7830199], [-73.970235, 40.7830063], [-73.9701789, 40.7829691], [-73.9700435, 40.7829549], [-73.9699871, 40.7829498], [-73.9698758, 40.7829792], [-73.9698007, 40.7830188], [-73.9697471, 40.7830747], [-73.9697337, 40.7831265], [-73.9697616, 40.7831953]]}}, {"type": "Feature", "properties": {"wayId": 425335558, "name": "", "highway": "footway"}, "geometry": {"type": "LineString", "coordinates": [[-73.9661305, 40.7764841], [-73.9660934, 40.7765401], [-73.9660612, 40.7765772], [-73.9660176, 40.7766098], [-73.9659704, 40.7766325], [-73.9658913, 40.776655], [-73.9657989, 40.776676], [-73.965733, 40.7766972], [-73.9656234, 40.776744]]}}, {"type": "Feature", "properties": {"wayId": 425335559, "name": "", "highway": "footway"}, "geometry": {"type": "LineString", "coordinates": [[-73.9642796, 40.7769966], [-73.9641406, 40.7769694], [-73.9639454, 40.776917]]}}, {"type": "Feature", "properties": {"wayId": 425335568, "name": "", "highway": "footway"}, "geometry": {"type": "LineString", "coordinates": [[-73.9665151, 40.7745518], [-73.9665366, 40.7745132], [-73.9665462, 40.7744817], [-73.9665504, 40.7744513], [-73.9665498, 40.7744221], [-73.9665431, 40.7743588]]}}, {"type": "Feature", "properties": {"wayId": 425335569, "name": "", "highway": "footway"}, "geometry": {"type": "LineString", "coordinates": [[-73.9665463, 40.7745674], [-73.9665039, 40.7745834]]}}, {"type": "Feature", "properties": {"wayId": 425335571, "name": "", "highway": "footway"}, "geometry": {"type": "LineString", "coordinates": [[-73.9678974, 40.7743458], [-73.9678387, 40.7743465], [-73.967801, 40.7743523], [-73.9677727, 40.7743641], [-73.9677443, 40.774383], [-73.96772, 40.7744055]]}}, {"type": "Feature", "properties": {"wayId": 425335572, "name": "", "highway": "footway"}, "geometry": {"type": "LineString", "coordinates": [[-73.9676332, 40.7745269], [-73.967558, 40.7746567], [-73.9675484, 40.7746835], [-73.9675458, 40.7747067], [-73.967548, 40.7747318], [-73.9675564, 40.7747568], [-73.9675977, 40.7748248]]}}, {"type": "Feature", "properties": {"wayId": 425335573, "name": "", "highway": "footway"}, "geometry": {"type": "LineString", "coordinates": [[-73.9671747, 40.7736509], [-73.9671372, 40.7736985], [-73.9671009, 40.7737269], [-73.9669845, 40.7737488]]}}, {"type": "Feature", "properties": {"wayId": 425335574, "name": "", "highway": "footway"}, "geometry": {"type": "LineString", "coordinates": [[-73.9669972, 40.7737317], [-73.9669451, 40.7737166], [-73.9669058, 40.7737212], [-73.9668697, 40.7737365], [-73.9668357, 40.7737662], [-73.9668055, 40.7738262]]}}, {"type": "Feature", "properties": {"wayId": 425335575, "name": "", "highway": "footway"}, "geometry": {"type": "LineString", "coordinates": [[-73.9668822, 40.7739031], [-73.9668074, 40.7738864]]}}, {"type": "Feature", "properties": {"wayId": 425335576, "name": "", "highway": "steps"}, "geometry": {"type": "LineString", "coordinates": [[-73.9668074, 40.7738864], [-73.9667933, 40.7738818]]}}, {"type": "Feature", "properties": {"wayId": 425335577, "name": "", "highway": "footway"}, "geometry": {"type": "LineString", "coordinates": [[-73.9650806, 40.7774839], [-73.9650997, 40.7775082], [-73.965117, 40.777536], [-73.9651253, 40.7775585], [-73.9651335, 40.7775909], [-73.9651403, 40.7776391]]}}, {"type": "Feature", "properties": {"wayId": 425335578, "name": "", "highway": "footway"}, "geometry": {"type": "LineString", "coordinates": [[-73.966546, 40.775278], [-73.9665367, 40.7752766], [-73.9665299, 40.775276], [-73.9665202, 40.7752755], [-73.966506, 40.7752731]]}}, {"type": "Feature", "properties": {"wayId": 425335579, "name": "", "highway": "footway"}, "geometry": {"type": "LineString", "coordinates": [[-73.9667617, 40.7740609], [-73.9667167, 40.774048]]}}, {"type": "Feature", "properties": {"wayId": 425335580, "name": "", "highway": "footway"}, "geometry": {"type": "LineString", "coordinates": [[-73.9666382, 40.7742255], [-73.9665781, 40.7742002]]}}, {"type": "Feature", "properties": {"wayId": 425335581, "name": "Kerb's Boathouse Terrace", "highway": "pedestrian"}, "geometry": {"type": "LineString", "coordinates": [[-73.9667441, 40.7739693], [-73.9667348, 40.7739855], [-73.9667282, 40.773997], [-73.9667194, 40.7740121], [-73.9667096, 40.7740283], [-73.9667003, 40.7740431], [-73.9666929, 40.7740524], [-73.9666784, 40.7740698], [-73.9666635, 40.7740868], [-73.9666462, 40.7741055], [-73.966629, 40.7741242], [-73.9666117, 40.774143], [-73.9665942, 40.7741624], [-73.9665766, 40.7741818], [-73.9665652, 40.7741939], [-73.9665538, 40.774206], [-73.9665399, 40.7742219], [-73.9665259, 40.7742378], [-73.9665039, 40.7742253], [-73.9664819, 40.7742129], [-73.9664599, 40.7742005], [-73.9664379, 40.7741881], [-73.966453, 40.7741678], [-73.966468, 40.7741476], [-73.966483, 40.7741274], [-73.9664593, 40.7741141], [-73.9664356, 40.7741008], [-73.966414, 40.7740878], [-73.9663924, 40.7740748], [-73.9664025, 40.7740618], [-73.9664125, 40.7740488], [-73.9664278, 40.7740277], [-73.9664431, 40.7740066], [-73.9664575, 40.7740126], [-73.9664682, 40.7740077], [-73.9664315, 40.7740593], [-73.9664575, 40.7740783], [-73.9664821, 40.7740881], [-73.9664856, 40.774098], [-73.9664981, 40.7741082], [-73.966512, 40.7741121], [-73.9665244, 40.7741105], [-73.9665275, 40.7741012], [-73.9665174, 40.7740915], [-73.9665275, 40.7740768], [-73.9665377, 40.7740621], [-73.9665527, 40.7740584], [-73.9665708, 40.7740504], [-73.9665865, 40.7740335], [-73.966589, 40.7740211], [-73.9665798, 40.7740137], [-73.9665924, 40.7739963], [-73.966605, 40.7739788], [-73.9666206, 40.7739852], [-73.9666302, 40.7739714], [-73.9666398, 40.7739576], [-73.9666506, 40.7739618], [-73.9666614, 40.7739648], [-73.9666707, 40.7739633], [-73.9666817, 40.773956], [-73.966684, 40.7739433], [-73.96667, 40.7739287], [-73.9666864, 40.7739063], [-73.9666855, 40.7738901], [-73.966663, 40.7738807], [-73.9666514, 40.7738842], [-73.9665975, 40.7738621], [-73.9666066, 40.7738493], [-73.9666387, 40.7738593], [-73.9666547, 40.7738364], [-73.9666708, 40.7738135], [-73.9666869, 40.7737905], [-73.9667152, 40.7737995], [-73.9667434, 40.7738084], [-73.9667663, 40.7738157], [-73.9667892, 40.7738231], [-73.9668055, 40.7738262], [-73.9668197, 40.7738304], [-73.9668143, 40.7738412], [-73.966809, 40.7738517], [-73.9668037, 40.7738622], [-73.9667985, 40.7738728], [-73.9667933, 40.7738818], [-73.9667859, 40.7738945], [-73.9667781, 40.7739081], [-73.9667703, 40.7739221], [-73.9667625, 40.7739361], [-73.9667553, 40.7739492], [-73.9667441, 40.7739693]]}}, {"type": "Feature", "properties": {"wayId": 425335582, "name": "", "highway": "steps"}, "geometry": {"type": "LineString", "coordinates": [[-73.9665781, 40.7742002], [-73.9665652, 40.7741939]]}}, {"type": "Feature", "properties": {"wayId": 425335583, "name": "", "highway": "steps"}, "geometry": {"type": "LineString", "coordinates": [[-73.9667167, 40.774048], [-73.9667003, 40.7740431]]}}, {"type": "Feature", "properties": {"wayId": 425401911, "name": "", "highway": "footway"}, "geometry": {"type": "LineString", "coordinates": [[-73.9682553, 40.7745953], [-73.9683494, 40.7745862]]}}, {"type": "Feature", "properties": {"wayId": 425401913, "name": "", "highway": "footway"}, "geometry": {"type": "LineString", "coordinates": [[-73.9686699, 40.774322], [-73.9686252, 40.7743858], [-73.9685795, 40.7744249], [-73.9685039, 40.7744734], [-73.9684691, 40.7745042], [-73.9684406, 40.774541], [-73.9684114, 40.7745962]]}}, {"type": "Feature", "properties": {"wayId": 425401914, "name": "Wallach Walk", "highway": "footway"}, "geometry": {"type": "LineString", "coordinates": [[-73.9674781, 40.7731153], [-73.9674793, 40.7730086]]}}, {"type": "Feature", "properties": {"wayId": 425401916, "name": "Wallach Walk", "highway": "steps"}, "geometry": {"type": "LineString", "coordinates": [[-73.9674783, 40.7731391], [-73.9674781, 40.7731153]]}}, {"type": "Feature", "properties": {"wayId": 425401917, "name": "Wallach Walk", "highway": "footway"}, "geometry": {"type": "LineString", "coordinates": [[-73.967743, 40.7738971], [-73.9677785, 40.7738717], [-73.967796, 40.7738564], [-73.9678366, 40.7738003], [-73.967852, 40.773748], [-73.9678545, 40.7736879], [-73.9678518, 40.7736426], [-73.9678318, 40.7735985], [-73.9677736, 40.7735294], [-73.9676871, 40.7734596], [-73.9676327, 40.7734081], [-73.9675799, 40.7733483], [-73.9675334, 40.7732849], [-73.9675041, 40.7732252], [-73.9674872, 40.7731787], [-73.9674783, 40.7731391]]}}, {"type": "Feature", "properties": {"wayId": 425401919, "name": "Wallach Walk", "highway": "steps"}, "geometry": {"type": "LineString", "coordinates": [[-73.9674793, 40.7730086], [-73.9674808, 40.7729839]]}}, {"type": "Feature", "properties": {"wayId": 425401920, "name": "", "highway": "footway"}, "geometry": {"type": "LineString", "coordinates": [[-73.9666963, 40.7748249], [-73.9666605, 40.774869]]}}, {"type": "Feature", "properties": {"wayId": 425401922, "name": "", "highway": "footway"}, "geometry": {"type": "LineString", "coordinates": [[-73.9671747, 40.7736509], [-73.9670858, 40.773612]]}}, {"type": "Feature", "properties": {"wayId": 425401924, "name": "", "highway": "footway"}, "geometry": {"type": "LineString", "coordinates": [[-73.967743, 40.7738971], [-73.9676716, 40.7738719], [-73.9676758, 40.7738379], [-73.9676774, 40.7738007], [-73.9676774, 40.7737651], [-73.9676488, 40.7737032], [-73.9676076, 40.7736686], [-73.9675592, 40.7736458], [-73.9674904, 40.7736203], [-73.9674168, 40.7736201], [-73.9673352, 40.773634], [-73.9672769, 40.7736647], [-73.9672549, 40.7736777], [-73.9671747, 40.7736509]]}}, {"type": "Feature", "properties": {"wayId": 426140591, "name": "", "highway": "footway"}, "geometry": {"type": "LineString", "coordinates": [[-73.9666004, 40.7745811], [-73.9665463, 40.7745674], [-73.9665151, 40.7745518], [-73.9664017, 40.7745198]]}}, {"type": "Feature", "properties": {"wayId": 426140592, "name": "", "highway": "steps"}, "geometry": {"type": "LineString", "coordinates": [[-73.9712903, 40.7768465], [-73.971263, 40.7768571]]}}, {"type": "Feature", "properties": {"wayId": 426140595, "name": "", "highway": "path"}, "geometry": {"type": "LineString", "coordinates": [[-73.971212, 40.7768783], [-73.9711699, 40.7768974], [-73.9711421, 40.7769062], [-73.9711104, 40.7769056], [-73.9710908, 40.7769014], [-73.9710661, 40.7768924]]}}, {"type": "Feature", "properties": {"wayId": 426140596, "name": "", "highway": "steps"}, "geometry": {"type": "LineString", "coordinates": [[-73.9710856, 40.7773063], [-73.9710499, 40.7772979], [-73.9710366, 40.7772758], [-73.9710277, 40.7772546]]}}, {"type": "Feature", "properties": {"wayId": 426140597, "name": "", "highway": "footway"}, "geometry": {"type": "LineString", "coordinates": [[-73.9710277, 40.7772546], [-73.9710111, 40.7772433], [-73.9709911, 40.7772422], [-73.9709801, 40.7772454], [-73.9709654, 40.7772526], [-73.9709426, 40.7772667], [-73.9708884, 40.7773039], [-73.9708613, 40.7773118]]}}, {"type": "Feature", "properties": {"wayId": 426140598, "name": "", "highway": "footway"}, "geometry": {"type": "LineString", "coordinates": [[-73.9708229, 40.7774644], [-73.9707942, 40.777468], [-73.9707733, 40.777468], [-73.9707568, 40.7774639], [-73.970736, 40.777455], [-73.970722, 40.7774447], [-73.9707166, 40.7774408]]}}, {"type": "Feature", "properties": {"wayId": 426140599, "name": "", "highway": "steps"}, "geometry": {"type": "LineString", "coordinates": [[-73.9713585, 40.7775715], [-73.9713364, 40.7775722], [-73.9713084, 40.7775731], [-73.971273, 40.7775825]]}}, {"type": "Feature", "properties": {"wayId": 426140601, "name": "", "highway": "footway"}, "geometry": {"type": "LineString", "coordinates": [[-73.971273, 40.7775825], [-73.9712622, 40.7775868], [-73.971243, 40.777597], [-73.9712115, 40.7776202], [-73.9711918, 40.7776464], [-73.9711627, 40.7776672]]}}, {"type": "Feature", "properties": {"wayId": 426140602, "name": "", "highway": "steps"}, "geometry": {"type": "LineString", "coordinates": [[-73.9713364, 40.7775722], [-73.9713343, 40.7775613], [-73.9713268, 40.7775232], [-73.9713052, 40.7775153], [-73.9712761, 40.7775018]]}}, {"type": "Feature", "properties": {"wayId": 426140603, "name": "", "highway": "steps"}, "geometry": {"type": "LineString", "coordinates": [[-73.9713585, 40.7775715], [-73.9713789, 40.7775716]]}}, {"type": "Feature", "properties": {"wayId": 426140604, "name": "", "highway": "steps"}, "geometry": {"type": "LineString", "coordinates": [[-73.9711163, 40.7781792], [-73.9711066, 40.7782096]]}}, {"type": "Feature", "properties": {"wayId": 426140605, "name": "", "highway": "footway"}, "geometry": {"type": "LineString", "coordinates": [[-73.9711066, 40.7782096], [-73.9711015, 40.7782274], [-73.9711001, 40.7782399]]}}, {"type": "Feature", "properties": {"wayId": 426140606, "name": "", "highway": "steps"}, "geometry": {"type": "LineString", "coordinates": [[-73.9710694, 40.7783684], [-73.971089, 40.778359], [-73.9711102, 40.7783526]]}}, {"type": "Feature", "properties": {"wayId": 426140608, "name": "", "highway": "steps"}, "geometry": {"type": "LineString", "coordinates": [[-73.9716669, 40.7784641], [-73.9717059, 40.7784286], [-73.9717282, 40.7783864], [-73.9717408, 40.7783798]]}}, {"type": "Feature", "properties": {"wayId": 426140612, "name": "", "highway": "footway"}, "geometry": {"type": "LineString", "coordinates": [[-73.9716223, 40.7784487], [-73.9716004, 40.7784462], [-73.9714915, 40.778434], [-73.9714613, 40.7784297], [-73.9714262, 40.778422], [-73.9713916, 40.7784122], [-73.9713593, 40.7784006], [-73.9713194, 40.7783825], [-73.9712769, 40.7783603], [-73.9712513, 40.7783486], [-73.9712243, 40.7783414], [-73.9711932, 40.7783397], [-73.9711611, 40.7783419], [-73.9711331, 40.7783451], [-73.9711102, 40.7783526]]}}, {"type": "Feature", "properties": {"wayId": 426140617, "name": "", "highway": "steps"}, "geometry": {"type": "LineString", "coordinates": [[-73.971388, 40.7786034], [-73.9713658, 40.7785816]]}}, {"type": "Feature", "properties": {"wayId": 426140618, "name": "", "highway": "steps"}, "geometry": {"type": "LineString", "coordinates": [[-73.9713459, 40.7785693], [-73.9713116, 40.7785536]]}}, {"type": "Feature", "properties": {"wayId": 426140620, "name": "", "highway": "steps"}, "geometry": {"type": "LineString", "coordinates": [[-73.9693933, 40.7790309], [-73.9693618, 40.7790446], [-73.9693446, 40.7790521]]}}, {"type": "Feature", "properties": {"wayId": 426140621, "name": "", "highway": "steps"}, "geometry": {"type": "LineString", "coordinates": [[-73.9693162, 40.7790747], [-73.9693046, 40.7790849], [-73.9692704, 40.779115]]}}, {"type": "Feature", "properties": {"wayId": 426140622, "name": "", "highway": "steps"}, "geometry": {"type": "LineString", "coordinates": [[-73.9697131, 40.7774894], [-73.969671, 40.7773801]]}}, {"type": "Feature", "properties": {"wayId": 426140623, "name": "", "highway": "steps"}, "geometry": {"type": "LineString", "coordinates": [[-73.9694561, 40.777442], [-73.9694173, 40.7774371]]}}, {"type": "Feature", "properties": {"wayId": 426140624, "name": "", "highway": "steps"}, "geometry": {"type": "LineString", "coordinates": [[-73.9707283, 40.7777285], [-73.9707044, 40.7777418]]}}, {"type": "Feature", "properties": {"wayId": 426140625, "name": "", "highway": "steps"}, "geometry": {"type": "LineString", "coordinates": [[-73.9706174, 40.7777323], [-73.9705917, 40.7777217]]}}, {"type": "Feature", "properties": {"wayId": 426140626, "name": "", "highway": "steps"}, "geometry": {"type": "LineString", "coordinates": [[-73.9706668, 40.7777368], [-73.9706683, 40.7777111]]}}, {"type": "Feature", "properties": {"wayId": 426140627, "name": "", "highway": "footway"}, "geometry": {"type": "LineString", "coordinates": [[-73.9692721, 40.7760774], [-73.9693003, 40.7760772], [-73.9693286, 40.7760771], [-73.9693732, 40.7760694], [-73.9694175, 40.7760558], [-73.9694565, 40.7760378], [-73.9694913, 40.7760165], [-73.969515, 40.7759999], [-73.9695431, 40.7759773], [-73.9695897, 40.775935], [-73.969665, 40.7758595], [-73.9697029, 40.7758255], [-73.9697333, 40.7757932], [-73.969767, 40.7757476], [-73.9697939, 40.7757004], [-73.9698087, 40.7756651], [-73.9698152, 40.7756378]]}}, {"type": "Feature", "properties": {"wayId": 426140630, "name": "", "highway": "footway"}, "geometry": {"type": "LineString", "coordinates": [[-73.9712842, 40.7760029], [-73.9712605, 40.7759992], [-73.9712368, 40.7759955], [-73.9711923, 40.7759829], [-73.9711455, 40.7759662], [-73.9711164, 40.7759513], [-73.9710887, 40.775933], [-73.9710611, 40.775906], [-73.9710317, 40.775883], [-73.9709974, 40.7758579], [-73.9709755, 40.7758489], [-73.9709536, 40.77584], [-73.9709109, 40.7758306], [-73.9708704, 40.7758253], [-73.9708333, 40.7758255], [-73.9707835, 40.7758315], [-73.9707348, 40.7758388], [-73.9706982, 40.7758497], [-73.9706584, 40.775872], [-73.970621, 40.7758954], [-73.9705874, 40.7759252], [-73.9705614, 40.7759518], [-73.9705364, 40.7759813], [-73.9705143, 40.7760112], [-73.9704995, 40.7760354], [-73.9704846, 40.7760627], [-73.970477, 40.7760844]]}}, {"type": "Feature", "properties": {"wayId": 426140632, "name": "", "highway": "footway"}, "geometry": {"type": "LineString", "coordinates": [[-73.9712842, 40.7760029], [-73.9712428, 40.7760454], [-73.9711959, 40.7760806], [-73.9711091, 40.7761367], [-73.9710415, 40.7761587], [-73.970981, 40.7761729], [-73.9709307, 40.7761897], [-73.9708942, 40.7762197], [-73.9708452, 40.7763048], [-73.970793, 40.7763519], [-73.9707191, 40.7764029]]}}, {"type": "Feature", "properties": {"wayId": 426140633, "name": "", "highway": "footway"}, "geometry": {"type": "LineString", "coordinates": [[-73.9683965, 40.7760808], [-73.9684382, 40.7760598], [-73.9686345, 40.7759939], [-73.968837, 40.7759075], [-73.9688546, 40.7759016], [-73.9688722, 40.7758958], [-73.9689442, 40.7758781], [-73.9690206, 40.7758674], [-73.9690863, 40.7758673], [-73.9691419, 40.7758744], [-73.9691954, 40.7758908], [-73.9692364, 40.7759163], [-73.9692628, 40.7759449], [-73.9692721, 40.7759639]]}}, {"type": "Feature", "properties": {"wayId": 426140635, "name": "", "highway": "footway"}, "geometry": {"type": "LineString", "coordinates": [[-73.9692721, 40.7760774], [-73.9692683, 40.7760969], [-73.969264, 40.7761297], [-73.9692649, 40.7761684]]}}, {"type": "Feature", "properties": {"wayId": 426140636, "name": "", "highway": "footway"}, "geometry": {"type": "LineString", "coordinates": [[-73.970477, 40.7760844], [-73.9704741, 40.7761034], [-73.9704712, 40.7761224], [-73.9704717, 40.7761949], [-73.970478, 40.7762366], [-73.970488, 40.776277], [-73.9704931, 40.7763023], [-73.9705032, 40.7763305]]}}, {"type": "Feature", "properties": {"wayId": 426140637, "name": "", "highway": "footway"}, "geometry": {"type": "LineString", "coordinates": [[-73.9683965, 40.7760808], [-73.9683738, 40.7761235], [-73.9683562, 40.7761326], [-73.9683385, 40.7761417], [-73.9683038, 40.7761616], [-73.9682664, 40.7761788], [-73.9682393, 40.7761897], [-73.9681869, 40.7762027], [-73.9681132, 40.7762124], [-73.9680787, 40.7762179], [-73.9680455, 40.7762203], [-73.96799, 40.7762298]]}}, {"type": "Feature", "properties": {"wayId": 426140638, "name": "", "highway": "footway"}, "geometry": {"type": "LineString", "coordinates": [[-73.967823, 40.7763644], [-73.9678078, 40.7763811], [-73.9677926, 40.7763977], [-73.9677717, 40.7764234], [-73.9677523, 40.7764535], [-73.9677384, 40.7764851], [-73.9677327, 40.7765173], [-73.9677334, 40.7765459], [-73.9677429, 40.7765716], [-73.9677616, 40.7765991], [-73.9677805, 40.7766224], [-73.9678226, 40.7766628]]}}, {"type": "Feature", "properties": {"wayId": 426140639, "name": "", "highway": "footway"}, "geometry": {"type": "LineString", "coordinates": [[-73.9718064, 40.77614], [-73.9717893, 40.7761215], [-73.9717552, 40.7760846], [-73.9717265, 40.7760563], [-73.9716928, 40.7760346], [-73.9716756, 40.7760273], [-73.9716583, 40.7760199], [-73.9716218, 40.7760107], [-73.9715818, 40.7760033], [-73.9715319, 40.7759965], [-73.9714697, 40.7759911], [-73.9714227, 40.7759899], [-73.9713775, 40.7759938], [-73.9713271, 40.776002], [-73.9712842, 40.7760029]]}}, {"type": "Feature", "properties": {"wayId": 426140640, "name": "", "highway": "footway"}, "geometry": {"type": "LineString", "coordinates": [[-73.9718064, 40.77614], [-73.9717876, 40.7761615], [-73.9717696, 40.7761823], [-73.9716958, 40.7762777], [-73.9716763, 40.7763127], [-73.9716563, 40.7763347]]}}, {"type": "Feature", "properties": {"wayId": 426140641, "name": "", "highway": "footway"}, "geometry": {"type": "LineString", "coordinates": [[-73.9692649, 40.7761684], [-73.9692655, 40.7761931], [-73.9692745, 40.7762899], [-73.9692636, 40.7763882]]}}, {"type": "Feature", "properties": {"wayId": 426140642, "name": "", "highway": "footway"}, "geometry": {"type": "LineString", "coordinates": [[-73.9712171, 40.7763141], [-73.9711939, 40.7763104], [-73.9711735, 40.7763093], [-73.971149, 40.7763132], [-73.9711342, 40.7763172], [-73.9710997, 40.7763241], [-73.9710691, 40.776332], [-73.9710433, 40.7763412], [-73.9710239, 40.7763546], [-73.9710073, 40.7763707], [-73.9709973, 40.7763867], [-73.9709938, 40.7764034], [-73.9709943, 40.776428], [-73.9710013, 40.7764469], [-73.9710108, 40.776467]]}}, {"type": "Feature", "properties": {"wayId": 426140643, "name": "", "highway": "footway"}, "geometry": {"type": "LineString", "coordinates": [[-73.9716563, 40.7763347], [-73.9716364, 40.7763566], [-73.9716041, 40.7763774], [-73.9715708, 40.7764025], [-73.9715021, 40.7764639], [-73.9714715, 40.7764853], [-73.9714263, 40.7765132], [-73.9713735, 40.7765388], [-73.971348, 40.7765488], [-73.9713373, 40.7765503]]}}, {"type": "Feature", "properties": {"wayId": 426140644, "name": "", "highway": "footway"}, "geometry": {"type": "LineString", "coordinates": [[-73.9705032, 40.7763305], [-73.9704728, 40.7763303], [-73.9704119, 40.7763298], [-73.9703527, 40.7763276], [-73.9702951, 40.7763283], [-73.9702397, 40.7763299], [-73.9701848, 40.7763361], [-73.9701417, 40.776343], [-73.9700357, 40.7763641], [-73.9700209, 40.7763691]]}}, {"type": "Feature", "properties": {"wayId": 426140645, "name": "", "highway": "footway"}, "geometry": {"type": "LineString", "coordinates": [[-73.9705032, 40.7763305], [-73.9705292, 40.776353], [-73.9705482, 40.7763692], [-73.970586, 40.7763991], [-73.9706222, 40.7764208]]}}, {"type": "Feature", "properties": {"wayId": 426140646, "name": "", "highway": "footway"}, "geometry": {"type": "LineString", "coordinates": [[-73.9700209, 40.7763691], [-73.9700238, 40.7763521], [-73.9700268, 40.776335], [-73.970034, 40.7763099], [-73.970045, 40.7762886], [-73.9700592, 40.7762694], [-73.9700789, 40.7762518], [-73.9701067, 40.7762333], [-73.9701497, 40.7762112], [-73.9701869, 40.7761931], [-73.9702481, 40.7761695], [-73.970296, 40.7761523], [-73.9703502, 40.7761343], [-73.970403, 40.7761156], [-73.9704522, 40.7760959], [-73.970477, 40.7760844]]}}, {"type": "Feature", "properties": {"wayId": 426140647, "name": "", "highway": "footway"}, "geometry": {"type": "LineString", "coordinates": [[-73.9700209, 40.7763691], [-73.969989, 40.7763796], [-73.9699227, 40.7764076], [-73.9698723, 40.7764227]]}}, {"type": "Feature", "properties": {"wayId": 426140648, "name": "", "highway": "footway"}, "geometry": {"type": "LineString", "coordinates": [[-73.9692442, 40.7763908], [-73.9692184, 40.7763907], [-73.9691634, 40.7763917], [-73.9691153, 40.776395], [-73.9690665, 40.7764045], [-73.9690255, 40.7764188], [-73.9689889, 40.7764386], [-73.9689625, 40.7764577], [-73.9689315, 40.7764841], [-73.9689062, 40.776508], [-73.968853, 40.7765534]]}}, {"type": "Feature", "properties": {"wayId": 426140649, "name": "", "highway": "footway"}, "geometry": {"type": "LineString", "coordinates": [[-73.9692442, 40.7763908], [-73.9692349, 40.7764109], [-73.9692259, 40.7764319], [-73.9692215, 40.7764607], [-73.9692255, 40.7764941], [-73.9692332, 40.7765242], [-73.9692494, 40.7765658], [-73.9692673, 40.7766211]]}}, {"type": "Feature", "properties": {"wayId": 426140650, "name": "", "highway": "footway"}, "geometry": {"type": "LineString", "coordinates": [[-73.9692636, 40.7763882], [-73.9692442, 40.7763908]]}}, {"type": "Feature", "properties": {"wayId": 426140651, "name": "", "highway": "footway"}, "geometry": {"type": "LineString", "coordinates": [[-73.9707191, 40.7764029], [-73.9707324, 40.7764093], [-73.9707508, 40.7764295], [-73.9707571, 40.7764466], [-73.9707605, 40.776469], [-73.9707615, 40.7764947], [-73.9707637, 40.7765174], [-73.9707689, 40.7765362], [-73.9707775, 40.7765579], [-73.9707904, 40.7765816], [-73.9708217, 40.7766318], [-73.9708583, 40.7766865]]}}, {"type": "Feature", "properties": {"wayId": 426140652, "name": "", "highway": "footway"}, "geometry": {"type": "LineString", "coordinates": [[-73.9706222, 40.7764208], [-73.9706401, 40.7764146], [-73.9706622, 40.7764053], [-73.9706815, 40.7763984], [-73.970698, 40.7763968], [-73.9707191, 40.7764029]]}}, {"type": "Feature", "properties": {"wayId": 426140653, "name": "", "highway": "footway"}, "geometry": {"type": "LineString", "coordinates": [[-73.9706222, 40.7764208], [-73.9706286, 40.7764314], [-73.9706296, 40.7764416], [-73.9706166, 40.7764708], [-73.970594, 40.7765001], [-73.9705524, 40.7765409], [-73.9705164, 40.7765703], [-73.9704732, 40.7766017], [-73.9704307, 40.7766284], [-73.9703791, 40.7766519], [-73.9703281, 40.776672], [-73.970272, 40.7766899], [-73.9702062, 40.7767041], [-73.9701521, 40.7767121]]}}, {"type": "Feature", "properties": {"wayId": 426140654, "name": "", "highway": "footway"}, "geometry": {"type": "LineString", "coordinates": [[-73.9698723, 40.7764227], [-73.9698407, 40.7764167], [-73.969791, 40.7764005], [-73.9696713, 40.7763696], [-73.969636, 40.7763581], [-73.9696035, 40.7763442], [-73.9695629, 40.7763247], [-73.9694748, 40.7762856], [-73.9694421, 40.7762694], [-73.9693675, 40.7762289], [-73.9693258, 40.7762017], [-73.9692913, 40.776184], [-73.9692649, 40.7761684]]}}, {"type": "Feature", "properties": {"wayId": 426140655, "name": "", "highway": "footway"}, "geometry": {"type": "LineString", "coordinates": [[-73.9698723, 40.7764227], [-73.969847, 40.7764302], [-73.9697978, 40.7764403], [-73.9697548, 40.7764457], [-73.9697104, 40.7764492], [-73.9696747, 40.7764498], [-73.9696141, 40.7764456], [-73.9695761, 40.7764377]]}}, {"type": "Feature", "properties": {"wayId": 426140659, "name": "", "highway": "footway"}, "geometry": {"type": "LineString", "coordinates": [[-73.9695761, 40.7764377], [-73.9695647, 40.7764353], [-73.9695195, 40.7764218], [-73.9694589, 40.7764074], [-73.9693969, 40.7763961], [-73.969333, 40.7763912], [-73.9692636, 40.7763882]]}}, {"type": "Feature", "properties": {"wayId": 426140660, "name": "", "highway": "footway"}, "geometry": {"type": "LineString", "coordinates": [[-73.9695761, 40.7764377], [-73.9695724, 40.776456], [-73.9695651, 40.7764926], [-73.9695647, 40.7765163], [-73.9695688, 40.7765339], [-73.9695777, 40.7765515], [-73.96959, 40.7765683], [-73.9696147, 40.7765943]]}}, {"type": "Feature", "properties": {"wayId": 426140661, "name": "", "highway": "footway"}, "geometry": {"type": "LineString", "coordinates": [[-73.9710108, 40.776467], [-73.9709937, 40.776479], [-73.970963, 40.7765064], [-73.9709326, 40.7765397], [-73.9709059, 40.7765745], [-73.9708881, 40.7766089], [-73.9708721, 40.7766447], [-73.9708583, 40.7766865]]}}, {"type": "Feature", "properties": {"wayId": 426140662, "name": "", "highway": "footway"}, "geometry": {"type": "LineString", "coordinates": [[-73.9684797, 40.7765011], [-73.9684913, 40.7764924], [-73.9685122, 40.7764776], [-73.9685386, 40.7764484], [-73.9685537, 40.7764202], [-73.9685572, 40.7763834], [-73.9685487, 40.7763537], [-73.9685299, 40.7763175], [-73.9684327, 40.7761827], [-73.9684024, 40.7761374], [-73.9683738, 40.7761235]]}}, {"type": "Feature", "properties": {"wayId": 426140663, "name": "", "highway": "footway"}, "geometry": {"type": "LineString", "coordinates": [[-73.9713373, 40.7765503], [-73.971298, 40.7765484], [-73.9712483, 40.7765293], [-73.9712091, 40.7765104], [-73.9711696, 40.7764892], [-73.9711289, 40.7764711], [-73.9710979, 40.7764629], [-73.9710522, 40.7764578], [-73.9710271, 40.7764608], [-73.9710108, 40.776467]]}}, {"type": "Feature", "properties": {"wayId": 426140664, "name": "", "highway": "footway"}, "geometry": {"type": "LineString", "coordinates": [[-73.968853, 40.7765534], [-73.9688522, 40.7765357], [-73.9688514, 40.7765179], [-73.9688536, 40.7764892], [-73.9688887, 40.7763235], [-73.968895, 40.7762532], [-73.968887, 40.7761984], [-73.9688923, 40.7761747], [-73.9689021, 40.776155], [-73.9689176, 40.7761443], [-73.9689485, 40.7761372], [-73.9689914, 40.7761332], [-73.9690233, 40.7761273], [-73.9690427, 40.7761204], [-73.9690612, 40.7761095], [-73.9690782, 40.776093], [-73.9690909, 40.7760745], [-73.9690987, 40.7760562], [-73.969101, 40.7760377], [-73.9691061, 40.7760218], [-73.9691156, 40.7760077], [-73.9691302, 40.7759995], [-73.9691481, 40.7759985], [-73.9691755, 40.7760052], [-73.9692023, 40.7760152], [-73.9692344, 40.7760296], [-73.9692567, 40.7760406], [-73.9692776, 40.7760495]]}}, {"type": "Feature", "properties": {"wayId": 426140665, "name": "", "highway": "footway"}, "geometry": {"type": "LineString", "coordinates": [[-73.968853, 40.7765534], [-73.9688355, 40.776567], [-73.9688216, 40.7765773], [-73.9687907, 40.7765973], [-73.9687566, 40.7766138], [-73.9687431, 40.7766181]]}}, {"type": "Feature", "properties": {"wayId": 426140666, "name": "", "highway": "footway"}, "geometry": {"type": "LineString", "coordinates": [[-73.9696147, 40.7765943], [-73.9695955, 40.7765987], [-73.969563, 40.7766215], [-73.9695294, 40.7766528], [-73.9695016, 40.7766816], [-73.9694746, 40.7767057], [-73.9694372, 40.7767264], [-73.9693672, 40.776754], [-73.9693535, 40.7767613]]}}, {"type": "Feature", "properties": {"wayId": 426140667, "name": "", "highway": "footway"}, "geometry": {"type": "LineString", "coordinates": [[-73.9687431, 40.7766181], [-73.9687293, 40.7766224], [-73.9686946, 40.7766206], [-73.9686528, 40.7766128], [-73.9686159, 40.7766036], [-73.9685884, 40.7765918], [-73.9685591, 40.776575], [-73.9685378, 40.7765587], [-73.9684797, 40.7765011]]}}, {"type": "Feature", "properties": {"wayId": 426140668, "name": "", "highway": "footway"}, "geometry": {"type": "LineString", "coordinates": [[-73.9692673, 40.7766211], [-73.96928, 40.7766444], [-73.9692945, 40.7766654], [-73.9693044, 40.7766855], [-73.9693196, 40.7767108], [-73.9693535, 40.7767613]]}}, {"type": "Feature", "properties": {"wayId": 426140669, "name": "", "highway": "footway"}, "geometry": {"type": "LineString", "coordinates": [[-73.9692673, 40.7766211], [-73.969243, 40.7766275], [-73.9691552, 40.7766456], [-73.9691253, 40.7766526], [-73.9690983, 40.7766609], [-73.9690668, 40.7766752], [-73.9690404, 40.7766897], [-73.9689858, 40.7767248], [-73.9689528, 40.7767395], [-73.9689172, 40.776754], [-73.9688784, 40.7767682]]}}, {"type": "Feature", "properties": {"wayId": 426140670, "name": "", "highway": "footway"}, "geometry": {"type": "LineString", "coordinates": [[-73.9682517, 40.7766205], [-73.9682628, 40.7766117], [-73.9683558, 40.7765618], [-73.9684118, 40.7765337], [-73.9684539, 40.7765141], [-73.9684797, 40.7765011]]}}, {"type": "Feature", "properties": {"wayId": 426140671, "name": "", "highway": "footway"}, "geometry": {"type": "LineString", "coordinates": [[-73.9678226, 40.7766628], [-73.9678494, 40.7766594], [-73.9678763, 40.7766561], [-73.9679548, 40.7766528], [-73.9680071, 40.7766477], [-73.9681006, 40.7766305], [-73.9681406, 40.7766252], [-73.9681899, 40.7766203], [-73.9682517, 40.7766205]]}}, {"type": "Feature", "properties": {"wayId": 426140672, "name": "", "highway": "footway"}, "geometry": {"type": "LineString", "coordinates": [[-73.9677483, 40.7768413], [-73.9677378, 40.77686], [-73.9677146, 40.7769093], [-73.9676976, 40.7769606], [-73.9676919, 40.7769914], [-73.9676856, 40.7770386], [-73.9676785, 40.7771151], [-73.9676777, 40.7771393], [-73.9676712, 40.7771712]]}}, {"type": "Feature", "properties": {"wayId": 426140673, "name": "", "highway": "footway"}, "geometry": {"type": "LineString", "coordinates": [[-73.9708583, 40.7766865], [-73.9708547, 40.776703], [-73.9708526, 40.7767173], [-73.9708481, 40.7767594], [-73.9708488, 40.7767944], [-73.9708472, 40.7768313], [-73.9708358, 40.7768738], [-73.9708317, 40.7768883], [-73.9708216, 40.7769122], [-73.9708022, 40.7769436], [-73.9707597, 40.7769933], [-73.9707272, 40.7770178], [-73.9707049, 40.7770326]]}}, {"type": "Feature", "properties": {"wayId": 426140674, "name": "", "highway": "footway"}, "geometry": {"type": "LineString", "coordinates": [[-73.9701521, 40.7767121], [-73.9701373, 40.7767143], [-73.9700683, 40.7767195], [-73.97, 40.7767201], [-73.9699259, 40.7767092], [-73.9698729, 40.7766945], [-73.9698201, 40.7766689], [-73.9697403, 40.776618]]}}, {"type": "Feature", "properties": {"wayId": 426140675, "name": "", "highway": "footway"}, "geometry": {"type": "LineString", "coordinates": [[-73.968849, 40.7767425], [-73.9688325, 40.776724], [-73.9688231, 40.7767117], [-73.9688011, 40.7766784], [-73.9687828, 40.7766568], [-73.9687431, 40.7766181]]}}, {"type": "Feature", "properties": {"wayId": 426140676, "name": "", "highway": "footway"}, "geometry": {"type": "LineString", "coordinates": [[-73.968849, 40.7767425], [-73.9688307, 40.7767645], [-73.9687848, 40.7768184], [-73.9687572, 40.7768522], [-73.9687276, 40.7768851], [-73.9687053, 40.7769083], [-73.9686762, 40.7769336], [-73.9686343, 40.7769672], [-73.9685895, 40.7769996], [-73.9685562, 40.777027], [-73.9685318, 40.7770493], [-73.9685045, 40.7770793], [-73.9684774, 40.7771123], [-73.9684578, 40.7771406], [-73.9684431, 40.777171], [-73.9684309, 40.7772105], [-73.9684243, 40.7772486]]}}, {"type": "Feature", "properties": {"wayId": 426140677, "name": "", "highway": "footway"}, "geometry": {"type": "LineString", "coordinates": [[-73.9693535, 40.7767613], [-73.9693414, 40.7767677], [-73.9693215, 40.7767842]]}}, {"type": "Feature", "properties": {"wayId": 426140678, "name": "", "highway": "footway"}, "geometry": {"type": "LineString", "coordinates": [[-73.9688784, 40.7767682], [-73.9688639, 40.7767555], [-73.968849, 40.7767425]]}}, {"type": "Feature", "properties": {"wayId": 426140679, "name": "", "highway": "footway"}, "geometry": {"type": "LineString", "coordinates": [[-73.9693215, 40.7767842], [-73.9693011, 40.7768011], [-73.9692602, 40.7768352], [-73.9692291, 40.7768685], [-73.9692045, 40.7768974], [-73.9691635, 40.7769417], [-73.9691251, 40.7769776]]}}, {"type": "Feature", "properties": {"wayId": 426140680, "name": "", "highway": "footway"}, "geometry": {"type": "LineString", "coordinates": [[-73.9702655, 40.7768137], [-73.9702428, 40.7767934], [-73.9701521, 40.7767121]]}}, {"type": "Feature", "properties": {"wayId": 426140681, "name": "", "highway": "footway"}, "geometry": {"type": "LineString", "coordinates": [[-73.9702655, 40.7768137], [-73.9702469, 40.7768198], [-73.9702161, 40.7768419], [-73.9701936, 40.7768664], [-73.9701617, 40.7769055], [-73.9701406, 40.7769292], [-73.9701247, 40.7769428], [-73.9701128, 40.7769487], [-73.9700933, 40.7769532], [-73.9700646, 40.7769519], [-73.9700278, 40.7769471], [-73.9699872, 40.7769456], [-73.9699548, 40.7769506], [-73.9699282, 40.7769601], [-73.9698946, 40.7769755]]}}, {"type": "Feature", "properties": {"wayId": 426140682, "name": "", "highway": "footway"}, "geometry": {"type": "LineString", "coordinates": [[-73.9698946, 40.7769755], [-73.9698617, 40.7769653], [-73.9698068, 40.7769567], [-73.9697516, 40.776952], [-73.9696896, 40.7769493], [-73.969624, 40.7769411], [-73.9695603, 40.7769267], [-73.9694996, 40.7769048], [-73.9694382, 40.7768696], [-73.9693864, 40.7768356], [-73.9693215, 40.7767842]]}}, {"type": "Feature", "properties": {"wayId": 426140683, "name": "", "highway": "footway"}, "geometry": {"type": "LineString", "coordinates": [[-73.9691251, 40.7769776], [-73.9690998, 40.7769571], [-73.969054, 40.7769253], [-73.9690112, 40.7768969], [-73.9689719, 40.7768678], [-73.9689473, 40.7768457], [-73.9689, 40.7767915], [-73.9688784, 40.7767682]]}}, {"type": "Feature", "properties": {"wayId": 426140684, "name": "", "highway": "footway"}, "geometry": {"type": "LineString", "coordinates": [[-73.9691251, 40.7769776], [-73.9691051, 40.7769963], [-73.9690638, 40.7770328], [-73.9690334, 40.7770559], [-73.968982, 40.7770933], [-73.9689538, 40.7771076]]}}, {"type": "Feature", "properties": {"wayId": 426140685, "name": "", "highway": "footway"}, "geometry": {"type": "LineString", "coordinates": [[-73.9707049, 40.7770326], [-73.9706609, 40.7770177], [-73.970644, 40.7770032], [-73.9706369, 40.7769872], [-73.9706361, 40.7769406], [-73.9706328, 40.7769233], [-73.9706197, 40.7769075], [-73.9706008, 40.7768958], [-73.9705698, 40.7768812], [-73.9705307, 40.7768659], [-73.9704836, 40.7768486], [-73.9704444, 40.7768348], [-73.9704039, 40.776824], [-73.9703698, 40.7768174], [-73.9703371, 40.7768128], [-73.9702775, 40.7768098], [-73.9702655, 40.7768137]]}}, {"type": "Feature", "properties": {"wayId": 426140686, "name": "", "highway": "footway"}, "geometry": {"type": "LineString", "coordinates": [[-73.9707049, 40.7770326], [-73.9707136, 40.7770666], [-73.9706949, 40.7771131], [-73.9706867, 40.7771422], [-73.970683, 40.7771652], [-73.9706844, 40.7771903], [-73.9706917, 40.7772151], [-73.9707024, 40.7772392], [-73.9707217, 40.7772634], [-73.9707454, 40.77728], [-73.9707744, 40.777291], [-73.9708059, 40.7772986], [-73.9708404, 40.7773047], [-73.9708613, 40.7773118]]}}, {"type": "Feature", "properties": {"wayId": 426140687, "name": "", "highway": "footway"}, "geometry": {"type": "LineString", "coordinates": [[-73.9681535, 40.77687], [-73.9681558, 40.7768438], [-73.968158, 40.7768177], [-73.9681626, 40.7767994], [-73.9681719, 40.7767629], [-73.9681872, 40.7767203], [-73.9682049, 40.7766823], [-73.9682279, 40.7766474], [-73.9682421, 40.7766281], [-73.9682517, 40.7766205]]}}, {"type": "Feature", "properties": {"wayId": 426140688, "name": "", "highway": "footway"}, "geometry": {"type": "LineString", "coordinates": [[-73.9699963, 40.7770846], [-73.9699774, 40.7770664], [-73.9699663, 40.7770408], [-73.9699468, 40.7770196]]}}, {"type": "Feature", "properties": {"wayId": 426140689, "name": "", "highway": "footway"}, "geometry": {"type": "LineString", "coordinates": [[-73.9699963, 40.7770846], [-73.9699707, 40.7771018], [-73.969945, 40.7771189], [-73.9698923, 40.777148], [-73.969857, 40.7771656], [-73.9698134, 40.7771776], [-73.9697825, 40.7771795], [-73.9697482, 40.7771757], [-73.9697082, 40.777168], [-73.9696666, 40.7771575], [-73.9696368, 40.7771476], [-73.9696095, 40.7771396]]}}, {"type": "Feature", "properties": {"wayId": 426140690, "name": "", "highway": "footway"}, "geometry": {"type": "LineString", "coordinates": [[-73.9689538, 40.7771076], [-73.9689256, 40.7771219], [-73.9688758, 40.7771404], [-73.9688299, 40.7771562], [-73.9687727, 40.7771744], [-73.9687187, 40.7771896], [-73.9685806, 40.7772209], [-73.9685134, 40.7772343], [-73.968445, 40.7772445], [-73.9684243, 40.7772486]]}}, {"type": "Feature", "properties": {"wayId": 426140691, "name": "", "highway": "footway"}, "geometry": {"type": "LineString", "coordinates": [[-73.9694057, 40.7771539], [-73.9693907, 40.7771552], [-73.9693614, 40.7771485], [-73.969335, 40.7771379], [-73.969301, 40.7771183], [-73.9692711, 40.7770932], [-73.9692402, 40.7770656], [-73.9691803, 40.7770205], [-73.9691251, 40.7769776]]}}, {"type": "Feature", "properties": {"wayId": 426140692, "name": "", "highway": "footway"}, "geometry": {"type": "LineString", "coordinates": [[-73.9676712, 40.7771712], [-73.967695, 40.7771731], [-73.9677188, 40.7771749], [-73.9677616, 40.7771737], [-73.9678103, 40.7771656], [-73.9678601, 40.7771537], [-73.9679195, 40.777135], [-73.9680892, 40.7770702], [-73.9681768, 40.7770445]]}}, {"type": "Feature", "properties": {"wayId": 426140694, "name": "", "highway": "footway"}, "geometry": {"type": "LineString", "coordinates": [[-73.9684243, 40.7772486], [-73.9684122, 40.7772509], [-73.9682536, 40.7772822]]}}, {"type": "Feature", "properties": {"wayId": 426140695, "name": "", "highway": "footway"}, "geometry": {"type": "LineString", "coordinates": [[-73.9682536, 40.7772822], [-73.9682457, 40.7772641], [-73.9682266, 40.7772205], [-73.9681933, 40.7771183], [-73.9681768, 40.7770445]]}}, {"type": "Feature", "properties": {"wayId": 426140696, "name": "", "highway": "footway"}, "geometry": {"type": "LineString", "coordinates": [[-73.9712761, 40.7775018], [-73.9712619, 40.7774958], [-73.9712443, 40.7774882]]}}, {"type": "Feature", "properties": {"wayId": 426140698, "name": "", "highway": "footway"}, "geometry": {"type": "LineString", "coordinates": [[-73.9688686, 40.7773925], [-73.9688797, 40.7773704], [-73.9688898, 40.7773516], [-73.9689026, 40.7773304], [-73.9689201, 40.7773068], [-73.9689605, 40.7772676], [-73.9689912, 40.7772273], [-73.969001, 40.7772076], [-73.969007, 40.7771893], [-73.9690067, 40.7771703], [-73.9689959, 40.7771491], [-73.968974, 40.7771288], [-73.9689538, 40.7771076]]}}, {"type": "Feature", "properties": {"wayId": 426140699, "name": "", "highway": "footway"}, "geometry": {"type": "LineString", "coordinates": [[-73.9688686, 40.7773925], [-73.9688526, 40.7773813], [-73.9688171, 40.7773676], [-73.9687878, 40.7773623], [-73.9687558, 40.777363], [-73.9687322, 40.7773732], [-73.9687118, 40.7773905], [-73.9686953, 40.7774102], [-73.9686828, 40.7774323], [-73.9686565, 40.7774832], [-73.9686401, 40.7775066], [-73.9686185, 40.7775255], [-73.9685899, 40.7775437], [-73.9685192, 40.77758]]}}, {"type": "Feature", "properties": {"wayId": 426140700, "name": "", "highway": "footway"}, "geometry": {"type": "LineString", "coordinates": [[-73.9701012, 40.7774079], [-73.9701108, 40.7773854], [-73.9701395, 40.7773181], [-73.9701493, 40.7772836], [-73.9701587, 40.7772321], [-73.970151, 40.777202], [-73.970123, 40.7771692], [-73.9700862, 40.7771396], [-73.9700564, 40.77712], [-73.970024, 40.7771021], [-73.9700131, 40.7770975], [-73.9699963, 40.7770846]]}}, {"type": "Feature", "properties": {"wayId": 426140701, "name": "", "highway": "footway"}, "geometry": {"type": "LineString", "coordinates": [[-73.9701012, 40.7774079], [-73.9700754, 40.7774047], [-73.9700286, 40.7774045], [-73.9699767, 40.7774111], [-73.9699303, 40.777421], [-73.9698853, 40.7774325], [-73.9698251, 40.7774504], [-73.9697131, 40.7774894]]}}, {"type": "Feature", "properties": {"wayId": 426140702, "name": "", "highway": "footway"}, "geometry": {"type": "LineString", "coordinates": [[-73.9708764, 40.7774559], [-73.9708695, 40.777478], [-73.9708647, 40.7774929], [-73.9708317, 40.7775504], [-73.9708152, 40.7775765], [-73.9707887, 40.7776128], [-73.9707186, 40.7776029], [-73.9706576, 40.7776003], [-73.970616, 40.7775793], [-73.9706243, 40.7775436], [-73.9706615, 40.7774949], [-73.970722, 40.7774447]]}}, {"type": "Feature", "properties": {"wayId": 426140703, "name": "", "highway": "footway"}, "geometry": {"type": "LineString", "coordinates": [[-73.9691876, 40.7774833], [-73.9691919, 40.7774566], [-73.9691961, 40.7774298], [-73.9691983, 40.7774011], [-73.969196, 40.7773734], [-73.9691897, 40.7773382], [-73.9691889, 40.7773111], [-73.9691908, 40.7772917], [-73.969197, 40.7772769], [-73.9692086, 40.7772638], [-73.96923, 40.7772542], [-73.969261, 40.7772443], [-73.9692884, 40.7772343], [-73.9693152, 40.7772212], [-73.9693388, 40.777206], [-73.9693687, 40.7771848], [-73.9694057, 40.7771539]]}}, {"type": "Feature", "properties": {"wayId": 426140704, "name": "", "highway": "footway"}, "geometry": {"type": "LineString", "coordinates": [[-73.9691876, 40.7774833], [-73.9691646, 40.7774771], [-73.9691412, 40.7774707], [-73.9690969, 40.7774611], [-73.9689809, 40.777447], [-73.968952, 40.7774411], [-73.9689292, 40.7774321], [-73.9689058, 40.7774199], [-73.9688686, 40.7773925]]}}, {"type": "Feature", "properties": {"wayId": 426140705, "name": "", "highway": "footway"}, "geometry": {"type": "LineString", "coordinates": [[-73.9702546, 40.7775084], [-73.9702273, 40.7774815], [-73.9701882, 40.7774479], [-73.9701496, 40.7774225], [-73.9701113, 40.7774091], [-73.9701012, 40.7774079]]}}, {"type": "Feature", "properties": {"wayId": 426140706, "name": "", "highway": "footway"}, "geometry": {"type": "LineString", "coordinates": [[-73.9694349, 40.777583], [-73.9694162, 40.7775738], [-73.9694004, 40.7775663], [-73.9693049, 40.7775269], [-73.9692872, 40.7775197]]}}, {"type": "Feature", "properties": {"wayId": 426140707, "name": "", "highway": "footway"}, "geometry": {"type": "LineString", "coordinates": [[-73.9684945, 40.7775579], [-73.9684812, 40.7775459], [-73.9684373, 40.7775065], [-73.9683722, 40.7774446], [-73.9683218, 40.7773918], [-73.968291, 40.7773487], [-73.9682536, 40.7772822]]}}, {"type": "Feature", "properties": {"wayId": 426140708, "name": "", "highway": "footway"}, "geometry": {"type": "LineString", "coordinates": [[-73.9703765, 40.7776751], [-73.9703654, 40.7776545], [-73.9702986, 40.7775596], [-73.9702665, 40.7775201], [-73.9702546, 40.7775084]]}}, {"type": "Feature", "properties": {"wayId": 426140709, "name": "", "highway": "footway"}, "geometry": {"type": "LineString", "coordinates": [[-73.9686735, 40.7777006], [-73.968652, 40.777688], [-73.9686045, 40.7776554], [-73.9685192, 40.77758]]}}, {"type": "Feature", "properties": {"wayId": 426140710, "name": "", "highway": "footway"}, "geometry": {"type": "LineString", "coordinates": [[-73.9710843, 40.7778229], [-73.9711134, 40.777836], [-73.9711424, 40.7778491]]}}, {"type": "Feature", "properties": {"wayId": 426140711, "name": "", "highway": "footway"}, "geometry": {"type": "LineString", "coordinates": [[-73.9710843, 40.7778229], [-73.9710635, 40.7778494], [-73.9710246, 40.7778899], [-73.9709792, 40.7779222], [-73.9709188, 40.7779507], [-73.9708436, 40.7779798], [-73.9707475, 40.7780081], [-73.9707203, 40.7780135]]}}, {"type": "Feature", "properties": {"wayId": 426140712, "name": "", "highway": "footway"}, "geometry": {"type": "LineString", "coordinates": [[-73.9702646, 40.7778332], [-73.9702413, 40.7778251], [-73.9702083, 40.7778069], [-73.9701797, 40.7777947], [-73.9701351, 40.7777825], [-73.970091, 40.7777754], [-73.969908, 40.7777644], [-73.9698726, 40.7777607], [-73.9698339, 40.7777566], [-73.9698049, 40.7777521]]}}, {"type": "Feature", "properties": {"wayId": 426140713, "name": "", "highway": "footway"}, "geometry": {"type": "LineString", "coordinates": [[-73.9704599, 40.7778471], [-73.9704497, 40.7778312], [-73.9704409, 40.7778028], [-73.9703995, 40.7777177], [-73.9703765, 40.7776751]]}}, {"type": "Feature", "properties": {"wayId": 426140714, "name": "", "highway": "footway"}, "geometry": {"type": "LineString", "coordinates": [[-73.9704599, 40.7778471], [-73.9704389, 40.7778486], [-73.9704178, 40.7778502], [-73.9703675, 40.7778505], [-73.9703414, 40.7778482], [-73.9703154, 40.7778459], [-73.9702755, 40.777837], [-73.9702646, 40.7778332]]}}, {"type": "Feature", "properties": {"wayId": 426140715, "name": "", "highway": "footway"}, "geometry": {"type": "LineString", "coordinates": [[-73.9673687, 40.7774801], [-73.9673392, 40.7775385], [-73.9672281, 40.7778504]]}}, {"type": "Feature", "properties": {"wayId": 426140716, "name": "", "highway": "footway"}, "geometry": {"type": "LineString", "coordinates": [[-73.9717327, 40.778004], [-73.9717033, 40.7780052], [-73.9716756, 40.7780063], [-73.9716316, 40.7780174], [-73.9715981, 40.7780384], [-73.9715835, 40.7780607], [-73.9715755, 40.7780981], [-73.9715742, 40.7781724], [-73.9715679, 40.7781952], [-73.9715603, 40.7782099], [-73.9715516, 40.7782198], [-73.9715332, 40.7782351], [-73.9715159, 40.7782416], [-73.9714998, 40.7782439], [-73.9714284, 40.7782392]]}}, {"type": "Feature", "properties": {"wayId": 426140717, "name": "", "highway": "steps"}, "geometry": {"type": "LineString", "coordinates": [[-73.9707782, 40.7780486], [-73.9707113, 40.7780388], [-73.97069, 40.7780213]]}}, {"type": "Feature", "properties": {"wayId": 426140718, "name": "", "highway": "footway"}, "geometry": {"type": "LineString", "coordinates": [[-73.97069, 40.7780213], [-73.9706754, 40.778033], [-73.9705269, 40.7781491], [-73.9704598, 40.7782113]]}}, {"type": "Feature", "properties": {"wayId": 426140719, "name": "", "highway": "footway"}, "geometry": {"type": "LineString", "coordinates": [[-73.9711473, 40.7780805], [-73.9711218, 40.7780729], [-73.9711072, 40.7780644], [-73.9710965, 40.7780472], [-73.9710996, 40.7780375], [-73.9711118, 40.7780267], [-73.9711219, 40.7780225], [-73.9711373, 40.7780175], [-73.9711518, 40.7780082], [-73.9711627, 40.777991], [-73.9711641, 40.7779797], [-73.9711619, 40.7779703], [-73.9711362, 40.7779131], [-73.9711321, 40.7778896], [-73.9711309, 40.7778646], [-73.9711424, 40.7778491]]}}, {"type": "Feature", "properties": {"wayId": 426140720, "name": "", "highway": "footway"}, "geometry": {"type": "LineString", "coordinates": [[-73.9717991, 40.7780954], [-73.9717921, 40.7781133], [-73.9717858, 40.7781277], [-73.9717758, 40.7781457], [-73.9717585, 40.7781707], [-73.9717503, 40.7781801], [-73.9717406, 40.7781897], [-73.9717259, 40.7782016], [-73.9716753, 40.7782341], [-73.971666, 40.7782413], [-73.9716566, 40.7782508], [-73.971649, 40.7782614], [-73.9716337, 40.7782918], [-73.9716232, 40.7783071], [-73.9715982, 40.7783326], [-73.9715838, 40.7783419], [-73.9715654, 40.778349], [-73.9715438, 40.7783542], [-73.9715213, 40.7783575], [-73.9714959, 40.7783576], [-73.9714719, 40.778357], [-73.9714442, 40.7783545], [-73.9714314, 40.7783526], [-73.9714045, 40.7783447], [-73.9713909, 40.7783389]]}}, {"type": "Feature", "properties": {"wayId": 426140721, "name": "", "highway": "footway"}, "geometry": {"type": "LineString", "coordinates": [[-73.9678064, 40.7783194], [-73.9677762, 40.7782915], [-73.9677169, 40.7782467], [-73.9676517, 40.7781995], [-73.9676064, 40.7781673], [-73.9675584, 40.7781362], [-73.9674846, 40.7780934], [-73.9672127, 40.7779628]]}}, {"type": "Feature", "properties": {"wayId": 426140722, "name": "", "highway": "footway"}, "geometry": {"type": "LineString", "coordinates": [[-73.9704598, 40.7782113], [-73.9704834, 40.778219], [-73.9705388, 40.7782307], [-73.9706334, 40.7782455], [-73.9706883, 40.7782502], [-73.9707199, 40.7782492], [-73.9707736, 40.778252], [-73.9708004, 40.7782554], [-73.9709104, 40.7782732], [-73.9709389, 40.7782785], [-73.9709883, 40.7782896], [-73.9710101, 40.7782962], [-73.9710283, 40.7783025], [-73.9710406, 40.7783077], [-73.9710519, 40.7783197]]}}, {"type": "Feature", "properties": {"wayId": 426140723, "name": "", "highway": "footway"}, "geometry": {"type": "LineString", "coordinates": [[-73.9704598, 40.7782113], [-73.9704453, 40.778228], [-73.9704186, 40.7782592], [-73.9703781, 40.778314]]}}, {"type": "Feature", "properties": {"wayId": 426140724, "name": "", "highway": "footway"}, "geometry": {"type": "LineString", "coordinates": [[-73.9714284, 40.7782392], [-73.971401, 40.7782276], [-73.9713726, 40.7782127], [-73.9713499, 40.7781975], [-73.9713335, 40.778181], [-73.9713174, 40.7781592], [-73.9713004, 40.778141], [-73.9712778, 40.7781232], [-73.9712563, 40.7781104], [-73.9712451, 40.7781042], [-73.9712277, 40.7780972], [-73.9712141, 40.778093], [-73.9712001, 40.7780898], [-73.9711589, 40.7780833], [-73.9711473, 40.7780805]]}}, {"type": "Feature", "properties": {"wayId": 426140725, "name": "", "highway": "footway"}, "geometry": {"type": "LineString", "coordinates": [[-73.9710519, 40.7783197], [-73.9710575, 40.7783353], [-73.9710694, 40.7783684]]}}, {"type": "Feature", "properties": {"wayId": 426140726, "name": "", "highway": "footway"}, "geometry": {"type": "LineString", "coordinates": [[-73.9703781, 40.778314], [-73.9703555, 40.7783032], [-73.9703368, 40.7782862], [-73.9703086, 40.7782469], [-73.9702921, 40.7782191], [-73.9702818, 40.7781961], [-73.9702522, 40.7781356], [-73.9702457, 40.7780949], [-73.9702362, 40.7780473], [-73.9702363, 40.7779916], [-73.9702385, 40.777945], [-73.970248, 40.777896], [-73.9702646, 40.7778332]]}}, {"type": "Feature", "properties": {"wayId": 426140727, "name": "", "highway": "footway"}, "geometry": {"type": "LineString", "coordinates": [[-73.9703781, 40.778314], [-73.9703634, 40.7783376], [-73.9703486, 40.7783612], [-73.9703195, 40.7784127], [-73.9702925, 40.7784733], [-73.9702685, 40.7785324], [-73.9702501, 40.7785911], [-73.9702273, 40.7786534], [-73.9701873, 40.7787438], [-73.9701676, 40.7787749]]}}, {"type": "Feature", "properties": {"wayId": 426140729, "name": "", "highway": "footway"}, "geometry": {"type": "LineString", "coordinates": [[-73.9678064, 40.7783194], [-73.9677305, 40.7783749]]}}, {"type": "Feature", "properties": {"wayId": 426140730, "name": "", "highway": "footway"}, "geometry": {"type": "LineString", "coordinates": [[-73.9713909, 40.7783389], [-73.9714009, 40.7783299], [-73.9714187, 40.7782861], [-73.971426, 40.7782587], [-73.9714284, 40.7782392]]}}, {"type": "Feature", "properties": {"wayId": 426140746, "name": "", "highway": "footway"}, "geometry": {"type": "LineString", "coordinates": [[-73.9690249, 40.7783592], [-73.9690491, 40.7783263], [-73.9690697, 40.7782745], [-73.9690814, 40.7782346], [-73.9691117, 40.7781211], [-73.9691188, 40.7780752], [-73.969121, 40.778019], [-73.9691152, 40.7779784], [-73.9691033, 40.7779461], [-73.969085, 40.7779152], [-73.9690471, 40.7778745], [-73.9689871, 40.7778299], [-73.9689401, 40.7778016], [-73.9688966, 40.777783], [-73.9688119, 40.7777536]]}}, {"type": "Feature", "properties": {"wayId": 426140757, "name": "", "highway": "footway"}, "geometry": {"type": "LineString", "coordinates": [[-73.9690249, 40.7783592], [-73.96899, 40.7783658], [-73.9688672, 40.7783918]]}}, {"type": "Feature", "properties": {"wayId": 426140758, "name": "", "highway": "footway"}, "geometry": {"type": "LineString", "coordinates": [[-73.9710694, 40.7783684], [-73.9710677, 40.7783838], [-73.9710487, 40.7784299], [-73.9710432, 40.7784552], [-73.9710426, 40.778486], [-73.9710449, 40.7785212], [-73.9710447, 40.7785308]]}}, {"type": "Feature", "properties": {"wayId": 426140759, "name": "", "highway": "footway"}, "geometry": {"type": "LineString", "coordinates": [[-73.9712302, 40.7785389], [-73.9712445, 40.7785225], [-73.9712591, 40.778487], [-73.9712697, 40.7784683], [-73.9712794, 40.7784539], [-73.9712933, 40.7784365], [-73.9713133, 40.7784185]]}}, {"type": "Feature", "properties": {"wayId": 426140761, "name": "", "highway": "footway"}, "geometry": {"type": "LineString", "coordinates": [[-73.9680358, 40.7782984], [-73.9680457, 40.7782802], [-73.9681188, 40.7781646], [-73.9681386, 40.7781377], [-73.9681629, 40.7781073], [-73.9681876, 40.7780811], [-73.968218, 40.7780512], [-73.968265, 40.7780176], [-73.9684001, 40.7779366], [-73.9684491, 40.7779018], [-73.9684909, 40.7778694], [-73.9686735, 40.7777006]]}}, {"type": "Feature", "properties": {"wayId": 426140762, "name": "", "highway": "footway"}, "geometry": {"type": "LineString", "coordinates": [[-73.9679682, 40.7783925], [-73.9679298, 40.7783789], [-73.9678751, 40.778361], [-73.9678419, 40.7783454], [-73.9678064, 40.7783194]]}}, {"type": "Feature", "properties": {"wayId": 426140763, "name": "", "highway": "footway"}, "geometry": {"type": "LineString", "coordinates": [[-73.9688672, 40.7783918], [-73.9688213, 40.7784011], [-73.968766, 40.7784106], [-73.968499, 40.7784536], [-73.9684053, 40.7784665], [-73.9683152, 40.778477], [-73.9682565, 40.7784791], [-73.968215, 40.7784723], [-73.9681689, 40.778462], [-73.9681077, 40.7784441], [-73.9680508, 40.7784239], [-73.9679682, 40.7783925]]}}, {"type": "Feature", "properties": {"wayId": 426140764, "name": "", "highway": "footway"}, "geometry": {"type": "LineString", "coordinates": [[-73.9689552, 40.7784927], [-73.968978, 40.7784751], [-73.9689894, 40.7784587], [-73.9690045, 40.7784157], [-73.9690117, 40.778392], [-73.9690249, 40.7783592]]}}, {"type": "Feature", "properties": {"wayId": 426140765, "name": "", "highway": "footway"}, "geometry": {"type": "LineString", "coordinates": [[-73.9689552, 40.7784927], [-73.968931, 40.778479], [-73.9689183, 40.7784659], [-73.9688672, 40.7783918]]}}, {"type": "Feature", "properties": {"wayId": 426140766, "name": "", "highway": "footway"}, "geometry": {"type": "LineString", "coordinates": [[-73.9710447, 40.7785308], [-73.9710415, 40.7785521], [-73.9710311, 40.7785795], [-73.9710207, 40.7785996], [-73.9709993, 40.7786293], [-73.9709914, 40.7786447], [-73.9709885, 40.778663], [-73.9709898, 40.7786812]]}}, {"type": "Feature", "properties": {"wayId": 426140767, "name": "", "highway": "footway"}, "geometry": {"type": "LineString", "coordinates": [[-73.9712302, 40.7785389], [-73.9712081, 40.7785503], [-73.9711864, 40.7785611], [-73.9711649, 40.7785672], [-73.9711433, 40.7785708], [-73.9711203, 40.778569], [-73.9710975, 40.778564], [-73.9710803, 40.7785559], [-73.9710447, 40.7785308]]}}, {"type": "Feature", "properties": {"wayId": 426140768, "name": "", "highway": "footway"}, "geometry": {"type": "LineString", "coordinates": [[-73.9715886, 40.778611], [-73.9715663, 40.7786158], [-73.9714794, 40.7786148], [-73.9714004, 40.7786184]]}}, {"type": "Feature", "properties": {"wayId": 426140769, "name": "", "highway": "footway"}, "geometry": {"type": "LineString", "coordinates": [[-73.9714004, 40.7786184], [-73.9713896, 40.778619], [-73.9713149, 40.7786272], [-73.9711686, 40.7786579], [-73.9711298, 40.7786639], [-73.9711004, 40.7786702], [-73.9710672, 40.7786755], [-73.9710459, 40.778678]]}}, {"type": "Feature", "properties": {"wayId": 426140770, "name": "", "highway": "footway"}, "geometry": {"type": "LineString", "coordinates": [[-73.9709898, 40.7786812], [-73.9709717, 40.7786816], [-73.9709322, 40.7786831], [-73.9708988, 40.7786866], [-73.9708688, 40.7786937], [-73.9708442, 40.7787024], [-73.9708151, 40.7787158], [-73.9708038, 40.7787224]]}}, {"type": "Feature", "properties": {"wayId": 426140779, "name": "", "highway": "footway"}, "geometry": {"type": "LineString", "coordinates": [[-73.9708038, 40.7787224], [-73.9707872, 40.7787318], [-73.9707593, 40.7787478], [-73.9707176, 40.7787775], [-73.9706735, 40.7788009], [-73.9706232, 40.7788133], [-73.9705621, 40.7788185], [-73.9704762, 40.7788185], [-73.9704005, 40.7788113]]}}, {"type": "Feature", "properties": {"wayId": 426140784, "name": "", "highway": "footway"}, "geometry": {"type": "LineString", "coordinates": [[-73.9701676, 40.7787749], [-73.970141, 40.7787637], [-73.9701152, 40.7787526], [-73.9700515, 40.7787227], [-73.9699919, 40.7786823], [-73.9699496, 40.7786451], [-73.9698998, 40.7785939], [-73.9698492, 40.7785342], [-73.969814, 40.7784947], [-73.9697577, 40.7784197], [-73.9697229, 40.7783835], [-73.9696803, 40.7783532], [-73.9696358, 40.7783365], [-73.9696083, 40.7783272], [-73.9695571, 40.7783209], [-73.9694822, 40.7783216], [-73.9693898, 40.7783256], [-73.9693032, 40.7783362], [-73.9691973, 40.778344], [-73.9691105, 40.7783477], [-73.9690249, 40.7783592]]}}, {"type": "Feature", "properties": {"wayId": 426140785, "name": "", "highway": "footway"}, "geometry": {"type": "LineString", "coordinates": [[-73.9699961, 40.7789726], [-73.9699818, 40.7789717], [-73.9699581, 40.7789602], [-73.9699364, 40.7789364], [-73.9699307, 40.7789199], [-73.9698971, 40.7788444], [-73.9698842, 40.778828], [-73.969867, 40.7788125], [-73.9698406, 40.7787998], [-73.9698068, 40.7787922], [-73.9697763, 40.77879], [-73.9697461, 40.7787921], [-73.9697141, 40.7788015], [-73.9696858, 40.778818], [-73.9696702, 40.7788317], [-73.9696171, 40.778883], [-73.9696048, 40.7788936], [-73.9695871, 40.7789062]]}}, {"type": "Feature", "properties": {"wayId": 426140786, "name": "", "highway": "footway"}, "geometry": {"type": "LineString", "coordinates": [[-73.9704005, 40.7788113], [-73.970386, 40.7788099], [-73.9703149, 40.7787972], [-73.9702316, 40.7787888], [-73.9701676, 40.7787749]]}}, {"type": "Feature", "properties": {"wayId": 426140787, "name": "", "highway": "footway"}, "geometry": {"type": "LineString", "coordinates": [[-73.9718329, 40.7788933], [-73.9718155, 40.7788751], [-73.9717982, 40.7788569], [-73.9717809, 40.7788387], [-73.9717635, 40.7788206], [-73.9717364, 40.7787833]]}}, {"type": "Feature", "properties": {"wayId": 426140788, "name": "", "highway": "footway"}, "geometry": {"type": "LineString", "coordinates": [[-73.9718329, 40.7788933], [-73.9718156, 40.7789087], [-73.9718024, 40.7789279], [-73.9717892, 40.7789472], [-73.9717794, 40.7789655], [-73.9717696, 40.7789838], [-73.9717605, 40.7789996], [-73.9717515, 40.7790154], [-73.9717399, 40.7790289], [-73.9717283, 40.7790424], [-73.9717117, 40.7790598], [-73.9716952, 40.7790773], [-73.9716776, 40.7790925], [-73.97166, 40.7791077], [-73.9716424, 40.7791229], [-73.9716222, 40.7791416], [-73.971602, 40.7791603], [-73.9715859, 40.7791735], [-73.9715698, 40.7791867], [-73.9715541, 40.7792001], [-73.9715384, 40.7792135], [-73.971527, 40.7792254], [-73.9715155, 40.7792374], [-73.9714992, 40.7792593], [-73.9714901, 40.7792759], [-73.971481, 40.7792925], [-73.9714722, 40.7793108], [-73.9714634, 40.7793292], [-73.9714572, 40.7793433], [-73.9714509, 40.7793575], [-73.9714441, 40.7793703], [-73.9714373, 40.779383], [-73.9714281, 40.7793956], [-73.9714188, 40.7794081], [-73.971406, 40.7794211], [-73.9713932, 40.7794341], [-73.9713773, 40.7794449], [-73.9713613, 40.7794558], [-73.9713452, 40.7794669], [-73.971329, 40.7794781], [-73.9713121, 40.7794873], [-73.9712952, 40.7794966], [-73.9712721, 40.7795036]]}}, {"type": "Feature", "properties": {"wayId": 426140789, "name": "", "highway": "footway"}, "geometry": {"type": "LineString", "coordinates": [[-73.9695871, 40.7789062], [-73.9696016, 40.7789213], [-73.9696161, 40.7789365], [-73.9696336, 40.7789575], [-73.9696451, 40.7789764], [-73.9696679, 40.7789822], [-73.9697123, 40.7789727]]}}, {"type": "Feature", "properties": {"wayId": 426140790, "name": "", "highway": "footway"}, "geometry": {"type": "LineString", "coordinates": [[-73.9695871, 40.7789062], [-73.9695595, 40.7789259], [-73.9695403, 40.7789421], [-73.9695211, 40.7789584], [-73.9694763, 40.7789923], [-73.9694351, 40.7790142], [-73.969418, 40.7790204], [-73.9693933, 40.7790309]]}}, {"type": "Feature", "properties": {"wayId": 426140792, "name": "", "highway": "footway"}, "geometry": {"type": "LineString", "coordinates": [[-73.9708043, 40.7790748], [-73.9708047, 40.7790521], [-73.9708051, 40.7790294], [-73.9708083, 40.7789793], [-73.970813, 40.7789259], [-73.9708186, 40.7788897], [-73.9708255, 40.778859], [-73.970828, 40.7788399], [-73.9708304, 40.7788209], [-73.9708307, 40.7787905], [-73.9708249, 40.7787655], [-73.9708038, 40.7787224]]}}, {"type": "Feature", "properties": {"wayId": 426140794, "name": "", "highway": "footway"}, "geometry": {"type": "LineString", "coordinates": [[-73.9707044, 40.7791927], [-73.9706858, 40.7791743], [-73.9706672, 40.7791559], [-73.9706364, 40.7791146], [-73.9705865, 40.7790435], [-73.9705455, 40.778989], [-73.9705201, 40.7789605], [-73.9704878, 40.7789299], [-73.9704589, 40.7789047], [-73.970413, 40.7788682], [-73.9704009, 40.7788518], [-73.9703983, 40.7788363], [-73.9704005, 40.7788113]]}}, {"type": "Feature", "properties": {"wayId": 426140795, "name": "", "highway": "footway"}, "geometry": {"type": "LineString", "coordinates": [[-73.9712721, 40.7795036], [-73.9712494, 40.7795043], [-73.9712173, 40.7795034], [-73.9711852, 40.7795026], [-73.9711554, 40.7794999], [-73.9711257, 40.7794972], [-73.9711028, 40.7794975], [-73.9710799, 40.7794977], [-73.9710439, 40.7794992], [-73.9710202, 40.7795027], [-73.9709965, 40.7795062], [-73.9709734, 40.7795124], [-73.9709503, 40.7795186]]}}, {"type": "Feature", "properties": {"wayId": 426140796, "name": "", "highway": "footway"}, "geometry": {"type": "LineString", "coordinates": [[-73.9712721, 40.7795036], [-73.9712792, 40.779528], [-73.9712863, 40.7795524], [-73.9712908, 40.7795747], [-73.9712953, 40.779597], [-73.9713031, 40.7796153], [-73.9713109, 40.7796336], [-73.9713525, 40.7797072]]}}, {"type": "Feature", "properties": {"wayId": 426140797, "name": "", "highway": "footway"}, "geometry": {"type": "LineString", "coordinates": [[-73.9709503, 40.7795186], [-73.9709379, 40.7795013], [-73.9709254, 40.7794895], [-73.970913, 40.7794778], [-73.970896, 40.7794629], [-73.970879, 40.779448], [-73.9708676, 40.7794355], [-73.9708563, 40.779423], [-73.9708446, 40.779406], [-73.9708329, 40.7793889], [-73.9708234, 40.7793688], [-73.970814, 40.7793488], [-73.9708089, 40.7793293], [-73.9708037, 40.7793098], [-73.9708, 40.7792877], [-73.9707962, 40.7792657], [-73.9707975, 40.7792531]]}}, {"type": "Feature", "properties": {"wayId": 426140799, "name": "", "highway": "footway"}, "geometry": {"type": "LineString", "coordinates": [[-73.9675205, 40.7757472], [-73.9675562, 40.7758411], [-73.9675932, 40.7759175], [-73.9676566, 40.776031], [-73.9676903, 40.7761169]]}}, {"type": "Feature", "properties": {"wayId": 426140800, "name": "", "highway": "footway"}, "geometry": {"type": "LineString", "coordinates": [[-73.9676903, 40.7761169], [-73.96772, 40.7761325], [-73.9677466, 40.7761351], [-73.9677639, 40.7761351], [-73.9678, 40.7761293], [-73.967847, 40.776126], [-73.9678799, 40.7761285], [-73.9679034, 40.7761286], [-73.9679358, 40.7761406], [-73.9679611, 40.7761666], [-73.967973, 40.776192], [-73.96799, 40.7762298]]}}, {"type": "Feature", "properties": {"wayId": 426140802, "name": "", "highway": "path"}, "geometry": {"type": "LineString", "coordinates": [[-73.97094, 40.7791211], [-73.9709491, 40.7791348], [-73.9709469, 40.7791748], [-73.9709277, 40.7792233], [-73.9708936, 40.779246], [-73.9708446, 40.7792587], [-73.9707975, 40.7792531]]}}, {"type": "Feature", "properties": {"wayId": 426140803, "name": "", "highway": "footway"}, "geometry": {"type": "LineString", "coordinates": [[-73.97094, 40.7791211], [-73.9709737, 40.7791092]]}}, {"type": "Feature", "properties": {"wayId": 426140804, "name": "", "highway": "footway"}, "geometry": {"type": "LineString", "coordinates": [[-73.971107, 40.7788696], [-73.9710718, 40.7788337], [-73.9710476, 40.778805], [-73.9710422, 40.7787764], [-73.9710459, 40.778678]]}}, {"type": "Feature", "properties": {"wayId": 426140805, "name": "", "highway": "path"}, "geometry": {"type": "LineString", "coordinates": [[-73.9714004, 40.7786184], [-73.971408, 40.7786508], [-73.9714116, 40.7786751], [-73.9713982, 40.7786994], [-73.9713245, 40.7787519], [-73.9712866, 40.7787818], [-73.9711318, 40.7788583], [-73.971107, 40.7788696]]}}, {"type": "Feature", "properties": {"wayId": 426140806, "name": "", "highway": "path"}, "geometry": {"type": "LineString", "coordinates": [[-73.971107, 40.7788696], [-73.9710299, 40.778905], [-73.971011, 40.7789178], [-73.9710015, 40.7789291], [-73.9709939, 40.7789406], [-73.9709787, 40.7789505], [-73.9709541, 40.7789704], [-73.9709104, 40.7790331], [-73.9708989, 40.7790573]]}}, {"type": "Feature", "properties": {"wayId": 426140807, "name": "", "highway": "path"}, "geometry": {"type": "LineString", "coordinates": [[-73.9708989, 40.7790573], [-73.9709119, 40.7790789], [-73.97094, 40.7791211]]}}, {"type": "Feature", "properties": {"wayId": 426140808, "name": "", "highway": "footway"}, "geometry": {"type": "LineString", "coordinates": [[-73.9676903, 40.7761169], [-73.9676791, 40.776155], [-73.9676773, 40.7761824], [-73.9676912, 40.7762122], [-73.9677082, 40.7762314], [-73.9677159, 40.7762505], [-73.9677142, 40.7762719], [-73.9677078, 40.7762874], [-73.9677045, 40.7763052], [-73.9677153, 40.7763255], [-73.9677356, 40.7763411], [-73.9677856, 40.7763556], [-73.9678013, 40.7763581], [-73.967823, 40.7763644]]}}, {"type": "Feature", "properties": {"wayId": 426140809, "name": "", "highway": "footway"}, "geometry": {"type": "LineString", "coordinates": [[-73.96799, 40.7762298], [-73.9679636, 40.7762424], [-73.9679358, 40.7762594], [-73.9679097, 40.7762793], [-73.9678881, 40.7762984], [-73.9678692, 40.7763166], [-73.967823, 40.7763644]]}}, {"type": "Feature", "properties": {"wayId": 426140810, "name": "", "highway": "footway"}, "geometry": {"type": "LineString", "coordinates": [[-73.9672281, 40.7778504], [-73.9672418, 40.7778736], [-73.9672468, 40.7778903], [-73.967244, 40.7779056], [-73.9672252, 40.7779305], [-73.9672127, 40.7779628]]}}, {"type": "Feature", "properties": {"wayId": 426140812, "name": "", "highway": "footway"}, "geometry": {"type": "LineString", "coordinates": [[-73.9710459, 40.778678], [-73.9710246, 40.7786804], [-73.9709898, 40.7786812]]}}, {"type": "Feature", "properties": {"wayId": 426140813, "name": "", "highway": "footway"}, "geometry": {"type": "LineString", "coordinates": [[-73.9707975, 40.7792531], [-73.9707989, 40.7792391], [-73.9708017, 40.7792126], [-73.970804, 40.7791766], [-73.9708043, 40.7790748]]}}, {"type": "Feature", "properties": {"wayId": 426140814, "name": "", "highway": "footway"}, "geometry": {"type": "LineString", "coordinates": [[-73.9685523, 40.7757554], [-73.968629, 40.7757624], [-73.9686817, 40.7757541], [-73.9687553, 40.7757216], [-73.9688533, 40.7756906], [-73.9688776, 40.7757093], [-73.9688874, 40.7757178], [-73.9689011, 40.7757238], [-73.9689151, 40.775728], [-73.9689677, 40.7757297], [-73.9690221, 40.7757342], [-73.9690448, 40.7757343], [-73.9690594, 40.775727], [-73.969077, 40.7757229], [-73.9691186, 40.7757219], [-73.969128, 40.7757205]]}}, {"type": "Feature", "properties": {"wayId": 426140815, "name": "", "highway": "footway"}, "geometry": {"type": "LineString", "coordinates": [[-73.9692574, 40.7757011], [-73.9692036, 40.7756773], [-73.9691887, 40.775673], [-73.9691655, 40.7756804], [-73.969128, 40.7757205]]}}, {"type": "Feature", "properties": {"wayId": 426140816, "name": "", "highway": "footway"}, "geometry": {"type": "LineString", "coordinates": [[-73.9692574, 40.7757011], [-73.9693033, 40.7757037], [-73.9693961, 40.7757088]]}}, {"type": "Feature", "properties": {"wayId": 426140817, "name": "", "highway": "footway"}, "geometry": {"type": "LineString", "coordinates": [[-73.969128, 40.7757205], [-73.9692574, 40.7757011]]}}, {"type": "Feature", "properties": {"wayId": 426140818, "name": "", "highway": "footway"}, "geometry": {"type": "LineString", "coordinates": [[-73.9692721, 40.7759639], [-73.969309, 40.7759408], [-73.969338, 40.7759133], [-73.9693457, 40.7758904], [-73.9693474, 40.7758371], [-73.9693551, 40.7758228], [-73.9693727, 40.7758086], [-73.9693917, 40.775782], [-73.9693961, 40.7757088]]}}, {"type": "Feature", "properties": {"wayId": 426140819, "name": "", "highway": "path"}, "geometry": {"type": "LineString", "coordinates": [[-73.9693961, 40.7757088], [-73.9694051, 40.7756724], [-73.969408, 40.7756248], [-73.9693996, 40.7755761], [-73.9694062, 40.7755428], [-73.9693977, 40.7755056], [-73.9693979, 40.7754827], [-73.9694092, 40.7754732], [-73.9694268, 40.7754714], [-73.9694519, 40.7754706], [-73.9694895, 40.7754746], [-73.9695483, 40.7754891], [-73.9695734, 40.7754864], [-73.969586, 40.7754807], [-73.9695961, 40.7754665], [-73.9696162, 40.7754637], [-73.96964, 40.7754619], [-73.9696637, 40.7754801], [-73.96968, 40.775484], [-73.9697038, 40.7754832], [-73.9697164, 40.7754737], [-73.9697367, 40.7754433]]}}, {"type": "Feature", "properties": {"wayId": 426140820, "name": "", "highway": "footway"}, "geometry": {"type": "LineString", "coordinates": [[-73.9697367, 40.7754433], [-73.9698107, 40.7754398], [-73.9698496, 40.775441], [-73.9698527, 40.7754513]]}}, {"type": "Feature", "properties": {"wayId": 426140821, "name": "", "highway": "footway"}, "geometry": {"type": "LineString", "coordinates": [[-73.9697367, 40.7754433], [-73.9697432, 40.77541], [-73.9697522, 40.7753843], [-73.9697762, 40.7753644], [-73.9698165, 40.7753455], [-73.9698391, 40.775337], [-73.9698568, 40.7753142], [-73.9698671, 40.7752914], [-73.9699011, 40.775263], [-73.9699314, 40.775245], [-73.9699439, 40.775247], [-73.9699652, 40.7752471], [-73.9699804, 40.7752252], [-73.9699893, 40.7752081], [-73.9700308, 40.7751949], [-73.9700523, 40.7751741], [-73.9700963, 40.77516], [-73.9701427, 40.775163], [-73.9701691, 40.7751732]]}}, {"type": "Feature", "properties": {"wayId": 426140822, "name": "", "highway": "footway"}, "geometry": {"type": "LineString", "coordinates": [[-73.9693961, 40.7757088], [-73.9694299, 40.7757107], [-73.9694738, 40.7757052], [-73.9695204, 40.7756901], [-73.9695655, 40.7756827], [-73.9696157, 40.7756763], [-73.969661, 40.775665], [-73.9697075, 40.775649], [-73.9697214, 40.7756396], [-73.9697518, 40.7755949], [-73.9697771, 40.7755655], [-73.9698023, 40.7755542], [-73.9698277, 40.7755545]]}}, {"type": "Feature", "properties": {"wayId": 426140823, "name": "", "highway": "footway"}, "geometry": {"type": "LineString", "coordinates": [[-73.9698152, 40.7756378], [-73.9699109, 40.7756343], [-73.9700487, 40.7756121], [-73.9701035, 40.7755779], [-73.9701649, 40.7755714]]}}, {"type": "Feature", "properties": {"wayId": 426140825, "name": "", "highway": "footway"}, "geometry": {"type": "LineString", "coordinates": [[-73.969671, 40.7773801], [-73.9696731, 40.7772992], [-73.9696677, 40.7772606], [-73.9696339, 40.7772518], [-73.9696095, 40.7772489], [-73.9696003, 40.777226], [-73.969595, 40.7771859], [-73.9696095, 40.7771396]]}}, {"type": "Feature", "properties": {"wayId": 426140826, "name": "", "highway": "footway"}, "geometry": {"type": "LineString", "coordinates": [[-73.969671, 40.7773801], [-73.9696386, 40.7773805], [-73.9696086, 40.7773675]]}}, {"type": "Feature", "properties": {"wayId": 426140834, "name": "", "highway": "footway"}, "geometry": {"type": "LineString", "coordinates": [[-73.9688672, 40.7783918], [-73.9688315, 40.7783572], [-73.9688051, 40.7783285], [-73.9687897, 40.7782891], [-73.9687743, 40.7782533], [-73.968751, 40.7782234], [-73.9687199, 40.7781971], [-73.9686668, 40.7781706], [-73.9686325, 40.7781538], [-73.9686012, 40.7781489], [-73.9685448, 40.7781474], [-73.9684864, 40.7781537], [-73.9684373, 40.7781812], [-73.9684048, 40.7782099], [-73.9683575, 40.7782466], [-73.9683086, 40.7782762], [-73.9682411, 40.7782961], [-73.9681846, 40.7783054], [-73.9681203, 40.7783134], [-73.9680788, 40.7783098], [-73.9680358, 40.7782984]]}}, {"type": "Feature", "properties": {"wayId": 426140845, "name": "", "highway": "footway"}, "geometry": {"type": "LineString", "coordinates": [[-73.9684945, 40.7775579], [-73.9684459, 40.7775804], [-73.9684129, 40.7775896], [-73.9683602, 40.7775943], [-73.9683263, 40.7776056], [-73.9682725, 40.7776311], [-73.968165, 40.7776713]]}}, {"type": "Feature", "properties": {"wayId": 426140879, "name": "", "highway": "path"}, "geometry": {"type": "LineString", "coordinates": [[-73.9699477, 40.7790894], [-73.9699265, 40.7791239], [-73.9699012, 40.7791524], [-73.9698618, 40.7791713], [-73.9698162, 40.7791901], [-73.96978, 40.7792114], [-73.9697619, 40.779225], [-73.9697461, 40.7792315], [-73.969732, 40.7792326], [-73.9697023, 40.7792295], [-73.9696499, 40.7792185], [-73.9695817, 40.7792152], [-73.9695112, 40.7792149], [-73.9694861, 40.7792118], [-73.9694596, 40.7792022], [-73.9694424, 40.779192], [-73.9694284, 40.779177], [-73.969416, 40.7791561], [-73.969396, 40.7791131], [-73.9693922, 40.7790946], [-73.9693979, 40.7790708], [-73.9693997, 40.7790488], [-73.9693933, 40.7790309]]}}, {"type": "Feature", "properties": {"wayId": 426140880, "name": "", "highway": "footway"}, "geometry": {"type": "LineString", "coordinates": [[-73.9699961, 40.7789726], [-73.9699758, 40.7790336], [-73.9699477, 40.7790894]]}}, {"type": "Feature", "properties": {"wayId": 426140881, "name": "", "highway": "footway"}, "geometry": {"type": "LineString", "coordinates": [[-73.9701691, 40.7751732], [-73.9701753, 40.7751626], [-73.9701945, 40.7751432], [-73.9702323, 40.7751211], [-73.9702545, 40.7750966], [-73.9702529, 40.7750646], [-73.9702668, 40.7750393], [-73.9703123, 40.7750134], [-73.9703601, 40.7749907], [-73.9704233, 40.7749916], [-73.9704656, 40.7749721]]}}, {"type": "Feature", "properties": {"wayId": 426140882, "name": "", "highway": "footway"}, "geometry": {"type": "LineString", "coordinates": [[-73.9698527, 40.7754513], [-73.969874, 40.7754336], [-73.9699078, 40.7754133], [-73.9699466, 40.7753879], [-73.9699859, 40.7753601], [-73.9701109, 40.7752672], [-73.9701223, 40.7752551], [-73.97015, 40.775208], [-73.9701691, 40.7751732]]}}, {"type": "Feature", "properties": {"wayId": 426140883, "name": "", "highway": "footway"}, "geometry": {"type": "LineString", "coordinates": [[-73.9698277, 40.7755545], [-73.9698282, 40.7755374], [-73.9698286, 40.7755204], [-73.9698307, 40.7754954], [-73.9698383, 40.7754692], [-73.9698527, 40.7754513]]}}, {"type": "Feature", "properties": {"wayId": 426140884, "name": "", "highway": "footway"}, "geometry": {"type": "LineString", "coordinates": [[-73.9698152, 40.7756378], [-73.9698237, 40.7755919], [-73.9698277, 40.7755545]]}}, {"type": "Feature", "properties": {"wayId": 426140885, "name": "", "highway": "footway"}, "geometry": {"type": "LineString", "coordinates": [[-73.9692721, 40.7759639], [-73.9692826, 40.7759953], [-73.9692857, 40.7760168], [-73.9692776, 40.7760495]]}}, {"type": "Feature", "properties": {"wayId": 426140886, "name": "", "highway": "footway"}, "geometry": {"type": "LineString", "coordinates": [[-73.9678226, 40.7766628], [-73.9678289, 40.7766828], [-73.9678166, 40.7767137], [-73.9677971, 40.7767516], [-73.9677483, 40.7768413]]}}, {"type": "Feature", "properties": {"wayId": 426140891, "name": "", "highway": "footway"}, "geometry": {"type": "LineString", "coordinates": [[-73.9681768, 40.7770445], [-73.9681726, 40.7770234], [-73.96816, 40.7769551], [-73.9681535, 40.77687]]}}, {"type": "Feature", "properties": {"wayId": 426140896, "name": "", "highway": "footway"}, "geometry": {"type": "LineString", "coordinates": [[-73.9696095, 40.7771396], [-73.9695858, 40.7771331], [-73.9695586, 40.7771287], [-73.9695368, 40.7771273], [-73.9695122, 40.7771284], [-73.9694923, 40.7771321], [-73.9694353, 40.7771475], [-73.9694057, 40.7771539]]}}, {"type": "Feature", "properties": {"wayId": 426140900, "name": "", "highway": "footway"}, "geometry": {"type": "LineString", "coordinates": [[-73.9676712, 40.7771712], [-73.9676505, 40.7771927], [-73.967612, 40.7772153]]}}, {"type": "Feature", "properties": {"wayId": 426140901, "name": "", "highway": "footway"}, "geometry": {"type": "LineString", "coordinates": [[-73.967612, 40.7772153], [-73.9675953, 40.7772255], [-73.9675787, 40.7772358], [-73.9675419, 40.7772612], [-73.9675238, 40.7772766]]}}, {"type": "Feature", "properties": {"wayId": 426140902, "name": "", "highway": "footway"}, "geometry": {"type": "LineString", "coordinates": [[-73.9696086, 40.7773675], [-73.9695936, 40.777356], [-73.9695957, 40.777326]]}}, {"type": "Feature", "properties": {"wayId": 426140903, "name": "", "highway": "footway"}, "geometry": {"type": "LineString", "coordinates": [[-73.9697131, 40.7774894], [-73.9696931, 40.7774954], [-73.9696048, 40.7775278], [-73.9695413, 40.7775502], [-73.9694349, 40.777583]]}}, {"type": "Feature", "properties": {"wayId": 426140904, "name": "", "highway": "footway"}, "geometry": {"type": "LineString", "coordinates": [[-73.9692872, 40.7775197], [-73.9692742, 40.7775145], [-73.9692116, 40.7774899], [-73.9691876, 40.7774833]]}}, {"type": "Feature", "properties": {"wayId": 426140905, "name": "", "highway": "footway"}, "geometry": {"type": "LineString", "coordinates": [[-73.9685192, 40.77758], [-73.9684945, 40.7775579]]}}, {"type": "Feature", "properties": {"wayId": 426140906, "name": "", "highway": "footway"}, "geometry": {"type": "LineString", "coordinates": [[-73.967693, 40.7775626], [-73.9676727, 40.7775921], [-73.9676549, 40.7776149], [-73.9676247, 40.7776281], [-73.9675304, 40.7776221]]}}, {"type": "Feature", "properties": {"wayId": 426140909, "name": "", "highway": "footway"}, "geometry": {"type": "LineString", "coordinates": [[-73.9705917, 40.7777217], [-73.9705738, 40.7777178], [-73.970564, 40.7777156], [-73.9705425, 40.7777101], [-73.9704851, 40.7776848], [-73.9704549, 40.7776741], [-73.970443, 40.777672], [-73.9704263, 40.7776691], [-73.9703765, 40.7776751]]}}, {"type": "Feature", "properties": {"wayId": 426140915, "name": "", "highway": "footway"}, "geometry": {"type": "LineString", "coordinates": [[-73.9698049, 40.7777521], [-73.9697758, 40.7777477], [-73.9697139, 40.777735], [-73.9696632, 40.7777212], [-73.9696173, 40.7777023], [-73.9695673, 40.7776723], [-73.9695486, 40.7776595], [-73.9695305, 40.7776496], [-73.9695111, 40.7776338], [-73.9694606, 40.7775992], [-73.9694349, 40.777583]]}}, {"type": "Feature", "properties": {"wayId": 426140917, "name": "", "highway": "footway"}, "geometry": {"type": "LineString", "coordinates": [[-73.9688119, 40.7777536], [-73.9687836, 40.7777438], [-73.9687554, 40.777734], [-73.968734, 40.7777249], [-73.9687064, 40.777716], [-73.9686856, 40.7777078], [-73.9686735, 40.7777006]]}}, {"type": "Feature", "properties": {"wayId": 426140918, "name": "", "highway": "footway"}, "geometry": {"type": "LineString", "coordinates": [[-73.9706626, 40.7780045], [-73.9707158, 40.7779204], [-73.9707106, 40.7778629], [-73.9707062, 40.7778358], [-73.9706753, 40.7777803]]}}, {"type": "Feature", "properties": {"wayId": 426140919, "name": "", "highway": "footway"}, "geometry": {"type": "LineString", "coordinates": [[-73.9707203, 40.7780135], [-73.97069, 40.7780213]]}}, {"type": "Feature", "properties": {"wayId": 426140921, "name": "", "highway": "footway"}, "geometry": {"type": "LineString", "coordinates": [[-73.9679682, 40.7783925], [-73.9679826, 40.7783742], [-73.9680259, 40.7783167], [-73.9680358, 40.7782984]]}}, {"type": "Feature", "properties": {"wayId": 426140924, "name": "", "highway": "footway"}, "geometry": {"type": "LineString", "coordinates": [[-73.9716669, 40.7784641], [-73.9716765, 40.7784769], [-73.9716742, 40.7784903], [-73.9716677, 40.7785042], [-73.9716567, 40.7785255], [-73.9716305, 40.7785662], [-73.9716105, 40.7785946], [-73.9715886, 40.778611]]}}, {"type": "Feature", "properties": {"wayId": 426140926, "name": "", "highway": "footway"}, "geometry": {"type": "LineString", "coordinates": [[-73.9701676, 40.7787749], [-73.9701552, 40.7787948], [-73.9701017, 40.7788774], [-73.9700512, 40.7789456], [-73.9700291, 40.7789634], [-73.9699961, 40.7789726]]}}, {"type": "Feature", "properties": {"wayId": 426140928, "name": "", "highway": "footway"}, "geometry": {"type": "LineString", "coordinates": [[-73.9707975, 40.7792531], [-73.9707718, 40.7792416], [-73.9707396, 40.7792222], [-73.9707044, 40.7791927]]}}, {"type": "Feature", "properties": {"wayId": 426140931, "name": "", "highway": "steps"}, "geometry": {"type": "LineString", "coordinates": [[-73.9717991, 40.7780954], [-73.9717777, 40.7780753]]}}, {"type": "Feature", "properties": {"wayId": 426140932, "name": "", "highway": "steps"}, "geometry": {"type": "LineString", "coordinates": [[-73.9716657, 40.7779362], [-73.9716774, 40.777916]]}}, {"type": "Feature", "properties": {"wayId": 426140933, "name": "", "highway": "footway"}, "geometry": {"type": "LineString", "coordinates": [[-73.9717777, 40.7780753], [-73.9717629, 40.7780466], [-73.9717498, 40.7780269], [-73.9717327, 40.778004], [-73.9717238, 40.7779918], [-73.9717121, 40.7779817], [-73.9716934, 40.7779709], [-73.9716719, 40.7779586], [-73.9716657, 40.7779362]]}}, {"type": "Feature", "properties": {"wayId": 426140934, "name": "", "highway": "footway"}, "geometry": {"type": "LineString", "coordinates": [[-73.9716774, 40.777916], [-73.9716935, 40.7779037], [-73.9717123, 40.7778938], [-73.9717406, 40.7778857], [-73.9717665, 40.7778808], [-73.9717891, 40.777882], [-73.9718125, 40.7778874], [-73.9718346, 40.7778986], [-73.9718565, 40.777917], [-73.9718667, 40.7779334], [-73.9718703, 40.7779549], [-73.9718659, 40.7779742], [-73.9718545, 40.7779949], [-73.9718187, 40.7780651], [-73.9717991, 40.7780954]]}}, {"type": "Feature", "properties": {"wayId": 426140947, "name": "", "highway": "footway"}, "geometry": {"type": "LineString", "coordinates": [[-73.9692776, 40.7760495], [-73.9692721, 40.7760774]]}}, {"type": "Feature", "properties": {"wayId": 426140949, "name": "", "highway": "footway"}, "geometry": {"type": "LineString", "coordinates": [[-73.9675238, 40.7772766], [-73.9674664, 40.7773421], [-73.967403, 40.7774252], [-73.9673687, 40.7774801]]}}, {"type": "Feature", "properties": {"wayId": 426140952, "name": "", "highway": "footway"}, "geometry": {"type": "LineString", "coordinates": [[-73.9701094, 40.771559], [-73.9701128, 40.7716351], [-73.9701448, 40.7717039], [-73.9702021, 40.7717508], [-73.9703282, 40.7718181], [-73.9704068, 40.771869], [-73.9704353, 40.7719063], [-73.9704499, 40.7719645], [-73.9704355, 40.7720436], [-73.9704175, 40.7720988], [-73.9703932, 40.7721625]]}}, {"type": "Feature", "properties": {"wayId": 426140953, "name": "Wallach Walk", "highway": "footway"}, "geometry": {"type": "LineString", "coordinates": [[-73.9700015, 40.7715229], [-73.9699361, 40.7714771]]}}, {"type": "Feature", "properties": {"wayId": 426140954, "name": "", "highway": "footway"}, "geometry": {"type": "LineString", "coordinates": [[-73.9706153, 40.7716565], [-73.9705531, 40.7717201], [-73.9704886, 40.7717846], [-73.9704468, 40.7718406], [-73.9704068, 40.771869]]}}, {"type": "Feature", "properties": {"wayId": 426140956, "name": "", "highway": "steps"}, "geometry": {"type": "LineString", "coordinates": [[-73.9694616, 40.7723971], [-73.9692543, 40.7723484]]}}, {"type": "Feature", "properties": {"wayId": 426140957, "name": "", "highway": "steps"}, "geometry": {"type": "LineString", "coordinates": [[-73.9696189, 40.7724313], [-73.9697534, 40.7724608]]}}, {"type": "Feature", "properties": {"wayId": 426140959, "name": "", "highway": "footway"}, "geometry": {"type": "LineString", "coordinates": [[-73.9675573, 40.7744025], [-73.9676137, 40.774427]]}}, {"type": "Feature", "properties": {"wayId": 426140960, "name": "", "highway": "footway"}, "geometry": {"type": "LineString", "coordinates": [[-73.9679678, 40.7747259], [-73.9679644, 40.774753], [-73.967963, 40.7747749], [-73.9679665, 40.7748035], [-73.9679713, 40.7748197]]}}, {"type": "Feature", "properties": {"wayId": 426193880, "name": "", "highway": "footway"}, "geometry": {"type": "LineString", "coordinates": [[-73.9696086, 40.7722109], [-73.9695617, 40.7723554]]}}, {"type": "Feature", "properties": {"wayId": 426193884, "name": "", "highway": "footway"}, "geometry": {"type": "LineString", "coordinates": [[-73.9713658, 40.7785816], [-73.9713459, 40.7785693]]}}, {"type": "Feature", "properties": {"wayId": 426193886, "name": "", "highway": "footway"}, "geometry": {"type": "LineString", "coordinates": [[-73.9714004, 40.7786184], [-73.971388, 40.7786034]]}}, {"type": "Feature", "properties": {"wayId": 426193887, "name": "", "highway": "footway"}, "geometry": {"type": "LineString", "coordinates": [[-73.9711132, 40.7773132], [-73.9710856, 40.7773063]]}}, {"type": "Feature", "properties": {"wayId": 426193889, "name": "", "highway": "steps"}, "geometry": {"type": "LineString", "coordinates": [[-73.9711001, 40.7782399], [-73.9711274, 40.7782561]]}}, {"type": "Feature", "properties": {"wayId": 426193890, "name": "", "highway": "footway"}, "geometry": {"type": "LineString", "coordinates": [[-73.9716669, 40.7784641], [-73.9716493, 40.7784599]]}}, {"type": "Feature", "properties": {"wayId": 426193892, "name": "", "highway": "steps"}, "geometry": {"type": "LineString", "coordinates": [[-73.9716493, 40.7784599], [-73.9716223, 40.7784487]]}}, {"type": "Feature", "properties": {"wayId": 426193893, "name": "", "highway": "footway"}, "geometry": {"type": "LineString", "coordinates": [[-73.9706789, 40.7774125], [-73.9706605, 40.7774029], [-73.9706393, 40.7773988], [-73.9706024, 40.7774029], [-73.9705694, 40.7774086], [-73.9705438, 40.7774115], [-73.9705167, 40.7774129], [-73.9704857, 40.7774125], [-73.9704551, 40.7774133], [-73.9704211, 40.7774116], [-73.9703953, 40.7774165], [-73.9703793, 40.777424], [-73.9703633, 40.7774316], [-73.9703332, 40.7774494], [-73.9702937, 40.7774781], [-73.9702546, 40.7775084]]}}, {"type": "Feature", "properties": {"wayId": 426193895, "name": "", "highway": "footway"}, "geometry": {"type": "LineString", "coordinates": [[-73.9711424, 40.7778491], [-73.9711769, 40.7778339], [-73.9712272, 40.7778337], [-73.9712781, 40.777835], [-73.971321, 40.7778302], [-73.9713595, 40.7778168], [-73.9714035, 40.7777839], [-73.9714573, 40.7777402], [-73.9715016, 40.7777021], [-73.9715111, 40.7776746], [-73.9715124, 40.7776509], [-73.9715038, 40.7776261], [-73.9714784, 40.7775956], [-73.9714349, 40.777577], [-73.9714107, 40.7775734], [-73.9713789, 40.7775716]]}}, {"type": "Feature", "properties": {"wayId": 426193898, "name": "", "highway": "steps"}, "geometry": {"type": "LineString", "coordinates": [[-73.9708764, 40.7774559], [-73.9708408, 40.7774617], [-73.9708229, 40.7774644]]}}, {"type": "Feature", "properties": {"wayId": 426193902, "name": "", "highway": "footway"}, "geometry": {"type": "LineString", "coordinates": [[-73.9710843, 40.7778229], [-73.9710939, 40.7778107], [-73.9711013, 40.7777934]]}}, {"type": "Feature", "properties": {"wayId": 426193903, "name": "", "highway": "footway"}, "geometry": {"type": "LineString", "coordinates": [[-73.9712302, 40.7785389], [-73.9712548, 40.7785413], [-73.9712771, 40.7785469], [-73.9713116, 40.7785536]]}}, {"type": "Feature", "properties": {"wayId": 426193905, "name": "", "highway": "footway"}, "geometry": {"type": "LineString", "coordinates": [[-73.9696086, 40.7773675], [-73.9695858, 40.777396], [-73.9694933, 40.7774328], [-73.9694561, 40.777442]]}}, {"type": "Feature", "properties": {"wayId": 426193906, "name": "", "highway": "footway"}, "geometry": {"type": "LineString", "coordinates": [[-73.9693049, 40.7775269], [-73.9693575, 40.7774908], [-73.9693972, 40.7774652], [-73.9694173, 40.7774371]]}}, {"type": "Feature", "properties": {"wayId": 426193908, "name": "", "highway": "footway"}, "geometry": {"type": "LineString", "coordinates": [[-73.9711473, 40.7780805], [-73.9711437, 40.7780998], [-73.9711163, 40.7781792]]}}, {"type": "Feature", "properties": {"wayId": 426193910, "name": "", "highway": "footway"}, "geometry": {"type": "LineString", "coordinates": [[-73.9694371, 40.7726288], [-73.9693843, 40.7726097], [-73.9693221, 40.772566], [-73.969268, 40.7725114], [-73.969248, 40.7724313], [-73.9692543, 40.7723484]]}}, {"type": "Feature", "properties": {"wayId": 426193913, "name": "", "highway": "footway"}, "geometry": {"type": "LineString", "coordinates": [[-73.9711013, 40.7777934], [-73.9711087, 40.7777762], [-73.971118, 40.7777394], [-73.9711327, 40.7776953], [-73.971143, 40.7776814], [-73.9711627, 40.7776672]]}}, {"type": "Feature", "properties": {"wayId": 426193915, "name": "", "highway": "footway"}, "geometry": {"type": "LineString", "coordinates": [[-73.9710519, 40.7783197], [-73.9710674, 40.7783146], [-73.9710894, 40.7783052], [-73.9711114, 40.7782946], [-73.9711355, 40.7782784], [-73.971138, 40.7782683], [-73.9711274, 40.7782561]]}}, {"type": "Feature", "properties": {"wayId": 426324897, "name": "Glade Arch", "highway": "footway"}, "geometry": {"type": "LineString", "coordinates": [[-73.9658094, 40.7765089], [-73.9654655, 40.776523]]}}, {"type": "Feature", "properties": {"wayId": 426324898, "name": "", "highway": "footway"}, "geometry": {"type": "LineString", "coordinates": [[-73.9708613, 40.7773118], [-73.9708718, 40.7773281], [-73.9708784, 40.7773406], [-73.970885, 40.7773589], [-73.9708883, 40.7773772], [-73.9708883, 40.7773955], [-73.970885, 40.7774337], [-73.9708764, 40.7774559]]}}, {"type": "Feature", "properties": {"wayId": 426324899, "name": "", "highway": "footway"}, "geometry": {"type": "LineString", "coordinates": [[-73.9735354, 40.7743369], [-73.9734365, 40.7743368], [-73.9733674, 40.7743459], [-73.9733113, 40.7743592], [-73.9732641, 40.7743775], [-73.9732158, 40.7744033], [-73.9731708, 40.7744333], [-73.973129, 40.7744732], [-73.9731038, 40.7745089], [-73.973084, 40.7745439], [-73.9730697, 40.7745838], [-73.9730653, 40.7746237], [-73.9730642, 40.7746711], [-73.9730598, 40.774711], [-73.9730565, 40.774736], [-73.9730472, 40.7747597]]}}, {"type": "Feature", "properties": {"wayId": 426324900, "name": "", "highway": "footway"}, "geometry": {"type": "LineString", "coordinates": [[-73.9735354, 40.7743369], [-73.9736279, 40.7744609], [-73.9737548, 40.7746457], [-73.9737927, 40.7747079], [-73.9738179, 40.7747994], [-73.9738317, 40.774953], [-73.9738333, 40.7750306], [-73.9738333, 40.7751096], [-73.9738343, 40.7752569]]}}, {"type": "Feature", "properties": {"wayId": 426324901, "name": "", "highway": "footway"}, "geometry": {"type": "LineString", "coordinates": [[-73.9716044, 40.774122], [-73.9716209, 40.7740953]]}}, {"type": "Feature", "properties": {"wayId": 426324902, "name": "", "highway": "steps"}, "geometry": {"type": "LineString", "coordinates": [[-73.9715802, 40.7741669], [-73.9716044, 40.774122]]}}, {"type": "Feature", "properties": {"wayId": 426324904, "name": "", "highway": "steps"}, "geometry": {"type": "LineString", "coordinates": [[-73.9666605, 40.774869], [-73.9666132, 40.7749296]]}}, {"type": "Feature", "properties": {"wayId": 426324905, "name": "", "highway": "footway"}, "geometry": {"type": "LineString", "coordinates": [[-73.9703548, 40.7737696], [-73.9703301, 40.7738378]]}}, {"type": "Feature", "properties": {"wayId": 426324906, "name": "", "highway": "steps"}, "geometry": {"type": "LineString", "coordinates": [[-73.9703301, 40.7738378], [-73.9703147, 40.7738793]]}}, {"type": "Feature", "properties": {"wayId": 426324907, "name": "", "highway": "footway"}, "geometry": {"type": "LineString", "coordinates": [[-73.9730714, 40.774804], [-73.9730623, 40.7747869], [-73.9730472, 40.7747597]]}}, {"type": "Feature", "properties": {"wayId": 426324908, "name": "", "highway": "footway"}, "geometry": {"type": "LineString", "coordinates": [[-73.972919, 40.777698], [-73.9729728, 40.7776446], [-73.9729772, 40.7776392], [-73.9729832, 40.7776321], [-73.9729909, 40.7776238], [-73.9729981, 40.7776171], [-73.9730074, 40.7776105], [-73.9730173, 40.7776046], [-73.9730349, 40.7776005], [-73.9730557, 40.7775997], [-73.9730821, 40.7775997], [-73.9731008, 40.7776046], [-73.9731183, 40.7776138], [-73.9731348, 40.7776213], [-73.9731502, 40.7776321], [-73.9731568, 40.7776412], [-73.9731655, 40.7776545], [-73.973171, 40.777667], [-73.9731787, 40.7776795], [-73.9731886, 40.7776895], [-73.9732007, 40.7776995], [-73.9732106, 40.7777044], [-73.9732216, 40.7777144], [-73.9732336, 40.7777244], [-73.9732402, 40.7777369], [-73.9732523, 40.7777585], [-73.9732644, 40.7777843], [-73.9732787, 40.7778001], [-73.9732951, 40.7778092], [-73.9733083, 40.7778151], [-73.9733248, 40.7778225], [-73.9733402, 40.7778275], [-73.9733621, 40.777835]]}}, {"type": "Feature", "properties": {"wayId": 426324909, "name": "", "highway": "path"}, "geometry": {"type": "LineString", "coordinates": [[-73.9727885, 40.7745783], [-73.9727584, 40.7745692], [-73.9727267, 40.7745641], [-73.9726944, 40.7745632], [-73.9726623, 40.7745664], [-73.9726306, 40.774574], [-73.9726012, 40.7745856], [-73.9725749, 40.774601], [-73.9725525, 40.7746196], [-73.9725347, 40.7746408], [-73.9725222, 40.7746641], [-73.9725151, 40.7746887], [-73.9725139, 40.7747138], [-73.9725185, 40.7747387], [-73.9725287, 40.7747627], [-73.9725443, 40.7747849], [-73.9725648, 40.7748047], [-73.9725895, 40.7748215], [-73.9726177, 40.7748347], [-73.9726485, 40.7748441], [-73.9726811, 40.7748492], [-73.9727143, 40.77485], [-73.9727471, 40.7748463], [-73.9727786, 40.7748384], [-73.9728078, 40.7748264], [-73.9728338, 40.7748107], [-73.9728558, 40.7747919], [-73.9728731, 40.7747704], [-73.9728852, 40.774747], [-73.9728917, 40.7747223], [-73.9728925, 40.7746972], [-73.9728874, 40.7746723], [-73.9728767, 40.7746485], [-73.9728606, 40.7746265], [-73.9728403, 40.7746074], [-73.972816, 40.7745912], [-73.9727885, 40.7745783]]}}, {"type": "Feature", "properties": {"wayId": 426324911, "name": "", "highway": "footway"}, "geometry": {"type": "LineString", "coordinates": [[-73.9730472, 40.7747597], [-73.9730181, 40.774815], [-73.9729764, 40.7748599], [-73.9729302, 40.7748915], [-73.9728874, 40.7749131], [-73.9728514, 40.7749319], [-73.9728083, 40.7749422], [-73.9727468, 40.7749456], [-73.972682, 40.7749447], [-73.9725983, 40.7749366], [-73.9725481, 40.7749231], [-73.9725074, 40.7749023], [-73.9724789, 40.7748857], [-73.972447, 40.7748607], [-73.9724097, 40.7748183], [-73.9723822, 40.7747718], [-73.972369, 40.774726], [-73.9723668, 40.7746952], [-73.9723679, 40.774662], [-73.9723789, 40.774622], [-73.9723943, 40.7745896], [-73.9724108, 40.7745697], [-73.9724492, 40.7745222], [-73.9724887, 40.774479], [-73.9725184, 40.7744391], [-73.9725393, 40.7744125], [-73.972559, 40.7743817], [-73.97257, 40.7743559], [-73.9725788, 40.774331], [-73.9725887, 40.7743027], [-73.9725898, 40.7742769], [-73.9725909, 40.7742528], [-73.9725865, 40.7742295], [-73.9725766, 40.7742029], [-73.9725656, 40.7741679], [-73.9725535, 40.7741388], [-73.9725404, 40.7741139], [-73.9725184, 40.7740723], [-73.9724887, 40.7740307], [-73.9724624, 40.7740024], [-73.972425, 40.7739717], [-73.972391, 40.7739442], [-73.9723201, 40.7739074]]}}, {"type": "Feature", "properties": {"wayId": 426324912, "name": "", "highway": "footway"}, "geometry": {"type": "LineString", "coordinates": [[-73.9654655, 40.776523], [-73.9653619, 40.776531], [-73.9652527, 40.7765434], [-73.9651528, 40.7765715], [-73.965036, 40.7766019]]}}, {"type": "Feature", "properties": {"wayId": 426324914, "name": "", "highway": "footway"}, "geometry": {"type": "LineString", "coordinates": [[-73.9718329, 40.7788933], [-73.9718982, 40.7788463], [-73.9719553, 40.7788055], [-73.9720387, 40.778764], [-73.9721442, 40.7787249], [-73.9722028, 40.778707]]}}, {"type": "Feature", "properties": {"wayId": 426324915, "name": "", "highway": "footway"}, "geometry": {"type": "LineString", "coordinates": [[-73.9731019, 40.7779889], [-73.9730634, 40.7779539], [-73.973048, 40.7779298], [-73.9730305, 40.7779049], [-73.9730085, 40.7778816], [-73.9729821, 40.777865], [-73.9729437, 40.7778583]]}}, {"type": "Feature", "properties": {"wayId": 426324916, "name": "", "highway": "footway"}, "geometry": {"type": "LineString", "coordinates": [[-73.9703147, 40.7738793], [-73.9703104, 40.7739151], [-73.9703191, 40.7739617], [-73.9703378, 40.7740157], [-73.9703642, 40.7740698], [-73.9704048, 40.7741147], [-73.9704586, 40.7741563], [-73.970539, 40.7742015]]}}, {"type": "Feature", "properties": {"wayId": 426324917, "name": "", "highway": "steps"}, "geometry": {"type": "LineString", "coordinates": [[-73.973162, 40.7748225], [-73.9731364, 40.7748287], [-73.9731227, 40.774836], [-73.9731104, 40.7748381], [-73.9730994, 40.7748335], [-73.9730909, 40.7748266], [-73.9730821, 40.7748173], [-73.9730714, 40.774804]]}}, {"type": "Feature", "properties": {"wayId": 426324919, "name": "", "highway": "footway"}, "geometry": {"type": "LineString", "coordinates": [[-73.9728784, 40.7776791], [-73.9728352, 40.7776606], [-73.9728623, 40.7776259], [-73.9728883, 40.7775961], [-73.9729129, 40.7775585], [-73.9729385, 40.777521], [-73.9729675, 40.7775387], [-73.9729899, 40.7775618], [-73.9730155, 40.7775797], [-73.9730557, 40.7775997]]}}, {"type": "Feature", "properties": {"wayId": 426425308, "name": "", "highway": "footway"}, "geometry": {"type": "LineString", "coordinates": [[-73.973774, 40.7700656], [-73.9736827, 40.7700445], [-73.9736053, 40.7700291], [-73.9735201, 40.7700108], [-73.9734328, 40.7699887], [-73.9733483, 40.7699613], [-73.973278, 40.7699326], [-73.9732039, 40.7698997], [-73.9731467, 40.7698727], [-73.9731094, 40.7698674], [-73.9730874, 40.7698556], [-73.9730033, 40.769809]]}}, {"type": "Feature", "properties": {"wayId": 426425312, "name": "", "highway": "footway"}, "geometry": {"type": "LineString", "coordinates": [[-73.9738816, 40.7700007], [-73.9737706, 40.7699995], [-73.9737129, 40.769997], [-73.9736552, 40.7699904], [-73.9735959, 40.7699792], [-73.9735487, 40.7699679], [-73.9735042, 40.7699567], [-73.9734537, 40.769943], [-73.9734037, 40.7699272], [-73.9733609, 40.7699114], [-73.9732999, 40.769886], [-73.9732566, 40.769866], [-73.9732198, 40.7698486], [-73.9731638, 40.7698207], [-73.9731083, 40.7697928], [-73.9730446, 40.7697621]]}}, {"type": "Feature", "properties": {"wayId": 426425315, "name": "", "highway": "footway"}, "geometry": {"type": "LineString", "coordinates": [[-73.972725, 40.769909], [-73.9727769, 40.7698174]]}}, {"type": "Feature", "properties": {"wayId": 426425319, "name": "", "highway": "footway"}, "geometry": {"type": "LineString", "coordinates": [[-73.972022, 40.7728063], [-73.9718248, 40.7727618], [-73.9716705, 40.7727268], [-73.9714626, 40.7726797], [-73.9712621, 40.7726343]]}}, {"type": "Feature", "properties": {"wayId": 426425322, "name": "", "highway": "footway"}, "geometry": {"type": "LineString", "coordinates": [[-73.9726922, 40.7699502], [-73.972725, 40.769909]]}}, {"type": "Feature", "properties": {"wayId": 426425328, "name": "", "highway": "footway"}, "geometry": {"type": "LineString", "coordinates": [[-73.9733552, 40.7703838], [-73.973375, 40.7704406], [-73.9733758, 40.7704671]]}}, {"type": "Feature", "properties": {"wayId": 426425330, "name": "", "highway": "footway"}, "geometry": {"type": "LineString", "coordinates": [[-73.9739797, 40.770116], [-73.9739265, 40.7701006], [-73.973774, 40.7700656]]}}, {"type": "Feature", "properties": {"wayId": 426425334, "name": "Central Park Driveway", "highway": "footway"}, "geometry": {"type": "LineString", "coordinates": [[-73.9744472, 40.77472], [-73.9744573, 40.77468], [-73.9744751, 40.7746184]]}}, {"type": "Feature", "properties": {"wayId": 426425336, "name": "", "highway": "footway"}, "geometry": {"type": "LineString", "coordinates": [[-73.973375, 40.7704406], [-73.9732243, 40.7704541], [-73.973127, 40.7704782], [-73.9730512, 40.7704936], [-73.9729215, 40.7705424]]}}, {"type": "Feature", "properties": {"wayId": 426425338, "name": "", "highway": "footway"}, "geometry": {"type": "LineString", "coordinates": [[-73.9732243, 40.7704541], [-73.9731704, 40.7704221], [-73.9731091, 40.7703973], [-73.9730392, 40.770357], [-73.9729924, 40.7703202], [-73.9729632, 40.7702885]]}}, {"type": "Feature", "properties": {"wayId": 426425342, "name": "", "highway": "footway"}, "geometry": {"type": "LineString", "coordinates": [[-73.9725054, 40.7700068], [-73.9725742, 40.7700058], [-73.9725921, 40.7700025], [-73.9726121, 40.7700011], [-73.9726437, 40.7699966], [-73.9726694, 40.7699771], [-73.9726922, 40.7699502]]}}, {"type": "Feature", "properties": {"wayId": 426425347, "name": "", "highway": "footway"}, "geometry": {"type": "LineString", "coordinates": [[-73.9729672, 40.7712831], [-73.9729607, 40.771253], [-73.9729436, 40.7712006], [-73.9729084, 40.7711457], [-73.9728756, 40.7711043], [-73.9728298, 40.7710493], [-73.9727975, 40.7710143], [-73.9727559, 40.7709499]]}}, {"type": "Feature", "properties": {"wayId": 426425349, "name": "", "highway": "footway"}, "geometry": {"type": "LineString", "coordinates": [[-73.9745932, 40.7698488], [-73.9745488, 40.7698482], [-73.9743923, 40.7699166], [-73.974285, 40.769953], [-73.9741956, 40.7699708], [-73.9741096, 40.7699862], [-73.9740374, 40.7699941], [-73.9739803, 40.7699983], [-73.9738816, 40.7700007], [-73.973774, 40.7700656]]}}, {"type": "Feature", "properties": {"wayId": 426425353, "name": "", "highway": "footway"}, "geometry": {"type": "LineString", "coordinates": [[-73.9731094, 40.7698674], [-73.9731347, 40.7699159], [-73.9731875, 40.7699917], [-73.9732181, 40.7700366], [-73.9732478, 40.7700831], [-73.973276, 40.770142], [-73.9733027, 40.7701996], [-73.9733291, 40.7702819], [-73.9733552, 40.7703838]]}}, {"type": "Feature", "properties": {"wayId": 426502655, "name": "", "highway": "footway"}, "geometry": {"type": "LineString", "coordinates": [[-73.972337, 40.7736894], [-73.9723984, 40.7736861], [-73.9724861, 40.7736796], [-73.9725591, 40.7736784], [-73.9726274, 40.7736796], [-73.9726872, 40.7736796], [-73.9727478, 40.7736825], [-73.9728138, 40.7736878], [-73.9728976, 40.7736978], [-73.9729578, 40.7737019]]}}, {"type": "Feature", "properties": {"wayId": 426502656, "name": "", "highway": "pedestrian"}, "geometry": {"type": "LineString", "coordinates": [[-73.9754343, 40.7733886], [-73.9754295, 40.7733831], [-73.9754219, 40.7733762], [-73.9754118, 40.7733727], [-73.9754033, 40.7733709], [-73.9753916, 40.7733709], [-73.97538, 40.7733715], [-73.9753629, 40.7733774], [-73.9753187, 40.7733968], [-73.9751921, 40.7734585], [-73.9751595, 40.7734774], [-73.9752069, 40.7735273], [-73.9754343, 40.7733886]]}}, {"type": "Feature", "properties": {"wayId": 426502657, "name": "72nd Street Transverse", "highway": "footway"}, "geometry": {"type": "LineString", "coordinates": [[-73.9722457, 40.7737309], [-73.9722952, 40.773736], [-73.9724124, 40.7737278], [-73.9725405, 40.7737166], [-73.9726437, 40.7737166], [-73.9727478, 40.7737202], [-73.9728479, 40.7737319], [-73.9729038, 40.7737378], [-73.9729962, 40.7737578], [-73.9730824, 40.7737837], [-73.9731569, 40.7738101], [-73.9731965, 40.7738242], [-73.9732563, 40.7738489], [-73.9733099, 40.7738742], [-73.9733611, 40.7739018], [-73.9734224, 40.7739424], [-73.9734776, 40.7739847], [-73.9735195, 40.7740159], [-73.9735552, 40.7740435], [-73.9737184, 40.7742082], [-73.9737648, 40.7742552], [-73.973844, 40.7743275], [-73.9738906, 40.7743616], [-73.9739597, 40.774411], [-73.9740334, 40.7744563], [-73.9740994, 40.7744915], [-73.9741662, 40.7745221], [-73.974219, 40.7745427], [-73.9742997, 40.7745715], [-73.9743719, 40.7745926], [-73.9744433, 40.7746085], [-73.9744751, 40.7746184], [-73.9745721, 40.7746283], [-73.9746529, 40.7746267], [-73.9747189, 40.7746267], [-73.9748105, 40.7746215]]}}, {"type": "Feature", "properties": {"wayId": 426502658, "name": "", "highway": "pedestrian"}, "geometry": {"type": "LineString", "coordinates": [[-73.9712872, 40.7738808], [-73.9713034, 40.7738394], [-73.9713204, 40.7737957], [-73.9712558, 40.7737813], [-73.9708513, 40.7736909], [-73.9707909, 40.7736774], [-73.970776, 40.7737157], [-73.9707603, 40.7737559], [-73.9708249, 40.7737703], [-73.9708847, 40.7737837], [-73.9708876, 40.7737763], [-73.9709063, 40.7737805], [-73.9708838, 40.7738374], [-73.9710077, 40.7738653], [-73.9711397, 40.773895], [-73.97116, 40.7738436], [-73.9711795, 40.7738479], [-73.9711763, 40.773856], [-73.9712255, 40.773867], [-73.9712872, 40.7738808]]}}, {"type": "Feature", "properties": {"wayId": 426502660, "name": "", "highway": "steps"}, "geometry": {"type": "LineString", "coordinates": [[-73.9751673, 40.7734309], [-73.9751921, 40.7734585]]}}, {"type": "Feature", "properties": {"wayId": 426502661, "name": "", "highway": "steps"}, "geometry": {"type": "LineString", "coordinates": [[-73.9749252, 40.7767052], [-73.9748369, 40.7767413]]}}, {"type": "Feature", "properties": {"wayId": 426502662, "name": "", "highway": "steps"}, "geometry": {"type": "LineString", "coordinates": [[-73.9709358, 40.7740639], [-73.9709195, 40.7740903]]}}, {"type": "Feature", "properties": {"wayId": 426502664, "name": "", "highway": "footway"}, "geometry": {"type": "LineString", "coordinates": [[-73.9713889, 40.7723082], [-73.9712621, 40.7726343], [-73.971188, 40.7728246], [-73.9710248, 40.7732443], [-73.9709733, 40.7733767]]}}, {"type": "Feature", "properties": {"wayId": 426502665, "name": "", "highway": "footway"}, "geometry": {"type": "LineString", "coordinates": [[-73.9717936, 40.7724029], [-73.9716705, 40.7727268], [-73.9715989, 40.7729154], [-73.9714709, 40.7732524], [-73.9714016, 40.7734346], [-73.9713888, 40.7734684]]}}, {"type": "Feature", "properties": {"wayId": 426502666, "name": "", "highway": "footway"}, "geometry": {"type": "LineString", "coordinates": [[-73.9709195, 40.7740903], [-73.9708936, 40.7741297]]}}, {"type": "Feature", "properties": {"wayId": 426502668, "name": "", "highway": "footway"}, "geometry": {"type": "LineString", "coordinates": [[-73.9725222, 40.7733836], [-73.9724441, 40.773344]]}}, {"type": "Feature", "properties": {"wayId": 426502669, "name": "", "highway": "footway"}, "geometry": {"type": "LineString", "coordinates": [[-73.9727334, 40.7733745], [-73.9725981, 40.7733776]]}}, {"type": "Feature", "properties": {"wayId": 426502670, "name": "72nd Street Transverse", "highway": "footway"}, "geometry": {"type": "LineString", "coordinates": [[-73.9720504, 40.7737515], [-73.9719922, 40.7737785], [-73.9719161, 40.7737826], [-73.9718532, 40.773782], [-73.9717841, 40.7737756], [-73.9716949, 40.7737626], [-73.9715986, 40.773745], [-73.9714309, 40.7737062], [-73.9713009, 40.7736773], [-73.9708925, 40.7735855], [-73.9707446, 40.773551], [-73.9706452, 40.7735251], [-73.9705614, 40.7734993], [-73.9704527, 40.773464], [-73.9703603, 40.7734356], [-73.9702485, 40.7733964], [-73.9701654, 40.7733764], [-73.970108, 40.7733664], [-73.9700241, 40.7733582], [-73.9699372, 40.7733582], [-73.9698603, 40.7733634], [-73.9697594, 40.7733758], [-73.9696585, 40.773394], [-73.96957, 40.7734099], [-73.9694892, 40.7734164], [-73.9694295, 40.7734164], [-73.9693883, 40.773414], [-73.9693425, 40.7734081], [-73.9692812, 40.7733946], [-73.9692167, 40.7733729], [-73.9691492, 40.7733435], [-73.9690917, 40.7733141], [-73.9690451, 40.7732782]]}}, {"type": "Feature", "properties": {"wayId": 426502675, "name": "", "highway": "footway"}, "geometry": {"type": "LineString", "coordinates": [[-73.9719016, 40.7729825], [-73.9717501, 40.7729488], [-73.9715989, 40.7729154], [-73.9713883, 40.7728689], [-73.971188, 40.7728246]]}}, {"type": "Feature", "properties": {"wayId": 426502677, "name": "", "highway": "footway"}, "geometry": {"type": "LineString", "coordinates": [[-73.9709457, 40.7740493], [-73.9709358, 40.7740639]]}}, {"type": "Feature", "properties": {"wayId": 426502678, "name": "", "highway": "footway"}, "geometry": {"type": "LineString", "coordinates": [[-73.9737532, 40.7741837], [-73.9737184, 40.7742082], [-73.973649, 40.7742471], [-73.9735354, 40.7743369]]}}, {"type": "Feature", "properties": {"wayId": 426502679, "name": "", "highway": "steps"}, "geometry": {"type": "LineString", "coordinates": [[-73.9754743, 40.7733554], [-73.9754295, 40.7733831]]}}, {"type": "Feature", "properties": {"wayId": 426502682, "name": "", "highway": "footway"}, "geometry": {"type": "LineString", "coordinates": [[-73.9748369, 40.7767413], [-73.9747785, 40.7767728], [-73.9747475, 40.7768091], [-73.9747205, 40.7768549], [-73.9747065, 40.7769008], [-73.974693, 40.7769581], [-73.9746936, 40.7770072], [-73.9746948, 40.7770663], [-73.9746879, 40.7771054], [-73.9746715, 40.7771509], [-73.9746343, 40.7772024], [-73.9745947, 40.7772353], [-73.9745546, 40.7772713], [-73.9744801, 40.7773203], [-73.9743325, 40.7774214], [-73.9742472, 40.7774748], [-73.9741251, 40.777596], [-73.9740115, 40.7777393], [-73.9738961, 40.7778947], [-73.973758, 40.7780155], [-73.9736492, 40.7780983]]}}, {"type": "Feature", "properties": {"wayId": 426502683, "name": "", "highway": "footway"}, "geometry": {"type": "LineString", "coordinates": [[-73.9722276, 40.7738876], [-73.9721958, 40.7738143], [-73.9721672, 40.773742]]}}, {"type": "Feature", "properties": {"wayId": 426502684, "name": "", "highway": "footway"}, "geometry": {"type": "LineString", "coordinates": [[-73.9725981, 40.7733776], [-73.9725222, 40.7733836], [-73.972464, 40.7734374]]}}, {"type": "Feature", "properties": {"wayId": 426502685, "name": "", "highway": "footway"}, "geometry": {"type": "LineString", "coordinates": [[-73.9750292, 40.7740204], [-73.9749643, 40.774025], [-73.974889, 40.7740436]]}}, {"type": "Feature", "properties": {"wayId": 426502686, "name": "", "highway": "footway"}, "geometry": {"type": "LineString", "coordinates": [[-73.9727711, 40.7725675], [-73.9727272, 40.7726396], [-73.9726915, 40.7727313], [-73.9726635, 40.7728277], [-73.9726465, 40.7729088], [-73.9726371, 40.7729735], [-73.9726371, 40.7730288], [-73.9726434, 40.7730676], [-73.9726667, 40.7731123], [-73.9727055, 40.7731699], [-73.9727365, 40.7732204], [-73.9727505, 40.7732604], [-73.9727489, 40.773311], [-73.9727334, 40.7733745], [-73.972735, 40.7734192], [-73.9727552, 40.7734603], [-73.9728118, 40.7735435], [-73.9728642, 40.7736111], [-73.9729062, 40.7736549], [-73.9729578, 40.7737019], [-73.9730509, 40.7737328], [-73.9731437, 40.7737643], [-73.9732233, 40.7737966], [-73.9732885, 40.7738254], [-73.9733665, 40.7738642], [-73.9734294, 40.7739045], [-73.9735191, 40.7739689], [-73.9735909, 40.7740247], [-73.9737532, 40.7741837], [-73.9738968, 40.7743099], [-73.9739527, 40.7743457], [-73.9740253, 40.7743828], [-73.974118, 40.7744224], [-73.9741833, 40.774446], [-73.9742908, 40.7744568]]}}, {"type": "Feature", "properties": {"wayId": 426502687, "name": "", "highway": "footway"}, "geometry": {"type": "LineString", "coordinates": [[-73.9767548, 40.7740301], [-73.9764929, 40.7739335], [-73.9762839, 40.7738738], [-73.976156, 40.7738746]]}}, {"type": "Feature", "properties": {"wayId": 426502688, "name": "East Drive", "highway": "footway"}, "geometry": {"type": "LineString", "coordinates": [[-73.9693425, 40.7734081], [-73.969312, 40.7734667], [-73.9692944, 40.7735351]]}}, {"type": "Feature", "properties": {"wayId": 426502689, "name": "Nell Singer Lilac Walk", "highway": "footway"}, "geometry": {"type": "LineString", "coordinates": [[-73.9755675, 40.7746164], [-73.9754351, 40.7745261], [-73.975346, 40.7744698]]}}, {"type": "Feature", "properties": {"wayId": 426502690, "name": "", "highway": "pedestrian"}, "geometry": {"type": "LineString", "coordinates": [[-73.9713009, 40.7736773], [-73.9712771, 40.7737354], [-73.9712558, 40.7737813], [-73.9712391, 40.7738243], [-73.9712255, 40.773867]]}}, {"type": "Feature", "properties": {"wayId": 426502691, "name": "", "highway": "pedestrian"}, "geometry": {"type": "LineString", "coordinates": [[-73.9708925, 40.7735855], [-73.9708689, 40.7736439], [-73.9708513, 40.7736909], [-73.9708361, 40.7737298], [-73.9708249, 40.7737703]]}}, {"type": "Feature", "properties": {"wayId": 426502694, "name": "", "highway": "footway"}, "geometry": {"type": "LineString", "coordinates": [[-73.9716112, 40.7734718], [-73.9716079, 40.7734434], [-73.9716133, 40.7734199], [-73.9716265, 40.7733934], [-73.9716444, 40.7733599], [-73.9716638, 40.7733241], [-73.9716961, 40.7733001]]}}, {"type": "Feature", "properties": {"wayId": 426502695, "name": "", "highway": "footway"}, "geometry": {"type": "LineString", "coordinates": [[-73.9747941, 40.7730339], [-73.9748133, 40.7730834], [-73.9748583, 40.7731322], [-73.9749926, 40.7732498], [-73.975092, 40.7733474], [-73.9751308, 40.7733898], [-73.9751673, 40.7734309]]}}, {"type": "Feature", "properties": {"wayId": 427087523, "name": "", "highway": "footway"}, "geometry": {"type": "LineString", "coordinates": [[-73.9755657, 40.7684816], [-73.9757769, 40.7685627]]}}, {"type": "Feature", "properties": {"wayId": 427087524, "name": "Inscope Arch", "highway": "footway"}, "geometry": {"type": "LineString", "coordinates": [[-73.9727706, 40.7668342], [-73.9730985, 40.766724]]}}, {"type": "Feature", "properties": {"wayId": 427087525, "name": "", "highway": "footway"}, "geometry": {"type": "LineString", "coordinates": [[-73.9750942, 40.7697646], [-73.975035, 40.7697882], [-73.974997, 40.7697953], [-73.9749614, 40.769799], [-73.9749219, 40.7697938], [-73.974856, 40.7697766], [-73.9748132, 40.7697724], [-73.9747657, 40.7697734], [-73.9747153, 40.7697823], [-73.9746847, 40.7697807]]}}, {"type": "Feature", "properties": {"wayId": 427087526, "name": "", "highway": "footway"}, "geometry": {"type": "LineString", "coordinates": [[-73.9738622, 40.7695899], [-73.9738301, 40.7696334], [-73.9738004, 40.769665], [-73.973774, 40.7696925], [-73.9737433, 40.7697158], [-73.9737136, 40.7697332], [-73.9736763, 40.7697482], [-73.973639, 40.7697607], [-73.9735753, 40.7697756], [-73.973528, 40.7697823], [-73.9734425, 40.7697774]]}}, {"type": "Feature", "properties": {"wayId": 427087527, "name": "", "highway": "steps"}, "geometry": {"type": "LineString", "coordinates": [[-73.9734323, 40.7672792], [-73.9734669, 40.767298]]}}, {"type": "Feature", "properties": {"wayId": 427087528, "name": "", "highway": "steps"}, "geometry": {"type": "LineString", "coordinates": [[-73.9789677, 40.7694762], [-73.9788958, 40.7695476]]}}, {"type": "Feature", "properties": {"wayId": 427087529, "name": "", "highway": "footway"}, "geometry": {"type": "LineString", "coordinates": [[-73.9751617, 40.7697227], [-73.9750942, 40.7697646]]}}, {"type": "Feature", "properties": {"wayId": 427087530, "name": "", "highway": "footway"}, "geometry": {"type": "LineString", "coordinates": [[-73.9733792, 40.7670184], [-73.9734191, 40.7670077]]}}, {"type": "Feature", "properties": {"wayId": 427087531, "name": "", "highway": "footway"}, "geometry": {"type": "LineString", "coordinates": [[-73.9734204, 40.7670925], [-73.9733792, 40.7670184]]}}, {"type": "Feature", "properties": {"wayId": 427087532, "name": "", "highway": "footway"}, "geometry": {"type": "LineString", "coordinates": [[-73.9730206, 40.7691327], [-73.973081, 40.7689788]]}}, {"type": "Feature", "properties": {"wayId": 427087533, "name": "", "highway": "footway"}, "geometry": {"type": "LineString", "coordinates": [[-73.9788958, 40.7695476], [-73.9788808, 40.7695893], [-73.9788862, 40.7696462]]}}, {"type": "Feature", "properties": {"wayId": 427087534, "name": "", "highway": "footway"}, "geometry": {"type": "LineString", "coordinates": [[-73.973081, 40.7689788], [-73.9731162, 40.7689181], [-73.9731513, 40.7688623]]}}, {"type": "Feature", "properties": {"wayId": 427087535, "name": "", "highway": "footway"}, "geometry": {"type": "LineString", "coordinates": [[-73.9757769, 40.7685627], [-73.9760103, 40.7686391], [-73.9761864, 40.7686953], [-73.9763678, 40.7687661]]}}, {"type": "Feature", "properties": {"wayId": 427087536, "name": "", "highway": "footway"}, "geometry": {"type": "LineString", "coordinates": [[-73.9724477, 40.7667028], [-73.9724841, 40.7666487], [-73.9725225, 40.7666138], [-73.9725654, 40.7665864], [-73.9726651, 40.7665518]]}}, {"type": "Feature", "properties": {"wayId": 427087537, "name": "", "highway": "footway"}, "geometry": {"type": "LineString", "coordinates": [[-73.9749092, 40.7696299], [-73.975001, 40.7696726], [-73.9750576, 40.7696938], [-73.9750998, 40.7697096], [-73.9751617, 40.7697227]]}}, {"type": "Feature", "properties": {"wayId": 427087539, "name": "", "highway": "footway"}, "geometry": {"type": "LineString", "coordinates": [[-73.9749989, 40.768197], [-73.9749966, 40.768274], [-73.9749983, 40.7683119], [-73.9750043, 40.7683322], [-73.9750549, 40.7684037]]}}, {"type": "Feature", "properties": {"wayId": 427087540, "name": "", "highway": "footway"}, "geometry": {"type": "LineString", "coordinates": [[-73.9728715, 40.7679346], [-73.9729187, 40.7679367], [-73.9730372, 40.7679358], [-73.9733955, 40.7679327]]}}, {"type": "Feature", "properties": {"wayId": 427087541, "name": "", "highway": "footway"}, "geometry": {"type": "LineString", "coordinates": [[-73.975367, 40.7696909], [-73.9752368, 40.7697101], [-73.9751617, 40.7697227]]}}, {"type": "Feature", "properties": {"wayId": 427087542, "name": "", "highway": "footway"}, "geometry": {"type": "LineString", "coordinates": [[-73.9733239, 40.7681455], [-73.9733633, 40.7681604], [-73.9733984, 40.7681687], [-73.973427, 40.7681745], [-73.973449, 40.7681745], [-73.973483, 40.7681753], [-73.9735236, 40.768172]]}}, {"type": "Feature", "properties": {"wayId": 427087543, "name": "", "highway": "footway"}, "geometry": {"type": "LineString", "coordinates": [[-73.9752415, 40.7698117], [-73.9752734, 40.7698112], [-73.9752975, 40.7698137], [-73.9753129, 40.7698187], [-73.975325, 40.7698245], [-73.9753371, 40.769832], [-73.9753612, 40.7698478]]}}, {"type": "Feature", "properties": {"wayId": 427087544, "name": "", "highway": "footway"}, "geometry": {"type": "LineString", "coordinates": [[-73.9733792, 40.7670184], [-73.9733342, 40.7670113], [-73.9733024, 40.7669938], [-73.9732498, 40.766963], [-73.9732164, 40.7669462], [-73.9731822, 40.7669293], [-73.9731615, 40.7669208], [-73.9731164, 40.766912]]}}, {"type": "Feature", "properties": {"wayId": 427087545, "name": "", "highway": "steps"}, "geometry": {"type": "LineString", "coordinates": [[-73.9734923, 40.7669351], [-73.9735042, 40.7669103]]}}, {"type": "Feature", "properties": {"wayId": 427087546, "name": "", "highway": "footway"}, "geometry": {"type": "LineString", "coordinates": [[-73.9752368, 40.7697101], [-73.9752415, 40.7698117], [-73.9751998, 40.7698145], [-73.9751789, 40.7698204], [-73.9751635, 40.7698278], [-73.9751408, 40.7698411], [-73.9751221, 40.7698618]]}}, {"type": "Feature", "properties": {"wayId": 427087547, "name": "", "highway": "steps"}, "geometry": {"type": "LineString", "coordinates": [[-73.9725258, 40.7667926], [-73.9725719, 40.7668218], [-73.972606, 40.7668367], [-73.9726367, 40.766845], [-73.9726763, 40.7668517], [-73.972707, 40.7668517], [-73.9727301, 40.7668467], [-73.9727706, 40.7668342]]}}, {"type": "Feature", "properties": {"wayId": 427087548, "name": "", "highway": "steps"}, "geometry": {"type": "LineString", "coordinates": [[-73.9737921, 40.7681409], [-73.9737367, 40.768172], [-73.973718, 40.7681728], [-73.9736928, 40.7681703], [-73.9736587, 40.7681595], [-73.9736258, 40.7681554], [-73.9736005, 40.768157], [-73.9735621, 40.7681637], [-73.9735236, 40.768172]]}}, {"type": "Feature", "properties": {"wayId": 427087549, "name": "", "highway": "footway"}, "geometry": {"type": "LineString", "coordinates": [[-73.9733803, 40.7672468], [-73.9733891, 40.7672898], [-73.9733891, 40.7673109], [-73.9733852, 40.7673302], [-73.9733716, 40.7673501], [-73.9733581, 40.7673645], [-73.9733406, 40.7673766], [-73.9733199, 40.7673856], [-73.9732822, 40.7673969]]}}, {"type": "Feature", "properties": {"wayId": 427670433, "name": "", "highway": "footway"}, "geometry": {"type": "LineString", "coordinates": [[-73.9763532, 40.76644], [-73.9764213, 40.7664757], [-73.9764697, 40.7665073], [-73.976519, 40.7665432], [-73.9765883, 40.7666055], [-73.9765978, 40.7666161], [-73.9766031, 40.7666236], [-73.9766058, 40.7666321], [-73.9766067, 40.7666424], [-73.9766036, 40.7666521], [-73.9765905, 40.7666804], [-73.9765773, 40.7667036], [-73.9765619, 40.7667319], [-73.9765465, 40.7667569], [-73.9765356, 40.7667885], [-73.9765268, 40.7668118], [-73.9765202, 40.7668351], [-73.976502, 40.7668784]]}}, {"type": "Feature", "properties": {"wayId": 427670434, "name": "", "highway": "steps"}, "geometry": {"type": "LineString", "coordinates": [[-73.9699076, 40.7696852], [-73.969922, 40.7696582]]}}, {"type": "Feature", "properties": {"wayId": 427670435, "name": "", "highway": "steps"}, "geometry": {"type": "LineString", "coordinates": [[-73.9760225, 40.7666414], [-73.976013, 40.7665712]]}}, {"type": "Feature", "properties": {"wayId": 427670436, "name": "", "highway": "footway"}, "geometry": {"type": "LineString", "coordinates": [[-73.9692809, 40.7705786], [-73.9693258, 40.7706038]]}}, {"type": "Feature", "properties": {"wayId": 427670437, "name": "", "highway": "footway"}, "geometry": {"type": "LineString", "coordinates": [[-73.9762928, 40.7663809], [-73.9763345, 40.7663682]]}}, {"type": "Feature", "properties": {"wayId": 427670438, "name": "", "highway": "steps"}, "geometry": {"type": "LineString", "coordinates": [[-73.9762237, 40.7663776], [-73.9762621, 40.7663851], [-73.9762928, 40.7663809]]}}, {"type": "Feature", "properties": {"wayId": 427670440, "name": "", "highway": "footway"}, "geometry": {"type": "LineString", "coordinates": [[-73.9773123, 40.7674149], [-73.9772351, 40.7673572], [-73.977178, 40.7673232], [-73.9771404, 40.7673011], [-73.9770918, 40.7672827], [-73.9770481, 40.7672689], [-73.9770007, 40.7672579], [-73.9769436, 40.7672505], [-73.9768963, 40.7672487], [-73.9768465, 40.7672515], [-73.9767979, 40.7672625], [-73.9767323, 40.7672846], [-73.9766485, 40.7673214], [-73.9765647, 40.7673674], [-73.9764869, 40.7674216], [-73.9764189, 40.7674759], [-73.9763655, 40.7675256], [-73.9763242, 40.7675706], [-73.976289, 40.7676176], [-73.9762513, 40.7676755], [-73.9761882, 40.7678034], [-73.9760108, 40.7681226], [-73.9758939, 40.7683297], [-73.975856, 40.7683908]]}}, {"type": "Feature", "properties": {"wayId": 427670441, "name": "", "highway": "footway"}, "geometry": {"type": "LineString", "coordinates": [[-73.9760585, 40.7667849], [-73.9760456, 40.7667409], [-73.9760369, 40.7667036], [-73.9760225, 40.7666414]]}}, {"type": "Feature", "properties": {"wayId": 427670442, "name": "", "highway": "steps"}, "geometry": {"type": "LineString", "coordinates": [[-73.9698495, 40.7699034], [-73.9698626, 40.7698931], [-73.9698939, 40.7698756], [-73.9699121, 40.7698671], [-73.9699361, 40.7698349]]}}, {"type": "Feature", "properties": {"wayId": 427818542, "name": "Northwest Central Park Loop", "highway": "footway"}, "geometry": {"type": "LineString", "coordinates": [[-73.9704496, 40.7830563], [-73.9704395, 40.7830664], [-73.9704361, 40.783117], [-73.9704248, 40.7831498], [-73.9703982, 40.783173], [-73.9703313, 40.7832185], [-73.9702501, 40.7832609], [-73.9701553, 40.7832958], [-73.970054, 40.7833407], [-73.9699994, 40.7833771], [-73.9699548, 40.7834225], [-73.969927, 40.7834609], [-73.9699053, 40.783503]]}}, {"type": "Feature", "properties": {"wayId": 427818544, "name": "Northwest Central Park Loop", "highway": "footway"}, "geometry": {"type": "LineString", "coordinates": [[-73.9707676, 40.7820242], [-73.9706456, 40.7821521], [-73.970622, 40.7821779], [-73.9705948, 40.7822031], [-73.9705652, 40.7822256], [-73.9704742, 40.7822832], [-73.9704022, 40.7823226], [-73.9703467, 40.7823599], [-73.9703295, 40.7823737], [-73.9703181, 40.7823873], [-73.9703124, 40.7823968], [-73.9703072, 40.7824051], [-73.9703055, 40.7824127], [-73.9703054, 40.7824207], [-73.9703079, 40.7824356], [-73.9703129, 40.7824489], [-73.9703226, 40.7824612], [-73.9703367, 40.7824746], [-73.9703536, 40.7824874], [-73.970361, 40.782492], [-73.970372, 40.782497], [-73.9704882, 40.7825473], [-73.9705542, 40.7825933], [-73.9705942, 40.7826277], [-73.9706209, 40.7826691], [-73.9706362, 40.7827289], [-73.9706449, 40.7828094], [-73.9706331, 40.7828792], [-73.9705956, 40.7829286], [-73.9705756, 40.7829508]]}}, {"type": "Feature", "properties": {"wayId": 427818545, "name": "", "highway": "steps"}, "geometry": {"type": "LineString", "coordinates": [[-73.9709004, 40.767465], [-73.9710376, 40.7675208]]}}, {"type": "Feature", "properties": {"wayId": 427818546, "name": "", "highway": "steps"}, "geometry": {"type": "LineString", "coordinates": [[-73.9705756, 40.7829508], [-73.9704496, 40.7830563]]}}, {"type": "Feature", "properties": {"wayId": 427818547, "name": "", "highway": "footway"}, "geometry": {"type": "LineString", "coordinates": [[-73.9724415, 40.7656607], [-73.9722321, 40.7655735]]}}, {"type": "Feature", "properties": {"wayId": 427818548, "name": "", "highway": "footway"}, "geometry": {"type": "LineString", "coordinates": [[-73.9710376, 40.7675208], [-73.9711394, 40.7675622]]}}, {"type": "Feature", "properties": {"wayId": 427818549, "name": "", "highway": "footway"}, "geometry": {"type": "LineString", "coordinates": [[-73.9708237, 40.781967], [-73.9707676, 40.7820242]]}}, {"type": "Feature", "properties": {"wayId": 427818550, "name": "", "highway": "footway"}, "geometry": {"type": "LineString", "coordinates": [[-73.9690655, 40.7806743], [-73.9692507, 40.7807168], [-73.9693591, 40.7807376], [-73.9694506, 40.7807507], [-73.9695796, 40.7807711]]}}, {"type": "Feature", "properties": {"wayId": 427818551, "name": "", "highway": "footway"}, "geometry": {"type": "LineString", "coordinates": [[-73.9708752, 40.7674547], [-73.970907, 40.7674125], [-73.9709511, 40.7674317], [-73.9710791, 40.7672509], [-73.9711965, 40.7673004], [-73.9710376, 40.7675208]]}}, {"type": "Feature", "properties": {"wayId": 428576360, "name": "", "highway": "footway"}, "geometry": {"type": "LineString", "coordinates": [[-73.9578793, 40.7931983], [-73.9577313, 40.7932169], [-73.9576486, 40.793231], [-73.9575419, 40.7932502], [-73.9574758, 40.7932619], [-73.9575072, 40.7933128], [-73.9575165, 40.7933593], [-73.9575152, 40.7934088], [-73.9575112, 40.7934391], [-73.9575112, 40.7934764], [-73.9575179, 40.7935027], [-73.957537, 40.7935403]]}}, {"type": "Feature", "properties": {"wayId": 428576363, "name": "", "highway": "footway"}, "geometry": {"type": "LineString", "coordinates": [[-73.9608538, 40.7934801], [-73.9609121, 40.7935435]]}}, {"type": "Feature", "properties": {"wayId": 428576364, "name": "", "highway": "steps"}, "geometry": {"type": "LineString", "coordinates": [[-73.9621576, 40.7920748], [-73.9621028, 40.7921232]]}}, {"type": "Feature", "properties": {"wayId": 428576366, "name": "", "highway": "footway"}, "geometry": {"type": "LineString", "coordinates": [[-73.9614185, 40.7920626], [-73.9613941, 40.7921415]]}}, {"type": "Feature", "properties": {"wayId": 428576367, "name": "", "highway": "footway"}, "geometry": {"type": "LineString", "coordinates": [[-73.9621757, 40.7920236], [-73.9621576, 40.7920748]]}}, {"type": "Feature", "properties": {"wayId": 428576368, "name": "Northwest Central Park Loop", "highway": "steps"}, "geometry": {"type": "LineString", "coordinates": [[-73.9627672, 40.7915219], [-73.962736, 40.7915414]]}}, {"type": "Feature", "properties": {"wayId": 428576370, "name": "", "highway": "steps"}, "geometry": {"type": "LineString", "coordinates": [[-73.9614335, 40.7920188], [-73.9614185, 40.7920626]]}}, {"type": "Feature", "properties": {"wayId": 428576371, "name": "", "highway": "footway"}, "geometry": {"type": "LineString", "coordinates": [[-73.9595803, 40.7912608], [-73.9592843, 40.7912265], [-73.9590415, 40.7911937], [-73.9589942, 40.7911922], [-73.9589482, 40.7912149], [-73.9589329, 40.7912285], [-73.9589175, 40.7912462], [-73.9589075, 40.7912613], [-73.9588975, 40.7912825], [-73.9588862, 40.7913335], [-73.9588448, 40.7915789], [-73.9587708, 40.7915688], [-73.9587481, 40.7915658], [-73.9587221, 40.7915602], [-73.9586701, 40.7915466], [-73.9586254, 40.791533], [-73.9585834, 40.7915173], [-73.958508, 40.791488], [-73.958408, 40.7914537], [-73.958298, 40.7914359]]}}, {"type": "Feature", "properties": {"wayId": 428576375, "name": "", "highway": "footway"}, "geometry": {"type": "LineString", "coordinates": [[-73.9615086, 40.7918463], [-73.9614745, 40.7919324], [-73.9614335, 40.7920188]]}}, {"type": "Feature", "properties": {"wayId": 428576376, "name": "", "highway": "footway"}, "geometry": {"type": "LineString", "coordinates": [[-73.9596015, 40.7911344], [-73.9595803, 40.7912608]]}}, {"type": "Feature", "properties": {"wayId": 428576378, "name": "North Woods", "highway": "footway"}, "geometry": {"type": "LineString", "coordinates": [[-73.9583644, 40.7934776], [-73.9583693, 40.7934659], [-73.9583718, 40.79345], [-73.958368, 40.7934328], [-73.9583571, 40.7934123], [-73.9583452, 40.7933954], [-73.9583356, 40.7933761], [-73.9583336, 40.7933604], [-73.9583329, 40.7933465], [-73.9583385, 40.7933285], [-73.9583485, 40.7933134]]}}, {"type": "Feature", "properties": {"wayId": 428576380, "name": "", "highway": "footway"}, "geometry": {"type": "LineString", "coordinates": [[-73.9627132, 40.7915588], [-73.9626567, 40.7915301], [-73.9626054, 40.7915061], [-73.9625566, 40.7914803], [-73.9625218, 40.7914578]]}}, {"type": "Feature", "properties": {"wayId": 428576382, "name": "", "highway": "steps"}, "geometry": {"type": "LineString", "coordinates": [[-73.9615065, 40.7917718], [-73.9615185, 40.7918092], [-73.9615086, 40.7918463]]}}, {"type": "Feature", "properties": {"wayId": 428576383, "name": "", "highway": "footway"}, "geometry": {"type": "LineString", "coordinates": [[-73.9591546, 40.7905097], [-73.9590001, 40.7905114], [-73.9588707, 40.7905073], [-73.9586999, 40.7904871], [-73.9585706, 40.79047], [-73.9584282, 40.7904399]]}}, {"type": "Feature", "properties": {"wayId": 428576385, "name": "", "highway": "footway"}, "geometry": {"type": "LineString", "coordinates": [[-73.9578751, 40.7942876], [-73.9579074, 40.7943001], [-73.9579284, 40.7943063], [-73.9579505, 40.7943097], [-73.9579753, 40.7943104], [-73.9579715, 40.7942694], [-73.9579753, 40.7942393], [-73.9579858, 40.7942149], [-73.9580015, 40.794191], [-73.9580233, 40.7941666], [-73.9580518, 40.7941399], [-73.9580961, 40.7941001], [-73.9581366, 40.7940575], [-73.9581486, 40.7940388], [-73.9581554, 40.7940172], [-73.9581499, 40.7940001], [-73.9581394, 40.7939768]]}}, {"type": "Feature", "properties": {"wayId": 428576388, "name": "", "highway": "footway"}, "geometry": {"type": "LineString", "coordinates": [[-73.9608634, 40.7911836], [-73.9607378, 40.7911185], [-73.9606324, 40.7910478], [-73.960543, 40.7909751], [-73.9604697, 40.7909104], [-73.9603683, 40.7908054], [-73.9603069, 40.7907478], [-73.9602045, 40.7906932]]}}, {"type": "Feature", "properties": {"wayId": 429504381, "name": "Central Park Driveway", "highway": "path"}, "geometry": {"type": "LineString", "coordinates": [[-73.9728606, 40.7746265], [-73.9729181, 40.7745635], [-73.9729997, 40.7744738], [-73.9730502, 40.7744289], [-73.9730953, 40.774394], [-73.9731694, 40.7743479], [-73.9732095, 40.7743266], [-73.9732688, 40.7743033], [-73.973355, 40.7742832], [-73.973425, 40.7742666], [-73.973649, 40.7742471]]}}, {"type": "Feature", "properties": {"wayId": 429887432, "name": "", "highway": "footway"}, "geometry": {"type": "LineString", "coordinates": [[-73.9696145, 40.7798035], [-73.9696312, 40.7797979], [-73.9696528, 40.7797992], [-73.9696658, 40.7798051], [-73.9696814, 40.7798186], [-73.9696901, 40.7798356], [-73.9696918, 40.7798452], [-73.9696914, 40.7798566], [-73.9696879, 40.7798704], [-73.9696823, 40.7798835], [-73.9696736, 40.7798944], [-73.9696606, 40.7799019], [-73.9696446, 40.7799094], [-73.9696299, 40.7799137], [-73.9696073, 40.7799147], [-73.96959, 40.7799124], [-73.9695766, 40.7799071], [-73.9695649, 40.7799012], [-73.9695586, 40.7798904]]}}, {"type": "Feature", "properties": {"wayId": 429887434, "name": "", "highway": "steps"}, "geometry": {"type": "LineString", "coordinates": [[-73.9691191, 40.7795558], [-73.9691642, 40.7795748]]}}, {"type": "Feature", "properties": {"wayId": 429887435, "name": "", "highway": "footway"}, "geometry": {"type": "LineString", "coordinates": [[-73.9692836, 40.7804942], [-73.9691714, 40.7804447]]}}, {"type": "Feature", "properties": {"wayId": 429887436, "name": "", "highway": "footway"}, "geometry": {"type": "LineString", "coordinates": [[-73.9701384, 40.7797825], [-73.9701923, 40.7797976]]}}, {"type": "Feature", "properties": {"wayId": 429887437, "name": "", "highway": "steps"}, "geometry": {"type": "LineString", "coordinates": [[-73.9695595, 40.7798681], [-73.9695586, 40.7798904]]}}, {"type": "Feature", "properties": {"wayId": 429887438, "name": "", "highway": "footway"}, "geometry": {"type": "LineString", "coordinates": [[-73.9700615, 40.7798435], [-73.9700723, 40.7798044]]}}, {"type": "Feature", "properties": {"wayId": 429887439, "name": "", "highway": "footway"}, "geometry": {"type": "LineString", "coordinates": [[-73.9702664, 40.7798225], [-73.9702948, 40.7798225]]}}, {"type": "Feature", "properties": {"wayId": 429887440, "name": "", "highway": "steps"}, "geometry": {"type": "LineString", "coordinates": [[-73.9656786, 40.7796962], [-73.9655539, 40.7796667]]}}, {"type": "Feature", "properties": {"wayId": 429887441, "name": "", "highway": "steps"}, "geometry": {"type": "LineString", "coordinates": [[-73.9667393, 40.7789566], [-73.9667484, 40.7789609]]}}, {"type": "Feature", "properties": {"wayId": 429887442, "name": "", "highway": "footway"}, "geometry": {"type": "LineString", "coordinates": [[-73.9695725, 40.7798386], [-73.9695595, 40.7798681]]}}, {"type": "Feature", "properties": {"wayId": 429887443, "name": "", "highway": "footway"}, "geometry": {"type": "LineString", "coordinates": [[-73.9691826, 40.7802908], [-73.969132, 40.7802825]]}}, {"type": "Feature", "properties": {"wayId": 429887444, "name": "", "highway": "footway"}, "geometry": {"type": "LineString", "coordinates": [[-73.9641951, 40.7828471], [-73.9642351, 40.7827864]]}}, {"type": "Feature", "properties": {"wayId": 429887445, "name": "", "highway": "steps"}, "geometry": {"type": "LineString", "coordinates": [[-73.9657811, 40.7797197], [-73.9656786, 40.7796962]]}}, {"type": "Feature", "properties": {"wayId": 429887446, "name": "", "highway": "footway"}, "geometry": {"type": "LineString", "coordinates": [[-73.964712, 40.7825742], [-73.9646322, 40.782541], [-73.9642903, 40.7823986], [-73.9642166, 40.7823679]]}}, {"type": "Feature", "properties": {"wayId": 429887447, "name": "", "highway": "steps"}, "geometry": {"type": "LineString", "coordinates": [[-73.9692247, 40.7803256], [-73.9691826, 40.7802908]]}}, {"type": "Feature", "properties": {"wayId": 429887448, "name": "", "highway": "steps"}, "geometry": {"type": "LineString", "coordinates": [[-73.9691191, 40.7792573], [-73.9690887, 40.7792988]]}}, {"type": "Feature", "properties": {"wayId": 429887449, "name": "", "highway": "steps"}, "geometry": {"type": "LineString", "coordinates": [[-73.9695876, 40.7798195], [-73.9696145, 40.7798035]]}}, {"type": "Feature", "properties": {"wayId": 429887450, "name": "", "highway": "steps"}, "geometry": {"type": "LineString", "coordinates": [[-73.9699526, 40.7798384], [-73.9698744, 40.7798081]]}}, {"type": "Feature", "properties": {"wayId": 429887451, "name": "", "highway": "steps"}, "geometry": {"type": "LineString", "coordinates": [[-73.9700468, 40.7799333], [-73.9700615, 40.7798435]]}}, {"type": "Feature", "properties": {"wayId": 429887452, "name": "", "highway": "footway"}, "geometry": {"type": "LineString", "coordinates": [[-73.9641951, 40.7828471], [-73.9641396, 40.7828235], [-73.9641102, 40.7827972], [-73.9640842, 40.7827736], [-73.9640686, 40.78275], [-73.9640495, 40.7827185], [-73.9640443, 40.782687], [-73.9640426, 40.7826529], [-73.9640443, 40.7826293], [-73.9640495, 40.7826018], [-73.9642166, 40.7823679], [-73.9643579, 40.7821701], [-73.964396, 40.7821321], [-73.9644341, 40.7821072], [-73.9644705, 40.7820888], [-73.9645069, 40.7820783], [-73.9645398, 40.7820704], [-73.9645814, 40.7820652], [-73.9646143, 40.7820665], [-73.9646507, 40.7820678], [-73.9647304, 40.7820883], [-73.9646888, 40.7821521]]}}, {"type": "Feature", "properties": {"wayId": 429887454, "name": "", "highway": "footway"}, "geometry": {"type": "LineString", "coordinates": [[-73.9689925, 40.780647], [-73.9690038, 40.7806224], [-73.9690843, 40.7805047]]}}, {"type": "Feature", "properties": {"wayId": 429887455, "name": "", "highway": "footway"}, "geometry": {"type": "LineString", "coordinates": [[-73.9689105, 40.7806147], [-73.9689193, 40.7805841], [-73.9688685, 40.7804232]]}}, {"type": "Feature", "properties": {"wayId": 429887456, "name": "", "highway": "footway"}, "geometry": {"type": "LineString", "coordinates": [[-73.9667484, 40.7789609], [-73.9667773, 40.7789735], [-73.9668077, 40.7789866]]}}, {"type": "Feature", "properties": {"wayId": 429887457, "name": "", "highway": "steps"}, "geometry": {"type": "LineString", "coordinates": [[-73.9699441, 40.7796841], [-73.9699099, 40.7797028], [-73.9698943, 40.7797218]]}}, {"type": "Feature", "properties": {"wayId": 429887458, "name": "", "highway": "footway"}, "geometry": {"type": "LineString", "coordinates": [[-73.966468, 40.7827176], [-73.9665161, 40.7826622]]}}, {"type": "Feature", "properties": {"wayId": 429887459, "name": "", "highway": "steps"}, "geometry": {"type": "LineString", "coordinates": [[-73.9695187, 40.7798453], [-73.9694883, 40.7798997], [-73.9694753, 40.7799332], [-73.9694607, 40.779981]]}}, {"type": "Feature", "properties": {"wayId": 429887460, "name": "", "highway": "footway"}, "geometry": {"type": "LineString", "coordinates": [[-73.9694634, 40.7801897], [-73.9692645, 40.7801498], [-73.9692567, 40.7801393], [-73.9692532, 40.7801275], [-73.9692463, 40.7801203], [-73.9692359, 40.7801144], [-73.9692221, 40.7801118], [-73.9692108, 40.7801144], [-73.9692021, 40.7801196], [-73.9691987, 40.780126], [-73.9691967, 40.7801326], [-73.9691943, 40.7801567], [-73.9691792, 40.7802033], [-73.9691651, 40.7802292], [-73.9691372, 40.7802726], [-73.969132, 40.7802825], [-73.9691075, 40.7803049], [-73.9690612, 40.7803482], [-73.9690187, 40.7803774], [-73.9689765, 40.7803987], [-73.9689355, 40.7804104], [-73.9688992, 40.7804178], [-73.9688736, 40.7804224], [-73.9688685, 40.7804232], [-73.9688374, 40.7804279], [-73.9687946, 40.7804289], [-73.9687419, 40.7804286], [-73.9687025, 40.7804266], [-73.9686694, 40.7804217], [-73.9686388, 40.780416], [-73.9686031, 40.7804061], [-73.9685661, 40.780394], [-73.968536, 40.7803814], [-73.9685078, 40.7803666], [-73.9684755, 40.7803461], [-73.9683928, 40.7802823], [-73.9683489, 40.7803191], [-73.9683333, 40.7803389], [-73.9683216, 40.7803586], [-73.968312, 40.7803833], [-73.9683071, 40.7804112], [-73.9683075, 40.7804411], [-73.9683088, 40.7804932]]}}, {"type": "Feature", "properties": {"wayId": 429887461, "name": "", "highway": "footway"}, "geometry": {"type": "LineString", "coordinates": [[-73.9692645, 40.7801498], [-73.9692459, 40.7801537], [-73.9692273, 40.780157], [-73.9692173, 40.7801583], [-73.9691943, 40.7801567]]}}, {"type": "Feature", "properties": {"wayId": 429887462, "name": "", "highway": "pedestrian"}, "geometry": {"type": "LineString", "coordinates": [[-73.9667149, 40.7789907], [-73.9665854, 40.7789378], [-73.9666418, 40.7788587], [-73.9667713, 40.7789116], [-73.9667393, 40.7789566], [-73.9667149, 40.7789907]]}}, {"type": "Feature", "properties": {"wayId": 429887465, "name": "", "highway": "pedestrian"}, "geometry": {"type": "LineString", "coordinates": [[-73.9669384, 40.7790854], [-73.9669185, 40.7790956], [-73.9668973, 40.7791028], [-73.9668791, 40.7791054], [-73.9668622, 40.7791054], [-73.9668518, 40.7791041], [-73.9668375, 40.779099], [-73.9668224, 40.779091], [-73.9668133, 40.7790815], [-73.9668037, 40.7790674], [-73.9667994, 40.7790539], [-73.9667998, 40.7790267], [-73.9667924, 40.7790266], [-73.9667925, 40.7790186], [-73.966795, 40.7790112], [-73.9668, 40.7790009], [-73.9668077, 40.7789866], [-73.9668188, 40.7789728], [-73.9668279, 40.7789617], [-73.9668379, 40.7789532], [-73.9668504, 40.7789441], [-73.9668556, 40.77895], [-73.9668673, 40.7789438], [-73.9668783, 40.7789394], [-73.9668887, 40.7789354], [-73.9668994, 40.7789327], [-73.9669056, 40.7789309], [-73.9669102, 40.7789294], [-73.9669405, 40.7789299], [-73.966949, 40.7789318], [-73.9669557, 40.778935], [-73.9669635, 40.7789397], [-73.9669691, 40.7789432], [-73.9669756, 40.7789486], [-73.9669825, 40.7789551], [-73.9669871, 40.7789609], [-73.9669907, 40.7789655], [-73.966992, 40.7789702], [-73.9669929, 40.7789743], [-73.9669936, 40.7789787], [-73.9669944, 40.7789855], [-73.9669946, 40.7789907], [-73.9669942, 40.778996], [-73.966994, 40.7790078], [-73.9669919, 40.7790168], [-73.966991, 40.7790207], [-73.9669877, 40.7790289], [-73.9669832, 40.7790383], [-73.9669786, 40.7790455], [-73.9669717, 40.7790539], [-73.9669632, 40.779063], [-73.9669591, 40.7790675], [-73.9669533, 40.7790725], [-73.9669464, 40.7790788], [-73.9669384, 40.7790854]]}}, {"type": "Feature", "properties": {"wayId": 429887466, "name": "", "highway": "footway"}, "geometry": {"type": "LineString", "coordinates": [[-73.9698943, 40.7797218], [-73.9698956, 40.7797356], [-73.9699038, 40.7797451], [-73.9699138, 40.779751], [-73.9699276, 40.7797552], [-73.9699441, 40.7797595], [-73.9699575, 40.7797661], [-73.9699666, 40.7797759], [-73.9699723, 40.7797861], [-73.9699723, 40.7797959], [-73.969971, 40.7798081], [-73.9699653, 40.7798222], [-73.9699567, 40.7798346], [-73.9699526, 40.7798384], [-73.9699476, 40.7798431], [-73.9699354, 40.779852], [-73.9699233, 40.7798589], [-73.9699095, 40.7798658], [-73.9698965, 40.7798707], [-73.9698822, 40.7798759], [-73.9698713, 40.7798786], [-73.9698605, 40.7798799], [-73.9698501, 40.7798802], [-73.9698397, 40.7798799], [-73.9698315, 40.7798779], [-73.9698246, 40.7798737], [-73.9698185, 40.7798661], [-73.9698172, 40.7798589], [-73.969822, 40.7798507], [-73.9698276, 40.7798409], [-73.9698354, 40.779833], [-73.969851, 40.7798225], [-73.9698618, 40.7798156], [-73.9698744, 40.7798081], [-73.9698809, 40.7798012], [-73.9698813, 40.7797949], [-73.9698796, 40.7797874], [-73.9698765, 40.7797782], [-73.9698687, 40.779768], [-73.9698397, 40.779729], [-73.9698302, 40.7797211], [-73.9698228, 40.7797179], [-73.9698137, 40.7797179], [-73.9698068, 40.7797198], [-73.9697994, 40.7797224], [-73.9697938, 40.779727], [-73.9697903, 40.7797306], [-73.9697877, 40.7797356], [-73.9697843, 40.7797425], [-73.9697838, 40.77975], [-73.9697838, 40.7797575], [-73.9697834, 40.7797651], [-73.969783, 40.779773], [-73.9697804, 40.7797792], [-73.9697747, 40.7797851], [-73.969767, 40.7797897], [-73.9697605, 40.7797903], [-73.9697514, 40.779788], [-73.9697423, 40.7797831], [-73.9697314, 40.7797776], [-73.9697054, 40.7797618], [-73.9696877, 40.779752], [-73.9696574, 40.7797366], [-73.9696224, 40.7797185]]}}, {"type": "Feature", "properties": {"wayId": 429887467, "name": "", "highway": "footway"}, "geometry": {"type": "LineString", "coordinates": [[-73.9691642, 40.7795748], [-73.9692301, 40.779603], [-73.96929, 40.7796393], [-73.9693454, 40.7796819], [-73.9694086, 40.7797416], [-73.9694667, 40.7797836], [-73.9695291, 40.7798224], [-73.9695187, 40.7798453]]}}, {"type": "Feature", "properties": {"wayId": 429921872, "name": "", "highway": "footway"}, "geometry": {"type": "LineString", "coordinates": [[-73.9625668, 40.7942088], [-73.9625258, 40.7942238]]}}, {"type": "Feature", "properties": {"wayId": 429921873, "name": "North Woods", "highway": "steps"}, "geometry": {"type": "LineString", "coordinates": [[-73.9610286, 40.7958841], [-73.9609879, 40.795889], [-73.9609071, 40.7959033]]}}, {"type": "Feature", "properties": {"wayId": 429921874, "name": "North Woods", "highway": "footway"}, "geometry": {"type": "LineString", "coordinates": [[-73.9609071, 40.7959033], [-73.9608671, 40.795905], [-73.9608359, 40.7959007], [-73.9607217, 40.795872], [-73.9606248, 40.7958501], [-73.9605816, 40.7958412], [-73.9605584, 40.7958364], [-73.9604925, 40.7958254], [-73.9604346, 40.7958233], [-73.9603813, 40.7958281], [-73.9603305, 40.7958353], [-73.9602766, 40.7958472], [-73.9602522, 40.7958556], [-73.9602311, 40.7958678], [-73.960203, 40.7958816], [-73.9601926, 40.7958924], [-73.9601791, 40.7959063], [-73.9601602, 40.7959311], [-73.9601384, 40.7959735], [-73.9601104, 40.7960312], [-73.960089, 40.7960864], [-73.9600823, 40.7961104], [-73.96008, 40.7961283], [-73.9600784, 40.796152], [-73.9600805, 40.796229], [-73.9600826, 40.7963727], [-73.9600817, 40.7964529], [-73.9600772, 40.7964911], [-73.9600648, 40.7965379], [-73.9600485, 40.7965917], [-73.9600248, 40.7966274], [-73.9599787, 40.796686], [-73.959944, 40.7967232], [-73.9599013, 40.7967536], [-73.9598784, 40.7967643], [-73.9598554, 40.796775], [-73.9598065, 40.7967906], [-73.9597267, 40.7968044], [-73.9596532, 40.7968144]]}}, {"type": "Feature", "properties": {"wayId": 429921878, "name": "", "highway": "steps"}, "geometry": {"type": "LineString", "coordinates": [[-73.9625258, 40.7942238], [-73.962385, 40.7942611], [-73.9622677, 40.7943238]]}}, {"type": "Feature", "properties": {"wayId": 430251934, "name": "", "highway": "steps"}, "geometry": {"type": "LineString", "coordinates": [[-73.9588977, 40.7957115], [-73.9588565, 40.7958173]]}}, {"type": "Feature", "properties": {"wayId": 430251935, "name": "", "highway": "footway"}, "geometry": {"type": "LineString", "coordinates": [[-73.9575731, 40.8000199], [-73.9575736, 40.8000492]]}}, {"type": "Feature", "properties": {"wayId": 430251936, "name": "", "highway": "footway"}, "geometry": {"type": "LineString", "coordinates": [[-73.9582022, 40.7999014], [-73.9581733, 40.7998777], [-73.9581402, 40.7998595]]}}, {"type": "Feature", "properties": {"wayId": 430251939, "name": "Northwest Central Park Loop", "highway": "footway"}, "geometry": {"type": "LineString", "coordinates": [[-73.95976, 40.7945378], [-73.9597115, 40.7945251], [-73.9596771, 40.7945196], [-73.9596546, 40.7945166], [-73.9596332, 40.7945166], [-73.9596113, 40.7945196], [-73.9595995, 40.7945247], [-73.9595865, 40.7945341], [-73.9595696, 40.7945498], [-73.9595421, 40.7945818], [-73.9595106, 40.7946129], [-73.9594779, 40.7946384], [-73.9594391, 40.7946538], [-73.9594031, 40.7946623], [-73.9593564, 40.7946666], [-73.9592914, 40.7946644], [-73.9592653, 40.794662]]}}, {"type": "Feature", "properties": {"wayId": 430251940, "name": "", "highway": "steps"}, "geometry": {"type": "LineString", "coordinates": [[-73.9595483, 40.7951696], [-73.9594948, 40.795208], [-73.9594138, 40.7952596], [-73.959383, 40.7952733]]}}, {"type": "Feature", "properties": {"wayId": 430251941, "name": "", "highway": "pedestrian"}, "geometry": {"type": "LineString", "coordinates": [[-73.9597537, 40.7981441], [-73.9597174, 40.7980464], [-73.9596395, 40.7980154], [-73.9596808, 40.7979479], [-73.9596597, 40.7978911], [-73.9599363, 40.7978315], [-73.9599934, 40.7978183], [-73.9598813, 40.7979707], [-73.9597537, 40.7981441]]}}, {"type": "Feature", "properties": {"wayId": 430251942, "name": "North Woods", "highway": "footway"}, "geometry": {"type": "LineString", "coordinates": [[-73.9597171, 40.7974996], [-73.9597108, 40.7974824], [-73.9596862, 40.7974053], [-73.9596748, 40.7973677], [-73.9596632, 40.7973283], [-73.9596429, 40.797281], [-73.959632, 40.7972591], [-73.9596189, 40.7972373], [-73.9596074, 40.7972233], [-73.9595967, 40.7972125], [-73.9595711, 40.7971898], [-73.9595466, 40.7971681], [-73.9595176, 40.7971427]]}}, {"type": "Feature", "properties": {"wayId": 430633036, "name": "", "highway": "steps"}, "geometry": {"type": "LineString", "coordinates": [[-73.9537773, 40.7920791], [-73.9538263, 40.7920439]]}}, {"type": "Feature", "properties": {"wayId": 430633037, "name": "", "highway": "steps"}, "geometry": {"type": "LineString", "coordinates": [[-73.9535704, 40.7915086], [-73.9535436, 40.7915404]]}}, {"type": "Feature", "properties": {"wayId": 430633038, "name": "", "highway": "steps"}, "geometry": {"type": "LineString", "coordinates": [[-73.9534236, 40.7916472], [-73.9533973, 40.7916677]]}}, {"type": "Feature", "properties": {"wayId": 430633040, "name": "", "highway": "footway"}, "geometry": {"type": "LineString", "coordinates": [[-73.9536225, 40.7921761], [-73.9535807, 40.7921991], [-73.9536072, 40.7922469]]}}, {"type": "Feature", "properties": {"wayId": 430633041, "name": "", "highway": "footway"}, "geometry": {"type": "LineString", "coordinates": [[-73.9532683, 40.7917773], [-73.9531306, 40.7917076]]}}, {"type": "Feature", "properties": {"wayId": 430633042, "name": "", "highway": "footway"}, "geometry": {"type": "LineString", "coordinates": [[-73.9535436, 40.7915404], [-73.9534686, 40.7916131], [-73.9534236, 40.7916472]]}}, {"type": "Feature", "properties": {"wayId": 430633043, "name": "", "highway": "footway"}, "geometry": {"type": "LineString", "coordinates": [[-73.9533973, 40.7916677], [-73.9533463, 40.7917154]]}}, {"type": "Feature", "properties": {"wayId": 431046992, "name": "Huddlestone Arch", "highway": "footway"}, "geometry": {"type": "LineString", "coordinates": [[-73.9557532, 40.7957478], [-73.9555846, 40.7958076]]}}, {"type": "Feature", "properties": {"wayId": 431046994, "name": "", "highway": "footway"}, "geometry": {"type": "LineString", "coordinates": [[-73.9568006, 40.7988401], [-73.9568066, 40.7988543], [-73.9568096, 40.7988662], [-73.9568103, 40.7988844], [-73.9568088, 40.7988969], [-73.9568058, 40.7989077], [-73.9568028, 40.7989179], [-73.9567931, 40.7989293], [-73.9567833, 40.7989389], [-73.9567736, 40.7989452]]}}, {"type": "Feature", "properties": {"wayId": 431046995, "name": "", "highway": "footway"}, "geometry": {"type": "LineString", "coordinates": [[-73.9560253, 40.795585], [-73.9560356, 40.7955967], [-73.956045, 40.7956015], [-73.95606, 40.7956089], [-73.9560686, 40.7956138], [-73.9560768, 40.795618], [-73.9560828, 40.7956226], [-73.9560877, 40.7956282], [-73.956093, 40.7956339], [-73.9560997, 40.7956396]]}}, {"type": "Feature", "properties": {"wayId": 431046996, "name": "", "highway": "footway"}, "geometry": {"type": "LineString", "coordinates": [[-73.9557698, 40.7944603], [-73.9557893, 40.7945443], [-73.9558925, 40.7946154], [-73.9559481, 40.7946529], [-73.9559901, 40.7946733], [-73.9560184, 40.79468], [-73.9560381, 40.7946847], [-73.9561161, 40.7946915], [-73.9562692, 40.794696], [-73.9563194, 40.7946952], [-73.9565693, 40.794691]]}}, {"type": "Feature", "properties": {"wayId": 431046997, "name": "", "highway": "footway"}, "geometry": {"type": "LineString", "coordinates": [[-73.955203, 40.7950461], [-73.9552053, 40.7950283], [-73.9552075, 40.7950101], [-73.9552098, 40.7949982], [-73.9552105, 40.7949903], [-73.9552128, 40.7949806], [-73.9552165, 40.7949709], [-73.9552488, 40.794934], [-73.9552908, 40.7948892], [-73.9552818, 40.7947653], [-73.9549903, 40.7946985]]}}, {"type": "Feature", "properties": {"wayId": 431046999, "name": "", "highway": "footway"}, "geometry": {"type": "LineString", "coordinates": [[-73.9567346, 40.798956], [-73.9567136, 40.7989583], [-73.9566971, 40.79896], [-73.956682, 40.7989628], [-73.9566715, 40.7989639], [-73.956655, 40.7989639], [-73.9566438, 40.7989611], [-73.9566168, 40.7989492], [-73.956604, 40.7989429], [-73.9565913, 40.7989389], [-73.9565823, 40.7989378], [-73.956574, 40.7989384]]}}, {"type": "Feature", "properties": {"wayId": 431047000, "name": "", "highway": "footway"}, "geometry": {"type": "LineString", "coordinates": [[-73.9604409, 40.7967234], [-73.9603043, 40.7969302], [-73.9602248, 40.7970676], [-73.9601737, 40.7971324], [-73.9600747, 40.7972193], [-73.9600124, 40.7972732], [-73.9599569, 40.7973147], [-73.9599202, 40.797343], [-73.9598856, 40.7973704], [-73.959864, 40.7973896], [-73.9598414, 40.7974067], [-73.9597661, 40.7974516]]}}, {"type": "Feature", "properties": {"wayId": 431047003, "name": "", "highway": "footway"}, "geometry": {"type": "LineString", "coordinates": [[-73.9567605, 40.7955854], [-73.9567283, 40.7955706], [-73.9567095, 40.7955643], [-73.9566885, 40.7955609], [-73.956669, 40.7955592], [-73.9566503, 40.7955581], [-73.9566367, 40.7955581], [-73.956624, 40.7955609], [-73.9566112, 40.7955643], [-73.9565987, 40.7955677], [-73.9565908, 40.7955693], [-73.9565809, 40.7955707], [-73.9565692, 40.7955723]]}}, {"type": "Feature", "properties": {"wayId": 431047005, "name": "", "highway": "footway"}, "geometry": {"type": "LineString", "coordinates": [[-73.9606292, 40.7963048], [-73.9606397, 40.7963667], [-73.9606509, 40.7964167], [-73.9606562, 40.7964491], [-73.9606562, 40.7964656], [-73.9606509, 40.7964786], [-73.9606434, 40.7964877], [-73.9606292, 40.7964934], [-73.9605909, 40.7965047], [-73.9605324, 40.7965218], [-73.9604746, 40.7965366], [-73.9604446, 40.7965525], [-73.9604153, 40.7965701], [-73.9603868, 40.7966064]]}}, {"type": "Feature", "properties": {"wayId": 431047006, "name": "Northwest Central Park Loop", "highway": "footway"}, "geometry": {"type": "LineString", "coordinates": [[-73.9564275, 40.7975626], [-73.9563957, 40.7975268], [-73.9563747, 40.7974984], [-73.9563417, 40.7974473], [-73.9563169, 40.7974013], [-73.9562952, 40.7973609], [-73.9562772, 40.7973183], [-73.9562622, 40.7972922], [-73.9562464, 40.7972695], [-73.9562261, 40.7972507], [-73.9561856, 40.797224], [-73.9561279, 40.7971934], [-73.9561061, 40.7971792], [-73.9560612, 40.7971584]]}}, {"type": "Feature", "properties": {"wayId": 431047007, "name": "", "highway": "footway"}, "geometry": {"type": "LineString", "coordinates": [[-73.9560997, 40.7956396], [-73.9560941, 40.7956532], [-73.9560866, 40.795666], [-73.9560712, 40.7956845], [-73.9560468, 40.7957137], [-73.9560183, 40.7957464], [-73.9559984, 40.7957714], [-73.9559857, 40.7957861], [-73.9559669, 40.7958029], [-73.9559557, 40.7958137], [-73.9559257, 40.795837], [-73.9558604, 40.7958804], [-73.9558233, 40.7958974], [-73.9557829, 40.7959058], [-73.9557018, 40.7959116]]}}, {"type": "Feature", "properties": {"wayId": 431047008, "name": "Northwest Central Park Loop", "highway": "footway"}, "geometry": {"type": "LineString", "coordinates": [[-73.9565924, 40.7965744], [-73.9565706, 40.7965988], [-73.9565649, 40.7966243], [-73.9565729, 40.7966687], [-73.9565782, 40.7966966], [-73.9565804, 40.7967226], [-73.9565744, 40.7967471], [-73.9565573, 40.7967862], [-73.9565376, 40.7968113], [-73.9565124, 40.796829], [-73.9564723, 40.7968482], [-73.9564185, 40.7968697], [-73.9563807, 40.7968875], [-73.9563446, 40.796907]]}}, {"type": "Feature", "properties": {"wayId": 431047009, "name": "", "highway": "footway"}, "geometry": {"type": "LineString", "coordinates": [[-73.9583363, 40.7944494], [-73.958313, 40.7944313], [-73.9582973, 40.7944211], [-73.9582822, 40.7944126], [-73.9582687, 40.7944086], [-73.9582465, 40.7944029], [-73.958227, 40.7944016], [-73.9582101, 40.7944065], [-73.95819, 40.7944092], [-73.9581659, 40.7944092], [-73.9581472, 40.7944069], [-73.9581269, 40.7944035], [-73.9581104, 40.7944018], [-73.9580788, 40.7943981]]}}, {"type": "Feature", "properties": {"wayId": 431047010, "name": "", "highway": "footway"}, "geometry": {"type": "LineString", "coordinates": [[-73.9561746, 40.7962735], [-73.9561491, 40.7962576], [-73.9561393, 40.7962457], [-73.9561325, 40.796236], [-73.956128, 40.7962246], [-73.9561258, 40.7962122], [-73.9561265, 40.7962019], [-73.956131, 40.7961917], [-73.9561393, 40.7961832], [-73.9561521, 40.7961758], [-73.9561686, 40.7961678], [-73.9561821, 40.7961656], [-73.9562001, 40.7961661], [-73.9562128, 40.7961735], [-73.9562428, 40.7961803]]}}, {"type": "Feature", "properties": {"wayId": 431047011, "name": "", "highway": "footway"}, "geometry": {"type": "LineString", "coordinates": [[-73.9600965, 40.7968717], [-73.9601604, 40.7968043], [-73.9601865, 40.7967768], [-73.9602788, 40.7966774], [-73.9603073, 40.7966371], [-73.9603253, 40.7965763], [-73.9603351, 40.7965303], [-73.9603441, 40.7964877], [-73.9603516, 40.7964559], [-73.9604168, 40.7963497], [-73.9604424, 40.7963099], [-73.9605264, 40.7962963], [-73.9605789, 40.7962571], [-73.9606223, 40.7962546], [-73.9607477, 40.7962474], [-73.9607537, 40.7962094]]}}, {"type": "Feature", "properties": {"wayId": 431047012, "name": "", "highway": "path"}, "geometry": {"type": "LineString", "coordinates": [[-73.9586502, 40.7939186], [-73.9586064, 40.7939592], [-73.9585678, 40.7939998], [-73.9585411, 40.7940256], [-73.9585173, 40.7940454], [-73.9584854, 40.7940544], [-73.9584582, 40.7940505], [-73.95841, 40.7940367], [-73.9583692, 40.7940314], [-73.958347, 40.7940335], [-73.9583407, 40.7940399], [-73.958341, 40.7940491], [-73.958355, 40.7940731], [-73.9583743, 40.7941136], [-73.9584113, 40.7941872], [-73.9584188, 40.7942102], [-73.9584179, 40.7942268], [-73.9584037, 40.7942445], [-73.958351, 40.7942799], [-73.9582923, 40.7943174], [-73.9582624, 40.7943443], [-73.9582461, 40.7943655], [-73.9582334, 40.7943873], [-73.958227, 40.7944016]]}}, {"type": "Feature", "properties": {"wayId": 431047013, "name": "", "highway": "footway"}, "geometry": {"type": "LineString", "coordinates": [[-73.9560286, 40.7966702], [-73.9560253, 40.7966279], [-73.9560245, 40.7965887], [-73.9560238, 40.7965581], [-73.9560238, 40.796541], [-73.9560275, 40.7965302], [-73.9560365, 40.7965087], [-73.9560643, 40.7964604], [-73.9561258, 40.7963593], [-73.9561746, 40.7962735], [-73.9562428, 40.7961803], [-73.9563023, 40.7961624], [-73.9563164, 40.7961582], [-73.9564139, 40.7961332], [-73.9564874, 40.7961145], [-73.9565917, 40.7960946], [-73.956642, 40.7960923], [-73.9567177, 40.7960916]]}}, {"type": "Feature", "properties": {"wayId": 431047014, "name": "", "highway": "steps"}, "geometry": {"type": "LineString", "coordinates": [[-73.9584542, 40.7987806], [-73.958311, 40.7987891]]}}, {"type": "Feature", "properties": {"wayId": 431047015, "name": "", "highway": "steps"}, "geometry": {"type": "LineString", "coordinates": [[-73.9528585, 40.7962633], [-73.952816, 40.7962516], [-73.9527712, 40.7962434]]}}, {"type": "Feature", "properties": {"wayId": 431047016, "name": "", "highway": "steps"}, "geometry": {"type": "LineString", "coordinates": [[-73.9555844, 40.7979664], [-73.9555686, 40.7979783]]}}, {"type": "Feature", "properties": {"wayId": 431047017, "name": "", "highway": "footway"}, "geometry": {"type": "LineString", "coordinates": [[-73.9553699, 40.7974609], [-73.9553381, 40.7974762]]}}, {"type": "Feature", "properties": {"wayId": 431047019, "name": "", "highway": "footway"}, "geometry": {"type": "LineString", "coordinates": [[-73.9601604, 40.7968043], [-73.9600792, 40.7967626]]}}, {"type": "Feature", "properties": {"wayId": 431047020, "name": "", "highway": "steps"}, "geometry": {"type": "LineString", "coordinates": [[-73.9602833, 40.7959532], [-73.9601926, 40.7958924]]}}, {"type": "Feature", "properties": {"wayId": 431047022, "name": "", "highway": "footway"}, "geometry": {"type": "LineString", "coordinates": [[-73.9560729, 40.7983399], [-73.9561012, 40.7983508]]}}, {"type": "Feature", "properties": {"wayId": 431047024, "name": "", "highway": "steps"}, "geometry": {"type": "LineString", "coordinates": [[-73.9551437, 40.7953063], [-73.9551151, 40.7952308]]}}, {"type": "Feature", "properties": {"wayId": 431047025, "name": "", "highway": "steps"}, "geometry": {"type": "LineString", "coordinates": [[-73.9560709, 40.7989088], [-73.9560484, 40.7989017]]}}, {"type": "Feature", "properties": {"wayId": 431047026, "name": "", "highway": "footway"}, "geometry": {"type": "LineString", "coordinates": [[-73.9585288, 40.7987644], [-73.9584717, 40.7987768]]}}, {"type": "Feature", "properties": {"wayId": 431047028, "name": "", "highway": "steps"}, "geometry": {"type": "LineString", "coordinates": [[-73.9555905, 40.7976191], [-73.9555507, 40.7976557]]}}, {"type": "Feature", "properties": {"wayId": 431047030, "name": "", "highway": "steps"}, "geometry": {"type": "LineString", "coordinates": [[-73.9531763, 40.7964676], [-73.9531703, 40.7964865]]}}, {"type": "Feature", "properties": {"wayId": 431047031, "name": "", "highway": "steps"}, "geometry": {"type": "LineString", "coordinates": [[-73.9512652, 40.7971058], [-73.9512607, 40.7971189]]}}, {"type": "Feature", "properties": {"wayId": 431047032, "name": "", "highway": "steps"}, "geometry": {"type": "LineString", "coordinates": [[-73.955386, 40.797441], [-73.9553699, 40.7974609]]}}, {"type": "Feature", "properties": {"wayId": 431047033, "name": "", "highway": "footway"}, "geometry": {"type": "LineString", "coordinates": [[-73.9565295, 40.7942973], [-73.956359, 40.7941492]]}}, {"type": "Feature", "properties": {"wayId": 431047034, "name": "", "highway": "footway"}, "geometry": {"type": "LineString", "coordinates": [[-73.9586591, 40.7993894], [-73.9585937, 40.7994805]]}}, {"type": "Feature", "properties": {"wayId": 431047035, "name": "", "highway": "footway"}, "geometry": {"type": "LineString", "coordinates": [[-73.9551898, 40.7987829], [-73.9551608, 40.7987839], [-73.9551334, 40.7987805]]}}, {"type": "Feature", "properties": {"wayId": 431047036, "name": "", "highway": "footway"}, "geometry": {"type": "LineString", "coordinates": [[-73.960819, 40.7961003], [-73.9608671, 40.795905]]}}, {"type": "Feature", "properties": {"wayId": 431047037, "name": "North Woods", "highway": "steps"}, "geometry": {"type": "LineString", "coordinates": [[-73.9581089, 40.7940008], [-73.9580887, 40.7940195]]}}, {"type": "Feature", "properties": {"wayId": 431047038, "name": "", "highway": "steps"}, "geometry": {"type": "LineString", "coordinates": [[-73.9567736, 40.7989452], [-73.9567346, 40.798956]]}}, {"type": "Feature", "properties": {"wayId": 431047039, "name": "", "highway": "steps"}, "geometry": {"type": "LineString", "coordinates": [[-73.9561464, 40.7955511], [-73.9561082, 40.795552]]}}, {"type": "Feature", "properties": {"wayId": 431047040, "name": "", "highway": "footway"}, "geometry": {"type": "LineString", "coordinates": [[-73.9606223, 40.7962546], [-73.9606292, 40.7963048]]}}, {"type": "Feature", "properties": {"wayId": 431047041, "name": "", "highway": "footway"}, "geometry": {"type": "LineString", "coordinates": [[-73.9603868, 40.7966064], [-73.9603733, 40.7966297]]}}, {"type": "Feature", "properties": {"wayId": 431047042, "name": "", "highway": "footway"}, "geometry": {"type": "LineString", "coordinates": [[-73.9542151, 40.7976337], [-73.9541837, 40.7976144]]}}, {"type": "Feature", "properties": {"wayId": 431047044, "name": "", "highway": "footway"}, "geometry": {"type": "LineString", "coordinates": [[-73.9604168, 40.7963497], [-73.960203, 40.7963003]]}}, {"type": "Feature", "properties": {"wayId": 431047046, "name": "", "highway": "steps"}, "geometry": {"type": "LineString", "coordinates": [[-73.9567958, 40.7956035], [-73.9567605, 40.7955854]]}}, {"type": "Feature", "properties": {"wayId": 431047047, "name": "", "highway": "footway"}, "geometry": {"type": "LineString", "coordinates": [[-73.9607537, 40.7962094], [-73.960789, 40.7961742]]}}, {"type": "Feature", "properties": {"wayId": 431047048, "name": "", "highway": "steps"}, "geometry": {"type": "LineString", "coordinates": [[-73.9565114, 40.795552], [-73.9564923, 40.7955386]]}}, {"type": "Feature", "properties": {"wayId": 431047049, "name": "", "highway": "footway"}, "geometry": {"type": "LineString", "coordinates": [[-73.9602248, 40.7970676], [-73.9600489, 40.7970057]]}}, {"type": "Feature", "properties": {"wayId": 431047050, "name": "North Woods", "highway": "footway"}, "geometry": {"type": "LineString", "coordinates": [[-73.9581394, 40.7939768], [-73.9581089, 40.7940008]]}}, {"type": "Feature", "properties": {"wayId": 431047051, "name": "", "highway": "footway"}, "geometry": {"type": "LineString", "coordinates": [[-73.9551642, 40.7953484], [-73.9551437, 40.7953063]]}}, {"type": "Feature", "properties": {"wayId": 431047052, "name": "", "highway": "steps"}, "geometry": {"type": "LineString", "coordinates": [[-73.9557637, 40.7982988], [-73.9557149, 40.7983204]]}}, {"type": "Feature", "properties": {"wayId": 431047053, "name": "", "highway": "steps"}, "geometry": {"type": "LineString", "coordinates": [[-73.9554759, 40.7985445], [-73.9554756, 40.7985749]]}}, {"type": "Feature", "properties": {"wayId": 431047054, "name": "", "highway": "steps"}, "geometry": {"type": "LineString", "coordinates": [[-73.9542447, 40.7976508], [-73.9542151, 40.7976337]]}}, {"type": "Feature", "properties": {"wayId": 431047055, "name": "", "highway": "footway"}, "geometry": {"type": "LineString", "coordinates": [[-73.9511486, 40.7970157], [-73.9511678, 40.7969124]]}}, {"type": "Feature", "properties": {"wayId": 431047056, "name": "", "highway": "footway"}, "geometry": {"type": "LineString", "coordinates": [[-73.9568923, 40.7948425], [-73.9570052, 40.7949126]]}}, {"type": "Feature", "properties": {"wayId": 431047057, "name": "", "highway": "steps"}, "geometry": {"type": "LineString", "coordinates": [[-73.955644, 40.7975633], [-73.95561, 40.7975978]]}}, {"type": "Feature", "properties": {"wayId": 431047058, "name": "", "highway": "footway"}, "geometry": {"type": "LineString", "coordinates": [[-73.95561, 40.7975978], [-73.9555905, 40.7976191]]}}, {"type": "Feature", "properties": {"wayId": 431047059, "name": "", "highway": "footway"}, "geometry": {"type": "LineString", "coordinates": [[-73.9600858, 40.7968847], [-73.9600445, 40.7969353]]}}, {"type": "Feature", "properties": {"wayId": 431047061, "name": "Northwest Central Park Loop", "highway": "footway"}, "geometry": {"type": "LineString", "coordinates": [[-73.956689, 40.7985185], [-73.9566363, 40.7985033], [-73.956571, 40.7984857], [-73.9565426, 40.7984776], [-73.956511, 40.7984687], [-73.9564611, 40.7984477], [-73.9563939, 40.7984088], [-73.9563235, 40.7983607], [-73.9562379, 40.7982977], [-73.9561811, 40.7982619]]}}, {"type": "Feature", "properties": {"wayId": 431047062, "name": "", "highway": "footway"}, "geometry": {"type": "LineString", "coordinates": [[-73.9555686, 40.7979783], [-73.9555453, 40.7980016], [-73.9555363, 40.7980152], [-73.9555341, 40.7980283], [-73.9555341, 40.7980402], [-73.9555341, 40.798051], [-73.9555333, 40.7980624], [-73.9555303, 40.7980709], [-73.9555266, 40.7980805], [-73.9555123, 40.798126], [-73.9554958, 40.7981805], [-73.9554913, 40.7981987], [-73.9554936, 40.798214], [-73.9555011, 40.7982447], [-73.9555078, 40.7982765], [-73.9555108, 40.798306], [-73.9555146, 40.7983657], [-73.9555183, 40.7983952], [-73.9555213, 40.7984157], [-73.9555467, 40.7984337]]}}, {"type": "Feature", "properties": {"wayId": 431047063, "name": "", "highway": "footway"}, "geometry": {"type": "LineString", "coordinates": [[-73.9562881, 40.7955045], [-73.9562723, 40.795495], [-73.9562578, 40.7954864], [-73.9562443, 40.7954801], [-73.9562383, 40.795478], [-73.956231, 40.7954763], [-73.9562243, 40.7954754], [-73.9562179, 40.7954745], [-73.9562119, 40.7954743], [-73.9562051, 40.7954747], [-73.9561926, 40.795476], [-73.9561851, 40.795478], [-73.9561611, 40.7954894], [-73.9561537, 40.7954938], [-73.9561496, 40.7954977], [-73.9561476, 40.7955012], [-73.9561468, 40.7955065], [-73.956147, 40.7955125], [-73.9561485, 40.7955263], [-73.9561521, 40.7955503], [-73.95615, 40.7955638]]}}, {"type": "Feature", "properties": {"wayId": 431047064, "name": "", "highway": "footway"}, "geometry": {"type": "LineString", "coordinates": [[-73.9565455, 40.7989531], [-73.9565312, 40.7989605], [-73.9565185, 40.7989668], [-73.9565065, 40.7989707], [-73.9564832, 40.798973], [-73.9564547, 40.7989764], [-73.9564284, 40.7989781], [-73.9564005, 40.7989871], [-73.9563834, 40.7989773], [-73.956362, 40.7989713], [-73.9563279, 40.7989654], [-73.9562675, 40.7989565], [-73.9562289, 40.7989514], [-73.9562007, 40.7989463], [-73.9561861, 40.7989436]]}}, {"type": "Feature", "properties": {"wayId": 431047065, "name": "", "highway": "footway"}, "geometry": {"type": "LineString", "coordinates": [[-73.9563023, 40.7961624], [-73.9563156, 40.7961247], [-73.9563434, 40.7960628], [-73.9563561, 40.7960372], [-73.9563831, 40.795994], [-73.9563914, 40.7959756], [-73.9563982, 40.7959597], [-73.9564038, 40.7959279], [-73.9564102, 40.7958864], [-73.9564143, 40.7958583], [-73.9564244, 40.7958319], [-73.9564458, 40.7957802], [-73.9564522, 40.7957671], [-73.9564582, 40.7957572], [-73.9564649, 40.7957504], [-73.9565298, 40.7957029], [-73.9565546, 40.7956842], [-73.9565636, 40.795674], [-73.9565718, 40.7956609], [-73.9565767, 40.7956476], [-73.9565786, 40.7956348], [-73.9565771, 40.795622], [-73.9565745, 40.7956058], [-73.9565692, 40.7955723]]}}, {"type": "Feature", "properties": {"wayId": 431047067, "name": "", "highway": "steps"}, "geometry": {"type": "LineString", "coordinates": [[-73.960789, 40.7961742], [-73.9608055, 40.796148], [-73.960819, 40.7961003]]}}, {"type": "Feature", "properties": {"wayId": 431047068, "name": "", "highway": "steps"}, "geometry": {"type": "LineString", "coordinates": [[-73.9554801, 40.7986849], [-73.9554806, 40.7987015], [-73.9554801, 40.7987138]]}}, {"type": "Feature", "properties": {"wayId": 431047069, "name": "", "highway": "footway"}, "geometry": {"type": "LineString", "coordinates": [[-73.9554801, 40.7987138], [-73.9554791, 40.7987554], [-73.9554756, 40.7987839]]}}, {"type": "Feature", "properties": {"wayId": 431047070, "name": "Northwest Central Park Loop", "highway": "footway"}, "geometry": {"type": "LineString", "coordinates": [[-73.9566562, 40.7965211], [-73.9566292, 40.7965437], [-73.9565924, 40.7965744]]}}, {"type": "Feature", "properties": {"wayId": 431047071, "name": "", "highway": "path"}, "geometry": {"type": "LineString", "coordinates": [[-73.9552818, 40.7947653], [-73.9553208, 40.7947341], [-73.9553549, 40.7946348], [-73.955285, 40.7945564], [-73.9552917, 40.7944464]]}}, {"type": "Feature", "properties": {"wayId": 431047072, "name": "", "highway": "footway"}, "geometry": {"type": "LineString", "coordinates": [[-73.9554756, 40.7985749], [-73.9554786, 40.7986425], [-73.9554801, 40.7986849]]}}, {"type": "Feature", "properties": {"wayId": 431047073, "name": "", "highway": "footway"}, "geometry": {"type": "LineString", "coordinates": [[-73.9553913, 40.7974021], [-73.955389, 40.7974243], [-73.955386, 40.797441]]}}, {"type": "Feature", "properties": {"wayId": 431047074, "name": "", "highway": "footway"}, "geometry": {"type": "LineString", "coordinates": [[-73.9568913, 40.7956486], [-73.9568431, 40.795624], [-73.9567958, 40.7956035]]}}, {"type": "Feature", "properties": {"wayId": 431047075, "name": "", "highway": "footway"}, "geometry": {"type": "LineString", "coordinates": [[-73.9559384, 40.7987215], [-73.9559144, 40.7987343], [-73.9558722, 40.7987495]]}}, {"type": "Feature", "properties": {"wayId": 431047077, "name": "", "highway": "footway"}, "geometry": {"type": "LineString", "coordinates": [[-73.9569198, 40.794824], [-73.9568732, 40.7948062], [-73.9568357, 40.794792], [-73.9568094, 40.7947846], [-73.9567899, 40.7947818], [-73.9567674, 40.7947807], [-73.9567389, 40.7947807], [-73.9567156, 40.7947835], [-73.9566961, 40.7947869], [-73.9566804, 40.7947875], [-73.9566676, 40.7947852], [-73.9566579, 40.7947818], [-73.9566451, 40.7947767], [-73.9566271, 40.7947642], [-73.9566068, 40.794746], [-73.9565881, 40.7947244], [-73.9565693, 40.794691], [-73.9565588, 40.7946722], [-73.9565378, 40.7946301], [-73.9565213, 40.7946023], [-73.95651, 40.794575], [-73.9565033, 40.794541], [-73.9565033, 40.7945074], [-73.956504, 40.794462], [-73.9565055, 40.7944251], [-73.9565123, 40.7943865], [-73.956516, 40.7943626], [-73.9565235, 40.7943308], [-73.9565265, 40.7943132], [-73.9565295, 40.7942973]]}}, {"type": "Feature", "properties": {"wayId": 431047079, "name": "North Woods", "highway": "footway"}, "geometry": {"type": "LineString", "coordinates": [[-73.9564127, 40.7989969], [-73.9564005, 40.7989871], [-73.9563774, 40.7990045], [-73.9563549, 40.7990139], [-73.9563167, 40.7990253], [-73.9562806, 40.7990327], [-73.9562379, 40.7990423], [-73.9562116, 40.7990503], [-73.9561816, 40.7990628], [-73.9561591, 40.7990693], [-73.9561452, 40.7990753], [-73.956128, 40.7990826], [-73.9561205, 40.7990951], [-73.9561208, 40.7991051], [-73.9561238, 40.7991153], [-73.9561321, 40.7991264], [-73.9561482, 40.7991377], [-73.9561636, 40.7991468], [-73.9561989, 40.7991616], [-73.9562446, 40.7991769], [-73.9562666, 40.7991873], [-73.9562808, 40.7991982], [-73.9562964, 40.799215], [-73.9563076, 40.799232], [-73.9563159, 40.799251], [-73.9563174, 40.7992589], [-73.9563175, 40.7992676], [-73.9563169, 40.7992748], [-73.9563072, 40.799312]]}}, {"type": "Feature", "properties": {"wayId": 431047080, "name": "", "highway": "footway"}, "geometry": {"type": "LineString", "coordinates": [[-73.9560484, 40.7989017], [-73.9560349, 40.7988941], [-73.9560229, 40.7988847], [-73.9560132, 40.7988739], [-73.9560053, 40.7988628], [-73.9560015, 40.7988537], [-73.9560012, 40.7988412], [-73.956, 40.7988336], [-73.9559989, 40.7988202], [-73.955994, 40.7988032], [-73.9559877, 40.7987859], [-73.9559769, 40.7987666], [-73.9559649, 40.7987487], [-73.9559384, 40.7987215], [-73.9559403, 40.7987005], [-73.9559418, 40.7986831], [-73.9559414, 40.7986717], [-73.9559407, 40.7986611], [-73.9559388, 40.7986531], [-73.9559332, 40.7986425], [-73.9559112, 40.7986214], [-73.9559056, 40.7986131], [-73.9559035, 40.7986045], [-73.9559033, 40.7985935], [-73.9559039, 40.7985719], [-73.955906, 40.7985513], [-73.9559142, 40.798508], [-73.9559212, 40.7984776], [-73.9559257, 40.7984645], [-73.9559309, 40.7984554], [-73.9559416, 40.7984447], [-73.9560324, 40.7983852], [-73.9560519, 40.7983687], [-73.9560646, 40.7983548], [-73.9560729, 40.7983399], [-73.9560795, 40.7983102], [-73.9560825, 40.798287], [-73.9560849, 40.7982633]]}}, {"type": "Feature", "properties": {"wayId": 431047081, "name": "", "highway": "footway"}, "geometry": {"type": "LineString", "coordinates": [[-73.9564224, 40.7986709], [-73.9564022, 40.7987066], [-73.9563909, 40.7987197], [-73.9563678, 40.7987475], [-73.9562873, 40.7987396]]}}, {"type": "Feature", "properties": {"wayId": 431047082, "name": "", "highway": "steps"}, "geometry": {"type": "LineString", "coordinates": [[-73.956574, 40.7989384], [-73.9565665, 40.7989406], [-73.956559, 40.7989446], [-73.9565455, 40.7989531]]}}, {"type": "Feature", "properties": {"wayId": 431047083, "name": "", "highway": "footway"}, "geometry": {"type": "LineString", "coordinates": [[-73.9598784, 40.7967643], [-73.9599449, 40.7968069], [-73.9600965, 40.7968717], [-73.9600858, 40.7968847]]}}, {"type": "Feature", "properties": {"wayId": 431047084, "name": "", "highway": "steps"}, "geometry": {"type": "LineString", "coordinates": [[-73.958797, 40.7991462], [-73.958766, 40.7992258], [-73.9587223, 40.7992988], [-73.9586591, 40.7993894]]}}, {"type": "Feature", "properties": {"wayId": 431047085, "name": "", "highway": "footway"}, "geometry": {"type": "LineString", "coordinates": [[-73.951186, 40.7973186], [-73.9512297, 40.79735], [-73.9512767, 40.7973726], [-73.9513157, 40.7973876], [-73.9513582, 40.7974013]]}}, {"type": "Feature", "properties": {"wayId": 431047086, "name": "North Woods", "highway": "steps"}, "geometry": {"type": "LineString", "coordinates": [[-73.954606, 40.7977768], [-73.9546037, 40.7977496], [-73.9545895, 40.7977303], [-73.9545722, 40.7977206]]}}, {"type": "Feature", "properties": {"wayId": 431047087, "name": "", "highway": "footway"}, "geometry": {"type": "LineString", "coordinates": [[-73.9596451, 40.7969917], [-73.9596964, 40.797], [-73.9597736, 40.7970159], [-73.9598081, 40.7970244]]}}, {"type": "Feature", "properties": {"wayId": 431047088, "name": "", "highway": "pedestrian"}, "geometry": {"type": "LineString", "coordinates": [[-73.9513376, 40.7971026], [-73.9513604, 40.7970226], [-73.9512839, 40.7970081], [-73.9512397, 40.7969968], [-73.9512382, 40.7969837], [-73.9512322, 40.7969695], [-73.9512262, 40.7969582], [-73.9512134, 40.7969417], [-73.9511796, 40.7969173], [-73.9511678, 40.7969124], [-73.9511399, 40.7969008], [-73.9511174, 40.7968962], [-73.9510874, 40.7969576], [-73.9510731, 40.7969576], [-73.9510603, 40.7969587], [-73.9510468, 40.7969633], [-73.9510363, 40.7969661], [-73.9510273, 40.7969712], [-73.9510183, 40.7969769], [-73.9510101, 40.7969837], [-73.9510048, 40.7969928], [-73.9510026, 40.7970008], [-73.9510003, 40.7970121], [-73.9509538, 40.797015], [-73.9509448, 40.7970405], [-73.9509997, 40.7970628], [-73.9510431, 40.7970825], [-73.9510506, 40.7970752], [-73.9510656, 40.7970757], [-73.9510754, 40.7970769], [-73.9510881, 40.7970769], [-73.9510971, 40.7970763], [-73.9511076, 40.7970735], [-73.9511189, 40.7970689], [-73.9511301, 40.7970627], [-73.9511384, 40.7970564], [-73.9511474, 40.797049], [-73.9511483, 40.7970458], [-73.9512254, 40.797059], [-73.9512235, 40.7970797], [-73.9512438, 40.7970835], [-73.9512262, 40.7971435], [-73.9512516, 40.7971482], [-73.9512828, 40.7971534], [-73.9512986, 40.7970975], [-73.9513376, 40.7971026]]}}, {"type": "Feature", "properties": {"wayId": 431047089, "name": "", "highway": "footway"}, "geometry": {"type": "LineString", "coordinates": [[-73.9555536, 40.7953919], [-73.9555332, 40.795424], [-73.9555132, 40.7954578], [-73.9554941, 40.7954925], [-73.9554639, 40.7955436], [-73.9554335, 40.7956006]]}}, {"type": "Feature", "properties": {"wayId": 431047090, "name": "", "highway": "footway"}, "geometry": {"type": "LineString", "coordinates": [[-73.9564923, 40.7955386], [-73.956473, 40.7955233], [-73.9564606, 40.7955122], [-73.9564486, 40.7955012], [-73.9564372, 40.7954867]]}}, {"type": "Feature", "properties": {"wayId": 431047092, "name": "", "highway": "footway"}, "geometry": {"type": "LineString", "coordinates": [[-73.9603516, 40.7964559], [-73.9602683, 40.7965138], [-73.960185, 40.7965638], [-73.9601062, 40.7966053], [-73.9600248, 40.7966274]]}}, {"type": "Feature", "properties": {"wayId": 431047093, "name": "", "highway": "footway"}, "geometry": {"type": "LineString", "coordinates": [[-73.9555884, 40.7978797], [-73.9555896, 40.7979226], [-73.9555889, 40.7979442], [-73.9555881, 40.7979573], [-73.9555844, 40.7979664]]}}, {"type": "Feature", "properties": {"wayId": 431047094, "name": "", "highway": "footway"}, "geometry": {"type": "LineString", "coordinates": [[-73.9565162, 40.7986674], [-73.9564802, 40.798668], [-73.9564472, 40.7986703], [-73.9564224, 40.7986709], [-73.9563857, 40.7986697]]}}, {"type": "Feature", "properties": {"wayId": 431047095, "name": "North Woods", "highway": "footway"}, "geometry": {"type": "LineString", "coordinates": [[-73.9580887, 40.7940195], [-73.9580662, 40.7940451], [-73.9580399, 40.7940746], [-73.9580234, 40.7940951], [-73.9580069, 40.7941024]]}}, {"type": "Feature", "properties": {"wayId": 431047096, "name": "", "highway": "footway"}, "geometry": {"type": "LineString", "coordinates": [[-73.9509694, 40.7970803], [-73.9509997, 40.7970628], [-73.9510986, 40.7970059], [-73.9511486, 40.7970157], [-73.9512824, 40.7970422], [-73.9512652, 40.7971058]]}}, {"type": "Feature", "properties": {"wayId": 431047097, "name": "", "highway": "footway"}, "geometry": {"type": "LineString", "coordinates": [[-73.9566292, 40.7965437], [-73.9565538, 40.7965527], [-73.9564878, 40.7965618], [-73.9564263, 40.7965731], [-73.9563603, 40.7965868], [-73.9562897, 40.7966027], [-73.9562132, 40.7966197], [-73.9561337, 40.7966379], [-73.9560628, 40.7966597], [-73.9560286, 40.7966702], [-73.9559866, 40.7966967], [-73.955957, 40.7967157], [-73.9559135, 40.7967503], [-73.9558789, 40.796779], [-73.9558587, 40.7968032], [-73.9558231, 40.7968452], [-73.9557874, 40.7968867], [-73.9557416, 40.7969418], [-73.9556963, 40.79699], [-73.9556636, 40.7970235], [-73.9556227, 40.7970579], [-73.9555788, 40.7970903], [-73.9555286, 40.7971263], [-73.9554704, 40.7971698], [-73.9554457, 40.79719], [-73.9554321, 40.7972013], [-73.955425, 40.7972101], [-73.9554201, 40.7972263], [-73.9554123, 40.7972635], [-73.9554014, 40.7973067], [-73.9553969, 40.7973374], [-73.955398, 40.7973669], [-73.9553913, 40.7974021], [-73.9553736, 40.7974149], [-73.955362, 40.7974211], [-73.9553549, 40.7974254], [-73.9553489, 40.7974314], [-73.9553436, 40.7974405], [-73.9553406, 40.7974484], [-73.9553376, 40.7974663], [-73.9553381, 40.7974762], [-73.9553391, 40.797497], [-73.9553451, 40.7975387], [-73.9553522, 40.7975742], [-73.9553616, 40.7975984], [-73.9553785, 40.7976242], [-73.9553935, 40.7976455], [-73.9553984, 40.7976674], [-73.9553995, 40.7976793], [-73.9553954, 40.7976943], [-73.9553856, 40.7977046], [-73.9553759, 40.7977088], [-73.9553463, 40.7977183]]}}, {"type": "Feature", "properties": {"wayId": 431047098, "name": "", "highway": "footway"}, "geometry": {"type": "LineString", "coordinates": [[-73.9565692, 40.7955723], [-73.956557, 40.7955702], [-73.9565426, 40.7955665], [-73.9565317, 40.7955628], [-73.9565238, 40.7955592], [-73.9565114, 40.795552]]}}, {"type": "Feature", "properties": {"wayId": 431047099, "name": "", "highway": "footway"}, "geometry": {"type": "LineString", "coordinates": [[-73.9605789, 40.7962571], [-73.9605466, 40.7962224], [-73.9605189, 40.7962088], [-73.9604171, 40.7961826], [-73.9603291, 40.79616], [-73.9602885, 40.796223]]}}, {"type": "Feature", "properties": {"wayId": 431047100, "name": "North Woods", "highway": "footway"}, "geometry": {"type": "LineString", "coordinates": [[-73.9545846, 40.7979174], [-73.9545766, 40.7978962], [-73.9545766, 40.797863], [-73.9545865, 40.797828], [-73.9545985, 40.7977993], [-73.954606, 40.7977768]]}}, {"type": "Feature", "properties": {"wayId": 431047101, "name": "", "highway": "footway"}, "geometry": {"type": "LineString", "coordinates": [[-73.9561082, 40.795552], [-73.956092, 40.7955599], [-73.9560691, 40.795571], [-73.9560493, 40.7955801], [-73.956038, 40.7955835], [-73.9560253, 40.795585]]}}, {"type": "Feature", "properties": {"wayId": 431047102, "name": "", "highway": "footway"}, "geometry": {"type": "LineString", "coordinates": [[-73.9562182, 40.7951479], [-73.9561979, 40.7951272], [-73.9561912, 40.7951152], [-73.9561897, 40.7951005], [-73.9561897, 40.7950851], [-73.9561912, 40.7950681], [-73.9561964, 40.7950539], [-73.9562017, 40.7950374], [-73.9562039, 40.7950249], [-73.9562062, 40.7950118], [-73.9562062, 40.7949976], [-73.9562047, 40.7949834], [-73.9562017, 40.7949687], [-73.9562002, 40.7949471], [-73.9562002, 40.7949283], [-73.9561949, 40.7949158], [-73.9561882, 40.7949022], [-73.9561792, 40.7948931], [-73.956174, 40.7948882], [-73.9561672, 40.7948818], [-73.9561537, 40.7948721], [-73.9561386, 40.7948664], [-73.9561244, 40.7948681], [-73.9561116, 40.7948727], [-73.9560929, 40.7948795], [-73.9560816, 40.7948863], [-73.9560764, 40.7948937], [-73.9560752, 40.7948986], [-73.9560741, 40.7949034], [-73.9560734, 40.7949136], [-73.9560726, 40.794921], [-73.9560704, 40.7949318], [-73.9560666, 40.7949408], [-73.9560621, 40.7949482], [-73.9560546, 40.7949567], [-73.9560284, 40.7949817], [-73.9559968, 40.7950101], [-73.9559811, 40.7950187], [-73.9559661, 40.7950238], [-73.9559473, 40.7950249], [-73.9559008, 40.7950226], [-73.9558813, 40.7950283], [-73.9558535, 40.795038], [-73.955807, 40.7950482], [-73.9557605, 40.7950596], [-73.955714, 40.7950686], [-73.9556817, 40.7950743], [-73.9556472, 40.795076], [-73.9556067, 40.795076], [-73.9554956, 40.795076], [-73.9554206, 40.7950772], [-73.9553936, 40.7950766], [-73.9553786, 40.7950743], [-73.9553606, 40.7950703], [-73.9553186, 40.7950601], [-73.9552803, 40.7950522], [-73.9552443, 40.7950471], [-73.955212, 40.7950459], [-73.955203, 40.7950461], [-73.955188, 40.7950465], [-73.9551715, 40.7950499], [-73.9551446, 40.7950561]]}}, {"type": "Feature", "properties": {"wayId": 431047103, "name": "", "highway": "footway"}, "geometry": {"type": "LineString", "coordinates": [[-73.9604171, 40.7961826], [-73.9604333, 40.7961202], [-73.9604326, 40.7960929], [-73.9604243, 40.7960634], [-73.9604011, 40.796039], [-73.9603786, 40.7960236], [-73.9602833, 40.7959532]]}}, {"type": "Feature", "properties": {"wayId": 431047105, "name": "", "highway": "footway"}, "geometry": {"type": "LineString", "coordinates": [[-73.9555507, 40.7976557], [-73.9555499, 40.7976711], [-73.9555526, 40.7976844], [-73.9555556, 40.7977188], [-73.9555593, 40.7977651], [-73.9555642, 40.7978125], [-73.9555554, 40.7978705]]}}, {"type": "Feature", "properties": {"wayId": 431047106, "name": "", "highway": "footway"}, "geometry": {"type": "LineString", "coordinates": [[-73.9531062, 40.7963618], [-73.95307, 40.7963534], [-73.953022, 40.796329], [-73.952974, 40.7963046], [-73.9529335, 40.7962876], [-73.9528931, 40.7962746], [-73.9528585, 40.7962633]]}}, {"type": "Feature", "properties": {"wayId": 431047107, "name": "", "highway": "footway"}, "geometry": {"type": "LineString", "coordinates": [[-73.958311, 40.7987891], [-73.958215, 40.7987948], [-73.958176, 40.798796], [-73.958143, 40.798796], [-73.958119, 40.7987954], [-73.9581002, 40.798792], [-73.9580738, 40.7987862]]}}, {"type": "Feature", "properties": {"wayId": 431047108, "name": "", "highway": "steps"}, "geometry": {"type": "LineString", "coordinates": [[-73.9561012, 40.7983508], [-73.9561117, 40.7983575], [-73.9561147, 40.7983613], [-73.9561164, 40.7983657], [-73.9561157, 40.7983702], [-73.956113, 40.7983731], [-73.9561085, 40.7983745], [-73.9560999, 40.7983755]]}}, {"type": "Feature", "properties": {"wayId": 431047109, "name": "", "highway": "footway"}, "geometry": {"type": "LineString", "coordinates": [[-73.9566123, 40.7987004], [-73.9566408, 40.798718], [-73.9566708, 40.7987367], [-73.9567128, 40.7987629], [-73.9567413, 40.7987816], [-73.9567638, 40.7987992], [-73.9567856, 40.7988191], [-73.9568006, 40.7988401]]}}, {"type": "Feature", "properties": {"wayId": 431047110, "name": "North Woods", "highway": "footway"}, "geometry": {"type": "LineString", "coordinates": [[-73.9577615, 40.7942479], [-73.9577803, 40.7942183], [-73.9578006, 40.7941922], [-73.9578253, 40.7941672], [-73.9578531, 40.7941422], [-73.9578726, 40.794124], [-73.9578943, 40.7941093], [-73.9579078, 40.7941007]]}}, {"type": "Feature", "properties": {"wayId": 431047113, "name": "", "highway": "footway"}, "geometry": {"type": "LineString", "coordinates": [[-73.960185, 40.7965638], [-73.9602285, 40.7966047], [-73.960275, 40.7966274], [-73.9603073, 40.7966371], [-73.9603733, 40.7966297], [-73.9604251, 40.7966286], [-73.9604378, 40.7966814], [-73.9604409, 40.7967234]]}}, {"type": "Feature", "properties": {"wayId": 431047114, "name": "", "highway": "footway"}, "geometry": {"type": "LineString", "coordinates": [[-73.9557149, 40.7983204], [-73.9556631, 40.7983494], [-73.9556046, 40.7983857], [-73.9555609, 40.7984192], [-73.9555467, 40.7984337], [-73.9555266, 40.7984545], [-73.9555041, 40.7984823], [-73.9554865, 40.798514], [-73.9554759, 40.7985445]]}}, {"type": "Feature", "properties": {"wayId": 431047115, "name": "", "highway": "footway"}, "geometry": {"type": "LineString", "coordinates": [[-73.9597108, 40.7974824], [-73.9597661, 40.7974516], [-73.9597721, 40.7974101], [-73.9597804, 40.7973675], [-73.9598164, 40.7972948], [-73.9598464, 40.7972403], [-73.9598712, 40.7971914], [-73.9598787, 40.797167], [-73.9598824, 40.7971517]]}}, {"type": "Feature", "properties": {"wayId": 431047116, "name": "", "highway": "footway"}, "geometry": {"type": "LineString", "coordinates": [[-73.95615, 40.7955638], [-73.9561372, 40.7955808], [-73.9561275, 40.7955896], [-73.9561211, 40.7955981], [-73.9561162, 40.7956061], [-73.9561125, 40.7956132], [-73.9561091, 40.7956206], [-73.956105, 40.795628], [-73.9560997, 40.7956396]]}}, {"type": "Feature", "properties": {"wayId": 431047118, "name": "", "highway": "footway"}, "geometry": {"type": "LineString", "coordinates": [[-73.956432, 40.7951176], [-73.9564613, 40.7951506], [-73.9564748, 40.7951665], [-73.9564793, 40.7951801], [-73.9564823, 40.7951932], [-73.9564875, 40.7952119], [-73.9564763, 40.7952994], [-73.9564718, 40.7953306]]}}, {"type": "Feature", "properties": {"wayId": 431047119, "name": "", "highway": "footway"}, "geometry": {"type": "LineString", "coordinates": [[-73.95819, 40.7944092], [-73.9581982, 40.7944285], [-73.958205, 40.7944427], [-73.958208, 40.7944541], [-73.9582087, 40.7944654], [-73.9582087, 40.7944773], [-73.9582087, 40.7944898], [-73.9582087, 40.7945006], [-73.958206, 40.7945134]]}}, {"type": "Feature", "properties": {"wayId": 431077839, "name": "", "highway": "footway"}, "geometry": {"type": "LineString", "coordinates": [[-73.9618043, 40.7893439], [-73.9618098, 40.7893666]]}}, {"type": "Feature", "properties": {"wayId": 431077840, "name": "", "highway": "steps"}, "geometry": {"type": "LineString", "coordinates": [[-73.9619422, 40.7893493], [-73.961876, 40.7893579]]}}, {"type": "Feature", "properties": {"wayId": 431077841, "name": "", "highway": "footway"}, "geometry": {"type": "LineString", "coordinates": [[-73.9619364, 40.789326], [-73.9619422, 40.7893493]]}}, {"type": "Feature", "properties": {"wayId": 431077842, "name": "", "highway": "footway"}, "geometry": {"type": "LineString", "coordinates": [[-73.9635149, 40.7895911], [-73.9634712, 40.7896118], [-73.9634438, 40.7896256], [-73.9634073, 40.789636], [-73.9633814, 40.7896371], [-73.9633464, 40.7896314], [-73.9633098, 40.7896187], [-73.9632718, 40.7896002], [-73.9632322, 40.7895737], [-73.96308, 40.7894031], [-73.9630648, 40.7893939], [-73.9630419, 40.7893928], [-73.9630016, 40.7893974], [-73.9628246, 40.7894227], [-73.9625688, 40.789457], [-73.9623333, 40.7894887], [-73.9623123, 40.7894879], [-73.9622941, 40.7894821], [-73.9622762, 40.7894746], [-73.9622594, 40.7894674], [-73.9622347, 40.789455], [-73.962194, 40.7894178], [-73.9621715, 40.7893957], [-73.9621422, 40.7893585], [-73.9621018, 40.7893083]]}}, {"type": "Feature", "properties": {"wayId": 431077843, "name": "", "highway": "footway"}, "geometry": {"type": "LineString", "coordinates": [[-73.9577123, 40.7967759], [-73.9576602, 40.7967503], [-73.9576229, 40.7967313], [-73.9575772, 40.7967071], [-73.9575445, 40.7966864], [-73.9575186, 40.7966673], [-73.9574912, 40.7966443], [-73.9574645, 40.7966161], [-73.9574364, 40.7965838], [-73.9574074, 40.7965527], [-73.9573808, 40.7965267], [-73.9573549, 40.7965054], [-73.9573245, 40.7964876], [-73.9572917, 40.7964737], [-73.9572552, 40.7964639], [-73.9572156, 40.796457], [-73.9571875, 40.7964553], [-73.9571517, 40.7964541], [-73.9571129, 40.7964587], [-73.9570482, 40.7964703], [-73.9569424, 40.7964933], [-73.9568959, 40.7965031], [-73.956863, 40.7965085]]}}, {"type": "Feature", "properties": {"wayId": 431077845, "name": "", "highway": "footway"}, "geometry": {"type": "LineString", "coordinates": [[-73.9552938, 40.7912943], [-73.9553218, 40.7912748], [-73.9553243, 40.791211], [-73.9553339, 40.7911719], [-73.9553538, 40.7910984]]}}, {"type": "Feature", "properties": {"wayId": 431219192, "name": "", "highway": "footway"}, "geometry": {"type": "LineString", "coordinates": [[-73.960964, 40.7814745], [-73.9609148, 40.781537]]}}, {"type": "Feature", "properties": {"wayId": 431219193, "name": "", "highway": "footway"}, "geometry": {"type": "LineString", "coordinates": [[-73.9636667, 40.7814247], [-73.9635983, 40.7814555], [-73.9635167, 40.7814913], [-73.9634313, 40.7815216], [-73.9633422, 40.7815497], [-73.9633042, 40.7815637], [-73.9632717, 40.7815757], [-73.9632494, 40.7815869], [-73.9632327, 40.7815974], [-73.9632207, 40.7816052], [-73.9632095, 40.7816143], [-73.9631984, 40.7816199], [-73.9631873, 40.7816241], [-73.9631752, 40.7816255], [-73.9631603, 40.7816263], [-73.963139, 40.7816263], [-73.9631223, 40.7816255], [-73.963101, 40.7816248], [-73.9630833, 40.7816241], [-73.9630629, 40.7816241], [-73.9630453, 40.7816248], [-73.9630286, 40.7816284], [-73.9630063, 40.781634]]}}, {"type": "Feature", "properties": {"wayId": 431219196, "name": "", "highway": "footway"}, "geometry": {"type": "LineString", "coordinates": [[-73.9590272, 40.7844264], [-73.9588627, 40.784345]]}}, {"type": "Feature", "properties": {"wayId": 431219197, "name": "", "highway": "footway"}, "geometry": {"type": "LineString", "coordinates": [[-73.9610299, 40.7812075], [-73.9610308, 40.7812546], [-73.961028, 40.7813094]]}}, {"type": "Feature", "properties": {"wayId": 431219198, "name": "", "highway": "steps"}, "geometry": {"type": "LineString", "coordinates": [[-73.961028, 40.7813094], [-73.9610234, 40.7813536], [-73.961015, 40.7813853], [-73.9610039, 40.7814141], [-73.96099, 40.7814394], [-73.9609742, 40.7814618], [-73.960964, 40.7814745]]}}, {"type": "Feature", "properties": {"wayId": 431227170, "name": "", "highway": "footway"}, "geometry": {"type": "LineString", "coordinates": [[-73.9713373, 40.7765503], [-73.9713464, 40.7765805], [-73.9713555, 40.7766166], [-73.9713787, 40.7766902], [-73.9713809, 40.7767163], [-73.9713796, 40.7767445], [-73.9713764, 40.7767572], [-73.9713709, 40.776773], [-73.9713614, 40.7767885], [-73.9713437, 40.776807], [-73.9713228, 40.7768246], [-73.9712903, 40.7768465]]}}, {"type": "Feature", "properties": {"wayId": 431227171, "name": "", "highway": "footway"}, "geometry": {"type": "LineString", "coordinates": [[-73.971263, 40.7768571], [-73.9712367, 40.776868]]}}, {"type": "Feature", "properties": {"wayId": 431227172, "name": "", "highway": "steps"}, "geometry": {"type": "LineString", "coordinates": [[-73.9712367, 40.776868], [-73.971212, 40.7768783]]}}, {"type": "Feature", "properties": {"wayId": 435188574, "name": "", "highway": "footway"}, "geometry": {"type": "LineString", "coordinates": [[-73.9690451, 40.7732782], [-73.9689939, 40.7732329], [-73.9689629, 40.7731935], [-73.9689365, 40.7731518], [-73.9689147, 40.7731118], [-73.9689023, 40.773063], [-73.9688991, 40.7730407], [-73.9688977, 40.7730313], [-73.9688938, 40.7729848], [-73.9688938, 40.7729331], [-73.9688953, 40.7728872], [-73.9688969, 40.7728419], [-73.9689023, 40.7727902], [-73.9689132, 40.7727432], [-73.9689248, 40.7726985], [-73.9689458, 40.7726415], [-73.9689745, 40.7725762], [-73.9690265, 40.772461], [-73.9690716, 40.7723669], [-73.9690981, 40.7723083], [-73.9691469, 40.772217], [-73.9691942, 40.7721305], [-73.9692587, 40.7720265], [-73.9693386, 40.7719142], [-73.9693984, 40.771843], [-73.9694706, 40.7717731], [-73.9695218, 40.7717254], [-73.9695902, 40.7716719], [-73.9696631, 40.771622], [-73.9697175, 40.7715873], [-73.9698192, 40.7715297], [-73.9699361, 40.7714771], [-73.9700544, 40.7714209], [-73.9701825, 40.7713633], [-73.970337, 40.7712898], [-73.9704713, 40.7712245], [-73.9705777, 40.7711598], [-73.9706817, 40.7710881], [-73.9707951, 40.770997], [-73.9708952, 40.7708994], [-73.9709666, 40.7708182], [-73.9710396, 40.7707136], [-73.9710963, 40.7706142], [-73.9711258, 40.7705619], [-73.9711726, 40.7704384], [-73.9712453, 40.7702983]]}}, {"type": "Feature", "properties": {"wayId": 435188575, "name": "", "highway": "footway"}, "geometry": {"type": "LineString", "coordinates": [[-73.9706308, 40.7736845], [-73.970559, 40.7737039], [-73.9704958, 40.7737236], [-73.9704394, 40.7737338], [-73.9703548, 40.7737696], [-73.9702845, 40.7738086], [-73.9702274, 40.7738436], [-73.9701977, 40.7738745], [-73.9701626, 40.7739417], [-73.970133, 40.7739875], [-73.9700803, 40.7740274], [-73.9700387, 40.7740579], [-73.9699342, 40.7741272], [-73.9698969, 40.7741671], [-73.9698727, 40.7742112], [-73.9698458, 40.7742615], [-73.9698299, 40.7742777], [-73.9698125, 40.7742861], [-73.9697918, 40.7742937], [-73.9697663, 40.7742995], [-73.9697483, 40.7743023], [-73.9696998, 40.7742981], [-73.9696665, 40.7742973], [-73.9696333, 40.7743226], [-73.9696102, 40.7743501], [-73.9696014, 40.7743908], [-73.9696245, 40.7744857], [-73.9696428, 40.774519], [-73.9696476, 40.774553], [-73.9696355, 40.7745888], [-73.9696201, 40.7746146], [-73.9696338, 40.7746784]]}}, {"type": "Feature", "properties": {"wayId": 435188576, "name": "72nd Street Transverse", "highway": "footway"}, "geometry": {"type": "LineString", "coordinates": [[-73.9687876, 40.77337], [-73.9686835, 40.7731725], [-73.9686257, 40.7730879], [-73.9686063, 40.773063], [-73.9685627, 40.7730073], [-73.9684826, 40.7729536], [-73.9683919, 40.7729288], [-73.9682204, 40.7729181], [-73.9680649, 40.7729094], [-73.9679131, 40.7728905], [-73.9677806, 40.7728629], [-73.9675568, 40.772789], [-73.9671479, 40.7726128], [-73.9670899, 40.7726064]]}}, {"type": "Feature", "properties": {"wayId": 435188580, "name": "72nd Street Transverse", "highway": "footway"}, "geometry": {"type": "LineString", "coordinates": [[-73.9693687, 40.7736829], [-73.9692693, 40.7736894], [-73.969211, 40.7736927]]}}, {"type": "Feature", "properties": {"wayId": 435188581, "name": "72nd Street Transverse", "highway": "footway"}, "geometry": {"type": "LineString", "coordinates": [[-73.9684704, 40.7726795], [-73.9684072, 40.7727171], [-73.9683254, 40.7727404], [-73.9682214, 40.7727536], [-73.968121, 40.7727463], [-73.9679794, 40.7727212], [-73.9678181, 40.7726792], [-73.967646, 40.7726198], [-73.9672134, 40.7724262]]}}, {"type": "Feature", "properties": {"wayId": 435188653, "name": "Wallach Walk", "highway": "footway"}, "geometry": {"type": "LineString", "coordinates": [[-73.967646, 40.7726198], [-73.9675963, 40.7726959], [-73.9675568, 40.772789]]}}, {"type": "Feature", "properties": {"wayId": 435188654, "name": "Wallach Walk", "highway": "footway"}, "geometry": {"type": "LineString", "coordinates": [[-73.9675568, 40.772789], [-73.967494, 40.772899], [-73.9674822, 40.7729619], [-73.9674808, 40.7729839]]}}, {"type": "Feature", "properties": {"wayId": 435188655, "name": "", "highway": "footway"}, "geometry": {"type": "LineString", "coordinates": [[-73.9690981, 40.7723083], [-73.9692543, 40.7723484], [-73.9692787, 40.7723109], [-73.9693379, 40.7722768], [-73.969397, 40.7722513], [-73.9694611, 40.7722297], [-73.9695327, 40.7722138], [-73.9696086, 40.7722109]]}}, {"type": "Feature", "properties": {"wayId": 435189120, "name": "", "highway": "footway"}, "geometry": {"type": "LineString", "coordinates": [[-73.9766698, 40.7728923], [-73.976569, 40.7728705], [-73.9765209, 40.7728601]]}}, {"type": "Feature", "properties": {"wayId": 435191363, "name": "", "highway": "footway"}, "geometry": {"type": "LineString", "coordinates": [[-73.9738343, 40.7752569], [-73.9738504, 40.7755499], [-73.9738576, 40.7758984], [-73.9738629, 40.7760012], [-73.9738721, 40.7762337], [-73.9738871, 40.7763979], [-73.9739019, 40.776499], [-73.9739264, 40.7765994], [-73.9739718, 40.7767486], [-73.9739947, 40.7768443], [-73.9740123, 40.7769514], [-73.974021, 40.777091], [-73.9740066, 40.7772197], [-73.973992, 40.7772699], [-73.9739623, 40.7773373]]}}, {"type": "Feature", "properties": {"wayId": 435202810, "name": "", "highway": "footway"}, "geometry": {"type": "LineString", "coordinates": [[-73.9626894, 40.781559], [-73.9629021, 40.7815005]]}}, {"type": "Feature", "properties": {"wayId": 435202811, "name": "", "highway": "footway"}, "geometry": {"type": "LineString", "coordinates": [[-73.9616198, 40.781446], [-73.9615597, 40.7814113], [-73.9615133, 40.7813944], [-73.9614261, 40.7813691], [-73.9613537, 40.7813445], [-73.9612823, 40.7813178], [-73.9612118, 40.7812897], [-73.9611459, 40.7812616], [-73.9610299, 40.7812075], [-73.9608636, 40.7811339]]}}, {"type": "Feature", "properties": {"wayId": 435202812, "name": "", "highway": "footway"}, "geometry": {"type": "LineString", "coordinates": [[-73.9569658, 40.7876128], [-73.956887, 40.7876141]]}}, {"type": "Feature", "properties": {"wayId": 435202813, "name": "", "highway": "footway"}, "geometry": {"type": "LineString", "coordinates": [[-73.9629021, 40.7815005], [-73.9631474, 40.781438], [-73.9633311, 40.7813838], [-73.9634721, 40.781334], [-73.9634953, 40.7813192], [-73.9635248, 40.781292]]}}, {"type": "Feature", "properties": {"wayId": 435202816, "name": "", "highway": "footway"}, "geometry": {"type": "LineString", "coordinates": [[-73.9685859, 40.7747142], [-73.9685449, 40.7746864], [-73.9684114, 40.7745962], [-73.9683494, 40.7745862], [-73.9681729, 40.7745529], [-73.9681042, 40.7745263], [-73.9680344, 40.7744736], [-73.9678974, 40.7743458], [-73.9678407, 40.774262], [-73.9677833, 40.7741937], [-73.9677466, 40.7741593], [-73.9676973, 40.7741276]]}}, {"type": "Feature", "properties": {"wayId": 435202817, "name": "", "highway": "footway"}, "geometry": {"type": "LineString", "coordinates": [[-73.9696338, 40.7746784], [-73.9696929, 40.774665], [-73.9697396, 40.7746465], [-73.9697969, 40.7746187], [-73.9698572, 40.7745835], [-73.9699781, 40.7744948], [-73.9700632, 40.7744436], [-73.9701791, 40.7743933], [-73.9703625, 40.7743251], [-73.9704526, 40.7743043], [-73.9705137, 40.774291], [-73.9705841, 40.7743003]]}}, {"type": "Feature", "properties": {"wayId": 435346673, "name": "West Drive", "highway": "footway"}, "geometry": {"type": "LineString", "coordinates": [[-73.9770261, 40.7717862], [-73.9769386, 40.7719055], [-73.9768413, 40.7720284], [-73.9767638, 40.7721461], [-73.9766518, 40.772326], [-73.9765981, 40.7724626], [-73.9765113, 40.7726682], [-73.9764521, 40.7728446], [-73.9763928, 40.7729896], [-73.9762674, 40.7732413], [-73.9761631, 40.7734531], [-73.9759708, 40.7738047], [-73.9757216, 40.7741341], [-73.9756483, 40.7742244], [-73.9755291, 40.7743487], [-73.9754566, 40.7744079], [-73.975346, 40.7744698]]}}, {"type": "Feature", "properties": {"wayId": 435346677, "name": "", "highway": "footway"}, "geometry": {"type": "LineString", "coordinates": [[-73.975856, 40.7683908], [-73.975681, 40.7686695]]}}, {"type": "Feature", "properties": {"wayId": 435346679, "name": "", "highway": "footway"}, "geometry": {"type": "LineString", "coordinates": [[-73.9755031, 40.7686267], [-73.975355, 40.7688575], [-73.9752724, 40.7689808], [-73.9751958, 40.769082], [-73.9750768, 40.76922], [-73.9749403, 40.769347]]}}, {"type": "Feature", "properties": {"wayId": 435346680, "name": "", "highway": "footway"}, "geometry": {"type": "LineString", "coordinates": [[-73.9756852, 40.7683342], [-73.9755031, 40.7686267]]}}, {"type": "Feature", "properties": {"wayId": 435346683, "name": "", "highway": "footway"}, "geometry": {"type": "LineString", "coordinates": [[-73.975681, 40.7686695], [-73.9755347, 40.7688916], [-73.9754485, 40.7690231], [-73.9753768, 40.7691234], [-73.9752809, 40.7692328], [-73.9751728, 40.7693533], [-73.9750307, 40.7694941], [-73.9748169, 40.7696661], [-73.9746997, 40.7697559], [-73.9746847, 40.7697807]]}}, {"type": "Feature", "properties": {"wayId": 435349440, "name": "", "highway": "footway"}, "geometry": {"type": "LineString", "coordinates": [[-73.9712453, 40.7702983], [-73.9713125, 40.7701972], [-73.9713822, 40.7700977], [-73.9714318, 40.7700411]]}}, {"type": "Feature", "properties": {"wayId": 435349441, "name": "East Drive", "highway": "footway"}, "geometry": {"type": "LineString", "coordinates": [[-73.9689739, 40.7745189], [-73.9690553, 40.7744283], [-73.9691616, 40.7743058], [-73.9691971, 40.7742526], [-73.969224, 40.7741644], [-73.9692498, 40.7740898], [-73.9692616, 40.7740203], [-73.9692635, 40.7739498], [-73.9692655, 40.7738554], [-73.9692623, 40.773783], [-73.9692693, 40.7736894], [-73.9692944, 40.7735351]]}}, {"type": "Feature", "properties": {"wayId": 435349442, "name": "", "highway": "footway"}, "geometry": {"type": "LineString", "coordinates": [[-73.9714318, 40.7700411], [-73.9714814, 40.7700053], [-73.9716265, 40.769901], [-73.9716949, 40.7698593], [-73.9717857, 40.7698046], [-73.9718882, 40.7697517], [-73.9719635, 40.7697152], [-73.9720659, 40.7696735], [-73.9721537, 40.7696429], [-73.9722189, 40.769627], [-73.9722556, 40.7696204], [-73.9722865, 40.7696149], [-73.9723133, 40.7696128], [-73.9723726, 40.7696082], [-73.9724394, 40.7696047], [-73.9725279, 40.7696047], [-73.9726102, 40.7696129], [-73.9727041, 40.76963], [-73.9728004, 40.7696541], [-73.9728757, 40.7696835], [-73.9729735, 40.769727], [-73.973017, 40.7697505], [-73.9730446, 40.7697621]]}}, {"type": "Feature", "properties": {"wayId": 435685212, "name": "Northwest Central Park Loop", "highway": "footway"}, "geometry": {"type": "LineString", "coordinates": [[-73.9672477, 40.7846009], [-73.9672095, 40.7847205], [-73.9672063, 40.7847374], [-73.9672059, 40.7847488], [-73.9672084, 40.7847634], [-73.967221, 40.7847899], [-73.9672387, 40.7848173], [-73.9672637, 40.7848532], [-73.9672916, 40.7848845], [-73.9673342, 40.784915], [-73.9673766, 40.7849388], [-73.9674137, 40.7849558], [-73.9674836, 40.7849816], [-73.9675231, 40.7850129], [-73.9676589, 40.7851399], [-73.9676861, 40.7851707], [-73.9677112, 40.7852036], [-73.96774, 40.7852473], [-73.9677721, 40.7853031], [-73.9677999, 40.7853667], [-73.9678167, 40.7854249], [-73.9678257, 40.7854644], [-73.9678299, 40.7855012], [-73.9678313, 40.7855467], [-73.9678273, 40.7856031], [-73.9678222, 40.7856578], [-73.9677878, 40.785847], [-73.9677791, 40.7859197], [-73.9677705, 40.7860036], [-73.9677653, 40.7860805], [-73.9677546, 40.7862194], [-73.9677273, 40.7864312], [-73.9677071, 40.7865262], [-73.9676847, 40.7866168], [-73.9676348, 40.7867733], [-73.9675817, 40.7869159], [-73.9675504, 40.7869996], [-73.9675195, 40.7870614], [-73.9674818, 40.7871311], [-73.9674412, 40.787205], [-73.9673623, 40.787328], [-73.9672435, 40.7874948], [-73.9670389, 40.7877048], [-73.9669066, 40.7878234]]}}, {"type": "Feature", "properties": {"wayId": 435685214, "name": "", "highway": "footway"}, "geometry": {"type": "LineString", "coordinates": [[-73.96433, 40.791413], [-73.9641986, 40.7914336], [-73.9641454, 40.7914395]]}}, {"type": "Feature", "properties": {"wayId": 435685215, "name": "", "highway": "footway"}, "geometry": {"type": "LineString", "coordinates": [[-73.9667195, 40.7879741], [-73.9667623, 40.7879935], [-73.9668658, 40.7880279], [-73.9671114, 40.788114]]}}, {"type": "Feature", "properties": {"wayId": 436899187, "name": "", "highway": "footway"}, "geometry": {"type": "LineString", "coordinates": [[-73.9767109, 40.7660318], [-73.9766636, 40.7661028], [-73.9766981, 40.7661513], [-73.9767267, 40.7661838], [-73.9767695, 40.7662295], [-73.9768108, 40.7662662], [-73.9768645, 40.7663205], [-73.9769046, 40.7663618], [-73.9769287, 40.7663859], [-73.9769628, 40.76643], [-73.9769894, 40.7664679], [-73.9770167, 40.7665258], [-73.9770393, 40.7665924], [-73.9770671, 40.7666596], [-73.9770952, 40.7667038], [-73.9771249, 40.7667511], [-73.9771575, 40.7668], [-73.9771868, 40.7668342], [-73.9772263, 40.7668717], [-73.9772692, 40.7669083], [-73.9773166, 40.766943], [-73.9773797, 40.7669822], [-73.9774351, 40.7670128], [-73.9775694, 40.7670392], [-73.9776631, 40.7670416], [-73.9777833, 40.7670272], [-73.9778845, 40.7670131], [-73.9779659, 40.7670007], [-73.9780661, 40.7669994], [-73.9781301, 40.7670067], [-73.9782114, 40.7670305], [-73.9782897, 40.7670663], [-73.9783424, 40.7671033], [-73.978491, 40.767205], [-73.9785632, 40.7671911], [-73.9786535, 40.7671562], [-73.9787325, 40.7671147], [-73.9787886, 40.7670783], [-73.9788721, 40.7669925], [-73.9789008, 40.7669582]]}}, {"type": "Feature", "properties": {"wayId": 436899198, "name": "", "highway": "footway"}, "geometry": {"type": "LineString", "coordinates": [[-73.9760902, 40.7657687], [-73.9760852, 40.7658017], [-73.976082, 40.7658595], [-73.976092, 40.7659575], [-73.9761231, 40.7660434], [-73.976149, 40.7660985]]}}, {"type": "Feature", "properties": {"wayId": 436899206, "name": "Central Park Outer Loop", "highway": "footway"}, "geometry": {"type": "LineString", "coordinates": [[-73.9737148, 40.7647331], [-73.9737065, 40.7647441], [-73.9736964, 40.764753], [-73.97368, 40.7647658], [-73.973654, 40.7647866], [-73.9736327, 40.764811], [-73.9734461, 40.7650875], [-73.9733679, 40.765197]]}}, {"type": "Feature", "properties": {"wayId": 491668949, "name": "", "highway": "footway"}, "geometry": {"type": "LineString", "coordinates": [[-73.9693446, 40.7790521], [-73.9693162, 40.7790747]]}}, {"type": "Feature", "properties": {"wayId": 491669323, "name": "", "highway": "footway"}, "geometry": {"type": "LineString", "coordinates": [[-73.9690887, 40.7792988], [-73.9690435, 40.7793604], [-73.9691308, 40.7793971], [-73.9691104, 40.7794249], [-73.9691904, 40.7794586], [-73.969175, 40.7794796]]}}, {"type": "Feature", "properties": {"wayId": 496756294, "name": "", "highway": "footway"}, "geometry": {"type": "LineString", "coordinates": [[-73.9692076, 40.7791186], [-73.9691997, 40.7791036], [-73.969184, 40.7790631], [-73.969164, 40.7790285], [-73.9691544, 40.7790161]]}}, {"type": "Feature", "properties": {"wayId": 506632543, "name": "", "highway": "footway"}, "geometry": {"type": "LineString", "coordinates": [[-73.9552311, 40.792451], [-73.9549642, 40.7924711]]}}, {"type": "Feature", "properties": {"wayId": 510806181, "name": "", "highway": "steps"}, "geometry": {"type": "LineString", "coordinates": [[-73.9813318, 40.7686076], [-73.9812503, 40.7686181], [-73.9812151, 40.7686646]]}}, {"type": "Feature", "properties": {"wayId": 514341011, "name": "", "highway": "footway"}, "geometry": {"type": "LineString", "coordinates": [[-73.9737774, 40.7681226], [-73.9737921, 40.7681409], [-73.9738891, 40.7682604], [-73.973926, 40.7683087], [-73.9739736, 40.7683574], [-73.9740279, 40.7683951], [-73.974074, 40.7684275], [-73.9741243, 40.7684505], [-73.9741916, 40.7684703], [-73.9742639, 40.7684837], [-73.9743813, 40.7684985], [-73.9745158, 40.7685105], [-73.974643, 40.7684717], [-73.9747219, 40.7684593], [-73.9748622, 40.7684319], [-73.9750549, 40.7684037], [-73.97522, 40.7683984], [-73.9753996, 40.7684287], [-73.9754749, 40.7684477], [-73.9755657, 40.7684816]]}}, {"type": "Feature", "properties": {"wayId": 524249553, "name": "", "highway": "footway"}, "geometry": {"type": "LineString", "coordinates": [[-73.9685376, 40.7740786], [-73.9684812, 40.7740437], [-73.9684234, 40.7740134], [-73.9683641, 40.7739972]]}}, {"type": "Feature", "properties": {"wayId": 524249554, "name": "", "highway": "footway"}, "geometry": {"type": "LineString", "coordinates": [[-73.9683641, 40.7739972], [-73.9683075, 40.7739947], [-73.9681893, 40.7739848], [-73.9680307, 40.7739833], [-73.9679594, 40.7739687], [-73.9678906, 40.7739474], [-73.9678218, 40.7739213], [-73.967743, 40.7738971]]}}, {"type": "Feature", "properties": {"wayId": 549323720, "name": "", "highway": "footway"}, "geometry": {"type": "LineString", "coordinates": [[-73.9587244, 40.7842788], [-73.9586029, 40.7842292]]}}, {"type": "Feature", "properties": {"wayId": 549323722, "name": "", "highway": "footway"}, "geometry": {"type": "LineString", "coordinates": [[-73.9588449, 40.7841106], [-73.95876, 40.7840952], [-73.9587367, 40.784078], [-73.9587288, 40.7840585]]}}, {"type": "Feature", "properties": {"wayId": 577151420, "name": "", "highway": "footway"}, "geometry": {"type": "LineString", "coordinates": [[-73.968948, 40.7787635], [-73.9689483, 40.7787208], [-73.9689556, 40.7786147], [-73.9689603, 40.7785665], [-73.9689552, 40.7784927]]}}, {"type": "Feature", "properties": {"wayId": 580516389, "name": "", "highway": "footway"}, "geometry": {"type": "LineString", "coordinates": [[-73.9719075, 40.7759305], [-73.9719116, 40.7759667], [-73.971912, 40.7759854], [-73.9719059, 40.7760237], [-73.9718897, 40.776057], [-73.9718711, 40.7760835], [-73.971857, 40.7760976], [-73.9718429, 40.7761116], [-73.9718064, 40.77614]]}}, {"type": "Feature", "properties": {"wayId": 580520661, "name": "", "highway": "footway"}, "geometry": {"type": "LineString", "coordinates": [[-73.9716102, 40.7786343], [-73.9715981, 40.7786232], [-73.9715886, 40.778611]]}}, {"type": "Feature", "properties": {"wayId": 583505064, "name": "East Drive", "highway": "pedestrian"}, "geometry": {"type": "LineString", "coordinates": [[-73.9543428, 40.7977354], [-73.9543045, 40.7979003], [-73.9542931, 40.7979691], [-73.9542879, 40.7980367], [-73.9542867, 40.7981017], [-73.9542907, 40.7981571], [-73.9542978, 40.7981909], [-73.9543097, 40.7982268], [-73.9543347, 40.798275], [-73.9543624, 40.7983179], [-73.954397, 40.7983599], [-73.9544475, 40.7984182], [-73.9545062, 40.7984751], [-73.9545624, 40.7985249], [-73.9546501, 40.7986006], [-73.9546892, 40.7986297], [-73.9548123, 40.7987314], [-73.9548802, 40.7987778], [-73.9549623, 40.7988321], [-73.9550301, 40.7988743], [-73.955039, 40.7988799], [-73.9551023, 40.7989169], [-73.9551885, 40.7989634], [-73.955275, 40.7990112]]}}, {"type": "Feature", "properties": {"wayId": 583505066, "name": "Center Drive", "highway": "pedestrian"}, "geometry": {"type": "LineString", "coordinates": [[-73.9785915, 40.7676861], [-73.9785107, 40.7676439], [-73.9784021, 40.7675876], [-73.9782272, 40.7675073], [-73.978105, 40.767452], [-73.9779556, 40.7673893], [-73.9778341, 40.7673418], [-73.9777121, 40.7673028], [-73.9775952, 40.767269], [-73.9775036, 40.7672448], [-73.9774218, 40.7672267]]}}, {"type": "Feature", "properties": {"wayId": 584839431, "name": "", "highway": "path"}, "geometry": {"type": "LineString", "coordinates": [[-73.9689515, 40.7807864], [-73.9688164, 40.7808418], [-73.9686341, 40.7811424], [-73.9684195, 40.7814551], [-73.9681781, 40.7818004], [-73.9678723, 40.7821741], [-73.9680278, 40.7822314]]}}, {"type": "Feature", "properties": {"wayId": 585664742, "name": "", "highway": "footway"}, "geometry": {"type": "LineString", "coordinates": [[-73.9599004, 40.7908336], [-73.9597745, 40.7908406], [-73.9597163, 40.7908416], [-73.959659, 40.7908376]]}}, {"type": "Feature", "properties": {"wayId": 600311758, "name": "", "highway": "footway"}, "geometry": {"type": "LineString", "coordinates": [[-73.9630063, 40.781634], [-73.9629097, 40.7816777]]}}, {"type": "Feature", "properties": {"wayId": 620505490, "name": "North Woods", "highway": "footway"}, "geometry": {"type": "LineString", "coordinates": [[-73.9550535, 40.798969], [-73.9550435, 40.7989919], [-73.9550371, 40.799018], [-73.9550351, 40.7990391], [-73.9550349, 40.799064]]}}, {"type": "Feature", "properties": {"wayId": 620505492, "name": "North Woods", "highway": "footway"}, "geometry": {"type": "LineString", "coordinates": [[-73.9551224, 40.7988954], [-73.9551023, 40.7989169], [-73.9550535, 40.798969]]}}, {"type": "Feature", "properties": {"wayId": 620505493, "name": "North Woods", "highway": "footway"}, "geometry": {"type": "LineString", "coordinates": [[-73.9555392, 40.7994245], [-73.9555689, 40.7993937], [-73.9555915, 40.7993784], [-73.9556289, 40.7993617], [-73.9556714, 40.7993529], [-73.9557156, 40.7993466], [-73.955756, 40.7993421], [-73.9557975, 40.7993418], [-73.9558414, 40.7993442], [-73.9559264, 40.7993563], [-73.9560182, 40.7993762], [-73.956103, 40.7993982], [-73.9561677, 40.7994179], [-73.9562009, 40.7994277], [-73.9562143, 40.7994321], [-73.9562294, 40.7994338], [-73.9562424, 40.799432], [-73.9562545, 40.7994251], [-73.9562635, 40.7994143], [-73.956273, 40.7993979], [-73.9562823, 40.7993772]]}}, {"type": "Feature", "properties": {"wayId": 620505496, "name": "North Woods", "highway": "footway"}, "geometry": {"type": "LineString", "coordinates": [[-73.9563072, 40.799312], [-73.9562937, 40.7993472], [-73.9562823, 40.7993772]]}}, {"type": "Feature", "properties": {"wayId": 620505498, "name": "", "highway": "footway"}, "geometry": {"type": "LineString", "coordinates": [[-73.9584717, 40.7987768], [-73.9584542, 40.7987806]]}}, {"type": "Feature", "properties": {"wayId": 620505500, "name": "", "highway": "footway"}, "geometry": {"type": "LineString", "coordinates": [[-73.9599151, 40.7979837], [-73.9598813, 40.7979707]]}}, {"type": "Feature", "properties": {"wayId": 620505501, "name": "North Woods", "highway": "footway"}, "geometry": {"type": "LineString", "coordinates": [[-73.9574654, 40.7981041], [-73.957479, 40.79809], [-73.9575191, 40.798078], [-73.9575556, 40.7980722], [-73.9575972, 40.7980636], [-73.9576417, 40.7980509], [-73.9576957, 40.7980347], [-73.9577362, 40.7980253], [-73.9577894, 40.7980228], [-73.95786, 40.7980232], [-73.9579163, 40.7980227], [-73.9579632, 40.798017], [-73.9580024, 40.7980083], [-73.9580491, 40.7979942], [-73.9580879, 40.797977], [-73.9581346, 40.7979507], [-73.9581907, 40.7979145], [-73.958299, 40.7978504]]}}, {"type": "Feature", "properties": {"wayId": 620505502, "name": "North Woods", "highway": "footway"}, "geometry": {"type": "LineString", "coordinates": [[-73.9574166, 40.7981629], [-73.9574403, 40.7981301], [-73.9574654, 40.7981041]]}}, {"type": "Feature", "properties": {"wayId": 620505504, "name": "", "highway": "footway"}, "geometry": {"type": "LineString", "coordinates": [[-73.956983, 40.7972591], [-73.9569255, 40.7972675], [-73.9568872, 40.797281], [-73.9568554, 40.7973065], [-73.9567615, 40.7973886], [-73.9567158, 40.7974326], [-73.9566685, 40.797469], [-73.9566235, 40.7974951], [-73.9565831, 40.797515], [-73.9565432, 40.7975303], [-73.9564721, 40.7975493], [-73.9564275, 40.7975626]]}}, {"type": "Feature", "properties": {"wayId": 620505506, "name": "", "highway": "footway"}, "geometry": {"type": "LineString", "coordinates": [[-73.9571033, 40.7972353], [-73.9570392, 40.7972469], [-73.956983, 40.7972591]]}}, {"type": "Feature", "properties": {"wayId": 620505507, "name": "", "highway": "footway"}, "geometry": {"type": "LineString", "coordinates": [[-73.956863, 40.7965085], [-73.9567982, 40.7965162], [-73.9567354, 40.7965183]]}}, {"type": "Feature", "properties": {"wayId": 620505509, "name": "", "highway": "footway"}, "geometry": {"type": "LineString", "coordinates": [[-73.9567354, 40.7965183], [-73.9566562, 40.7965211]]}}, {"type": "Feature", "properties": {"wayId": 635747115, "name": "", "highway": "footway"}, "geometry": {"type": "LineString", "coordinates": [[-73.9717465, 40.7694855], [-73.9717416, 40.7693071], [-73.9717, 40.7692349], [-73.9716917, 40.7692138], [-73.9716943, 40.769178], [-73.9717028, 40.7691585], [-73.9717201, 40.7691161], [-73.9717377, 40.7690409], [-73.9717822, 40.7689649]]}}, {"type": "Feature", "properties": {"wayId": 635747116, "name": "", "highway": "footway"}, "geometry": {"type": "LineString", "coordinates": [[-73.9716917, 40.7692138], [-73.9716431, 40.7692287], [-73.9716051, 40.7692359], [-73.971571, 40.7692384], [-73.9715362, 40.7692362], [-73.9714954, 40.7692261], [-73.9714617, 40.7692084], [-73.9714367, 40.7691903], [-73.9713958, 40.7691482], [-73.9713844, 40.7691163], [-73.9713773, 40.7690878], [-73.9713513, 40.7690427], [-73.9713205, 40.7690165], [-73.9712867, 40.7690075], [-73.9712584, 40.7690116], [-73.9712415, 40.7690222], [-73.9712246, 40.7690453], [-73.9712096, 40.7690914], [-73.9711505, 40.7693087], [-73.9711418, 40.7693299], [-73.9711109, 40.7693597]]}}, {"type": "Feature", "properties": {"wayId": 648888143, "name": "East Drive", "highway": "pedestrian"}, "geometry": {"type": "LineString", "coordinates": [[-73.9713563, 40.7700117], [-73.9713282, 40.7700419], [-73.9712937, 40.7700812], [-73.9712407, 40.770153], [-73.9711768, 40.7702489], [-73.9711648, 40.7702695]]}}, {"type": "Feature", "properties": {"wayId": 648888145, "name": "East Drive", "highway": "pedestrian"}, "geometry": {"type": "LineString", "coordinates": [[-73.9629601, 40.7815442], [-73.9627223, 40.7815989]]}}, {"type": "Feature", "properties": {"wayId": 648888147, "name": "East Drive", "highway": "pedestrian"}, "geometry": {"type": "LineString", "coordinates": [[-73.9556431, 40.795757], [-73.955668, 40.7957984], [-73.9556878, 40.7958419]]}}, {"type": "Feature", "properties": {"wayId": 648888148, "name": "West Drive", "highway": "pedestrian"}, "geometry": {"type": "LineString", "coordinates": [[-73.9591455, 40.7947868], [-73.9592349, 40.7945777]]}}, {"type": "Feature", "properties": {"wayId": 648888151, "name": "West Drive", "highway": "pedestrian"}, "geometry": {"type": "LineString", "coordinates": [[-73.9694289, 40.7819549], [-73.9694078, 40.7817478]]}}, {"type": "Feature", "properties": {"wayId": 648888153, "name": "West Drive", "highway": "pedestrian"}, "geometry": {"type": "LineString", "coordinates": [[-73.9748273, 40.7747049], [-73.9750207, 40.7746696], [-73.9751299, 40.774648], [-73.975224, 40.774619], [-73.97531, 40.774587], [-73.9753799, 40.7745554], [-73.9754351, 40.7745261]]}}, {"type": "Feature", "properties": {"wayId": 648888155, "name": "West Drive", "highway": "pedestrian"}, "geometry": {"type": "LineString", "coordinates": [[-73.9784708, 40.7708124], [-73.9786675, 40.7706569]]}}, {"type": "Feature", "properties": {"wayId": 648888156, "name": "West Drive", "highway": "pedestrian"}, "geometry": {"type": "LineString", "coordinates": [[-73.9798807, 40.7693518], [-73.9799165, 40.7692679], [-73.9799478, 40.769184]]}}, {"type": "Feature", "properties": {"wayId": 648888157, "name": "West Drive", "highway": "pedestrian"}, "geometry": {"type": "LineString", "coordinates": [[-73.9799478, 40.769184], [-73.9799575, 40.7691506], [-73.9799668, 40.7691023], [-73.97997, 40.7690584], [-73.9799711, 40.7690097], [-73.9799629, 40.7689516], [-73.9799488, 40.7689031], [-73.9799226, 40.768838], [-73.9798937, 40.7687808], [-73.9798543, 40.7687147], [-73.9798069, 40.7686358], [-73.979749, 40.7685554], [-73.9796833, 40.7684689], [-73.9796132, 40.7683937], [-73.9795148, 40.7682952], [-73.9794274, 40.7682208], [-73.9793471, 40.7681596], [-73.9792302, 40.7680768], [-73.9789424, 40.7678878], [-73.9788872, 40.7678551]]}}, {"type": "Feature", "properties": {"wayId": 648894331, "name": "North Woods", "highway": "footway"}, "geometry": {"type": "LineString", "coordinates": [[-73.9598813, 40.7979707], [-73.9599303, 40.7978735], [-73.9599357, 40.7978622], [-73.9599385, 40.7978534], [-73.9599388, 40.7978442]]}}, {"type": "Feature", "properties": {"wayId": 671922314, "name": "", "highway": "footway"}, "geometry": {"type": "LineString", "coordinates": [[-73.9639844, 40.7884629], [-73.9639945, 40.7882743]]}}, {"type": "Feature", "properties": {"wayId": 689009121, "name": "", "highway": "footway"}, "geometry": {"type": "LineString", "coordinates": [[-73.9707371, 40.7777174], [-73.9707283, 40.7777285]]}}, {"type": "Feature", "properties": {"wayId": 689009124, "name": "", "highway": "footway"}, "geometry": {"type": "LineString", "coordinates": [[-73.9712097, 40.7774734], [-73.9711798, 40.7774627], [-73.9711611, 40.7774527], [-73.9711378, 40.7774348], [-73.9711244, 40.7774142], [-73.9711143, 40.7773801], [-73.9711091, 40.7773502], [-73.9711088, 40.7773312], [-73.9711132, 40.7773132], [-73.9711362, 40.7772923], [-73.9711752, 40.7772644], [-73.9712256, 40.7772314], [-73.9712695, 40.7771986], [-73.9713038, 40.7771716], [-73.971348, 40.777133], [-73.9713968, 40.7770864], [-73.9714474, 40.7770357], [-73.9714937, 40.7769871], [-73.9715713, 40.7768963], [-73.9715966, 40.7768585], [-73.9716461, 40.7767687], [-73.9716617, 40.7767317], [-73.9716723, 40.7766946], [-73.9716771, 40.7766669], [-73.971677, 40.7766282], [-73.971668, 40.7765698], [-73.971663, 40.776529], [-73.971659, 40.7764797], [-73.9716584, 40.7764522], [-73.9716577, 40.7764355], [-73.9716582, 40.7763961], [-73.9716541, 40.7763646], [-73.9716563, 40.7763347]]}}, {"type": "Feature", "properties": {"wayId": 689009128, "name": "", "highway": "footway"}, "geometry": {"type": "LineString", "coordinates": [[-73.9712443, 40.7774882], [-73.9712097, 40.7774734]]}}, {"type": "Feature", "properties": {"wayId": 689009131, "name": "", "highway": "footway"}, "geometry": {"type": "LineString", "coordinates": [[-73.9707166, 40.7774408], [-73.9707072, 40.7774339], [-73.9706789, 40.7774125]]}}, {"type": "Feature", "properties": {"wayId": 689009134, "name": "", "highway": "footway"}, "geometry": {"type": "LineString", "coordinates": [[-73.9699197, 40.7769904], [-73.9698946, 40.7769755]]}}, {"type": "Feature", "properties": {"wayId": 689009136, "name": "", "highway": "footway"}, "geometry": {"type": "LineString", "coordinates": [[-73.9699468, 40.7770196], [-73.9699335, 40.7770047], [-73.9699197, 40.7769904]]}}, {"type": "Feature", "properties": {"wayId": 689009144, "name": "West Drive", "highway": "pedestrian"}, "geometry": {"type": "LineString", "coordinates": [[-73.9741555, 40.7770071], [-73.9741533, 40.7769158], [-73.974142, 40.7768164], [-73.9740061, 40.7758173], [-73.9739973, 40.7756978], [-73.9739978, 40.7756199], [-73.9740005, 40.7755361], [-73.9740077, 40.7754922], [-73.9740156, 40.7754442], [-73.9740352, 40.7753658], [-73.9740584, 40.7752943], [-73.9740857, 40.7752275], [-73.974127, 40.7751492], [-73.974168, 40.7750797], [-73.9741848, 40.7750566], [-73.9742135, 40.7750172], [-73.9742628, 40.774965], [-73.9743094, 40.7749229], [-73.974361, 40.7748849], [-73.9744375, 40.7748407], [-73.9744816, 40.774817], [-73.9745352, 40.7747908]]}}, {"type": "Feature", "properties": {"wayId": 689009148, "name": "West Drive", "highway": "pedestrian"}, "geometry": {"type": "LineString", "coordinates": [[-73.9724391, 40.7786911], [-73.9725126, 40.778647]]}}, {"type": "Feature", "properties": {"wayId": 689009157, "name": "", "highway": "footway"}, "geometry": {"type": "LineString", "coordinates": [[-73.9723529, 40.7786203], [-73.9722028, 40.778707]]}}, {"type": "Feature", "properties": {"wayId": 689009159, "name": "", "highway": "footway"}, "geometry": {"type": "LineString", "coordinates": [[-73.972432, 40.7785753], [-73.9723529, 40.7786203]]}}, {"type": "Feature", "properties": {"wayId": 689009162, "name": "", "highway": "footway"}, "geometry": {"type": "LineString", "coordinates": [[-73.9726299, 40.7792172], [-73.9725908, 40.7792588]]}}, {"type": "Feature", "properties": {"wayId": 700608362, "name": "", "highway": "footway"}, "geometry": {"type": "LineString", "coordinates": [[-73.9669234, 40.7844816], [-73.9669468, 40.784517], [-73.9670139, 40.7845547]]}}, {"type": "Feature", "properties": {"wayId": 700608363, "name": "", "highway": "footway"}, "geometry": {"type": "LineString", "coordinates": [[-73.9715689, 40.7818217], [-73.9716099, 40.7818495], [-73.9716685, 40.7818662], [-73.9717052, 40.7818784]]}}, {"type": "Feature", "properties": {"wayId": 700608366, "name": "", "highway": "footway"}, "geometry": {"type": "LineString", "coordinates": [[-73.9728256, 40.7785178], [-73.9729317, 40.7785267], [-73.9730218, 40.7785467]]}}, {"type": "Feature", "properties": {"wayId": 700608367, "name": "", "highway": "footway"}, "geometry": {"type": "LineString", "coordinates": [[-73.9728056, 40.7789148], [-73.9728585, 40.7789367], [-73.9728928, 40.7789558], [-73.9729398, 40.7790034]]}}, {"type": "Feature", "properties": {"wayId": 700608368, "name": "", "highway": "footway"}, "geometry": {"type": "LineString", "coordinates": [[-73.9731956, 40.7783855], [-73.973091, 40.7784668], [-73.9730399, 40.778526], [-73.9730218, 40.7785467], [-73.9729783, 40.77864], [-73.9729659, 40.7786732], [-73.9729623, 40.7787169], [-73.9729631, 40.7787687], [-73.9729779, 40.7788249], [-73.973011, 40.7788881], [-73.9730559, 40.778952]]}}, {"type": "Feature", "properties": {"wayId": 700608369, "name": "", "highway": "footway"}, "geometry": {"type": "LineString", "coordinates": [[-73.9734052, 40.7780108], [-73.9733814, 40.7779722], [-73.9733559, 40.7779397], [-73.973325, 40.7779165]]}}, {"type": "Feature", "properties": {"wayId": 700608370, "name": "", "highway": "footway"}, "geometry": {"type": "LineString", "coordinates": [[-73.9713772, 40.7783439], [-73.9713909, 40.7783389]]}}, {"type": "Feature", "properties": {"wayId": 700608371, "name": "Ramble Stone Arch", "highway": "footway"}, "geometry": {"type": "LineString", "coordinates": [[-73.9713133, 40.7784185], [-73.9713772, 40.7783439]]}}, {"type": "Feature", "properties": {"wayId": 700608372, "name": "", "highway": "footway"}, "geometry": {"type": "LineString", "coordinates": [[-73.9711431, 40.7821256], [-73.9712649, 40.7820014]]}}, {"type": "Feature", "properties": {"wayId": 700608373, "name": "", "highway": "footway"}, "geometry": {"type": "LineString", "coordinates": [[-73.9694351, 40.7839713], [-73.9694165, 40.784092], [-73.9694166, 40.7841374], [-73.9694211, 40.784187], [-73.9694358, 40.7842374], [-73.969461, 40.7842904], [-73.9694852, 40.7843264], [-73.9695136, 40.7843578], [-73.9695613, 40.7843996], [-73.969735, 40.784514]]}}, {"type": "Feature", "properties": {"wayId": 700608374, "name": "", "highway": "footway"}, "geometry": {"type": "LineString", "coordinates": [[-73.9664477, 40.7827234], [-73.9664854, 40.7828669], [-73.9665096, 40.7829766], [-73.966506, 40.7831846]]}}, {"type": "Feature", "properties": {"wayId": 700608375, "name": "", "highway": "path"}, "geometry": {"type": "LineString", "coordinates": [[-73.9664474, 40.7877526], [-73.9663526, 40.7876922], [-73.9663312, 40.7876496], [-73.966358, 40.7875379], [-73.9664197, 40.7873673], [-73.9664385, 40.7871744], [-73.9666316, 40.7865692], [-73.9666396, 40.7863661], [-73.9666584, 40.7861915], [-73.9667523, 40.7856939], [-73.9668247, 40.7853893], [-73.9669323, 40.7853006]]}}, {"type": "Feature", "properties": {"wayId": 700608376, "name": "", "highway": "footway"}, "geometry": {"type": "LineString", "coordinates": [[-73.962577, 40.7892173], [-73.9625976, 40.7891503], [-73.9626016, 40.7890915], [-73.962597, 40.7890572]]}}, {"type": "Feature", "properties": {"wayId": 700608377, "name": "", "highway": "path"}, "geometry": {"type": "LineString", "coordinates": [[-73.9624629, 40.789245], [-73.9623065, 40.7892387], [-73.962159, 40.7892275], [-73.9620651, 40.7892174], [-73.9619686, 40.789193], [-73.9617915, 40.7891483], [-73.961683, 40.7891129]]}}, {"type": "Feature", "properties": {"wayId": 700608378, "name": "", "highway": "footway"}, "geometry": {"type": "LineString", "coordinates": [[-73.9611785, 40.7905656], [-73.9613315, 40.7905637], [-73.9615287, 40.7905404], [-73.9617325, 40.7905201], [-73.961876, 40.7904977], [-73.9619806, 40.7904723], [-73.9620477, 40.7904693], [-73.9621773, 40.7904968]]}}, {"type": "Feature", "properties": {"wayId": 700608379, "name": "", "highway": "path"}, "geometry": {"type": "LineString", "coordinates": [[-73.9626788, 40.7911039], [-73.9628577, 40.7910734], [-73.9630246, 40.791033]]}}, {"type": "Feature", "properties": {"wayId": 700608380, "name": "", "highway": "footway"}, "geometry": {"type": "LineString", "coordinates": [[-73.9627201, 40.7923967], [-73.9626673, 40.7923792], [-73.9626123, 40.7923487], [-73.962568, 40.7923172], [-73.9625399, 40.7922665], [-73.9625157, 40.7922045], [-73.9624983, 40.7920969], [-73.9624996, 40.7920157], [-73.9625157, 40.7919324], [-73.9625729, 40.7918045]]}}, {"type": "Feature", "properties": {"wayId": 719105673, "name": "Central Park Outer Loop", "highway": "footway"}, "geometry": {"type": "LineString", "coordinates": [[-73.9760902, 40.7657687], [-73.9761987, 40.7658146], [-73.9763274, 40.7658669]]}}, {"type": "Feature", "properties": {"wayId": 719105674, "name": "Central Park Outer Loop", "highway": "footway"}, "geometry": {"type": "LineString", "coordinates": [[-73.9763274, 40.7658669], [-73.9767109, 40.7660318], [-73.9775531, 40.7663891], [-73.9789008, 40.7669582], [-73.978922, 40.7669664]]}}, {"type": "Feature", "properties": {"wayId": 719105676, "name": "Central Park Outer Loop", "highway": "footway"}, "geometry": {"type": "LineString", "coordinates": [[-73.978922, 40.7669664], [-73.9789983, 40.7669978], [-73.9790819, 40.7670322]]}}, {"type": "Feature", "properties": {"wayId": 719105677, "name": "", "highway": "footway"}, "geometry": {"type": "LineString", "coordinates": [[-73.9791383, 40.7670165], [-73.9791913, 40.7669248], [-73.9792385, 40.7668436]]}}, {"type": "Feature", "properties": {"wayId": 719105678, "name": "Central Park Outer Loop", "highway": "footway"}, "geometry": {"type": "LineString", "coordinates": [[-73.9791209, 40.7670462], [-73.9793546, 40.7671394], [-73.9810355, 40.7678459], [-73.9811726, 40.7679061]]}}, {"type": "Feature", "properties": {"wayId": 739699911, "name": "", "highway": "footway"}, "geometry": {"type": "LineString", "coordinates": [[-73.9615185, 40.7802621], [-73.9615756, 40.7803317], [-73.9617524, 40.7804739], [-73.9621506, 40.7808478], [-73.9622767, 40.7808911], [-73.9624339, 40.7809343], [-73.9625696, 40.7809661], [-73.9626657, 40.7809841], [-73.9627113, 40.7809895], [-73.9627656, 40.7809949], [-73.9628248, 40.7810003], [-73.9628904, 40.7810045], [-73.962977, 40.7810064], [-73.963037, 40.7810099], [-73.9630806, 40.7810152], [-73.9631182, 40.7810226], [-73.9631611, 40.7810308], [-73.9632014, 40.7810451], [-73.9632344, 40.7810599], [-73.9632606, 40.7810722], [-73.9633079, 40.7810958], [-73.9633482, 40.7811175], [-73.9634022, 40.7811497], [-73.9634648, 40.7811882], [-73.9635062, 40.7812022], [-73.9635591, 40.781156], [-73.9635944, 40.7810848], [-73.9636077, 40.7810301], [-73.9636226, 40.7809394], [-73.9636354, 40.7808989], [-73.9636613, 40.7808551], [-73.9636978, 40.7808038], [-73.96373, 40.7807578], [-73.9637744, 40.7807086], [-73.9638347, 40.7806529], [-73.9638789, 40.7806182], [-73.9639221, 40.7805839], [-73.9639743, 40.7805485], [-73.9640174, 40.7805221], [-73.9640739, 40.7804885], [-73.9641466, 40.780446], [-73.9642195, 40.7804013], [-73.9642902, 40.7803576]]}}, {"type": "Feature", "properties": {"wayId": 740085323, "name": "", "highway": "footway"}, "geometry": {"type": "LineString", "coordinates": [[-73.9696609, 40.769167], [-73.9695996, 40.7691438]]}}, {"type": "Feature", "properties": {"wayId": 747180774, "name": "", "highway": "footway"}, "geometry": {"type": "LineString", "coordinates": [[-73.965492, 40.775518], [-73.9655722, 40.7754679], [-73.9656458, 40.7753835], [-73.9657267, 40.7753038], [-73.9657713, 40.7752201], [-73.9657881, 40.7751554], [-73.9657938, 40.7750658], [-73.9657896, 40.7749657], [-73.9658014, 40.7749048], [-73.9658244, 40.7748429], [-73.9658537, 40.7747935], [-73.9658929, 40.7747432], [-73.9659232, 40.7747195], [-73.966005, 40.7746875], [-73.9661515, 40.7746506], [-73.9662229, 40.7746333], [-73.966278, 40.7746079], [-73.9663386, 40.7745701], [-73.9664017, 40.7745198], [-73.9665431, 40.7743588], [-73.9666382, 40.7742255], [-73.9666504, 40.7742085], [-73.9667617, 40.7740609], [-73.9668822, 40.7739031], [-73.9669399, 40.7738277], [-73.9669845, 40.7737488], [-73.9669972, 40.7737317], [-73.9670858, 40.773612], [-73.967105, 40.7735739], [-73.9671242, 40.7735178], [-73.9671159, 40.7734615], [-73.9670851, 40.7733861], [-73.9670357, 40.7732944], [-73.9670063, 40.7732113], [-73.9669955, 40.7731455], [-73.9670072, 40.7731045], [-73.9670389, 40.7730542], [-73.9671209, 40.7729955], [-73.9672166, 40.772933], [-73.9672946, 40.7729029], [-73.9673886, 40.7729033], [-73.967494, 40.772899]]}}, {"type": "Feature", "properties": {"wayId": 759042740, "name": "", "highway": "footway"}, "geometry": {"type": "LineString", "coordinates": [[-73.953042, 40.7918248], [-73.953192, 40.7918984], [-73.9533793, 40.7920058], [-73.9534296, 40.7920318], [-73.9534551, 40.7920466], [-73.9534797, 40.7920655], [-73.9535076, 40.792096], [-73.9535381, 40.7921384], [-73.9535807, 40.7921991]]}}, {"type": "Feature", "properties": {"wayId": 759401757, "name": "", "highway": "footway"}, "geometry": {"type": "LineString", "coordinates": [[-73.9517545, 40.7945356], [-73.951768, 40.7945162]]}}, {"type": "Feature", "properties": {"wayId": 759401758, "name": "", "highway": "steps"}, "geometry": {"type": "LineString", "coordinates": [[-73.9517831, 40.7944945], [-73.9518069, 40.7944641]]}}, {"type": "Feature", "properties": {"wayId": 759431687, "name": "", "highway": "footway"}, "geometry": {"type": "LineString", "coordinates": [[-73.9588449, 40.7841106], [-73.9589653, 40.7839526], [-73.9591713, 40.7836708], [-73.9593829, 40.7833891], [-73.9595703, 40.7831298], [-73.9597308, 40.7829085], [-73.9598793, 40.7827005], [-73.9600138, 40.7825207], [-73.9602003, 40.7822705], [-73.9602755, 40.7821659], [-73.9603525, 40.7820555], [-73.960436, 40.7819445], [-73.9605891, 40.7817597], [-73.9606262, 40.7817148], [-73.9606652, 40.7816775], [-73.9607181, 40.7816438], [-73.9607868, 40.7816052], [-73.9608554, 40.78157], [-73.9609148, 40.781537], [-73.9609946, 40.7815152], [-73.9610549, 40.7814963], [-73.9611227, 40.781478], [-73.9611969, 40.7814618], [-73.9612628, 40.7814513], [-73.9613222, 40.7814457], [-73.9613955, 40.7814429], [-73.9614725, 40.7814429], [-73.9615467, 40.7814422], [-73.9616198, 40.781446], [-73.9617889, 40.781471], [-73.9621072, 40.7815195], [-73.9622035, 40.7815327], [-73.962492, 40.7815715], [-73.9625323, 40.7815774], [-73.9625984, 40.7815714], [-73.9626894, 40.781559]]}}, {"type": "Feature", "properties": {"wayId": 759431709, "name": "", "highway": "footway"}, "geometry": {"type": "LineString", "coordinates": [[-73.9587244, 40.7842788], [-73.9587957, 40.7841793], [-73.9588449, 40.7841106]]}}, {"type": "Feature", "properties": {"wayId": 759491295, "name": "", "highway": "footway"}, "geometry": {"type": "LineString", "coordinates": [[-73.9665476, 40.7781149], [-73.966577, 40.7781925]]}}, {"type": "Feature", "properties": {"wayId": 759491306, "name": "", "highway": "footway"}, "geometry": {"type": "LineString", "coordinates": [[-73.9651692, 40.7752435], [-73.9652592, 40.7752845], [-73.9653832, 40.775371], [-73.965492, 40.775518]]}}, {"type": "Feature", "properties": {"wayId": 760433108, "name": "", "highway": "footway"}, "geometry": {"type": "LineString", "coordinates": [[-73.9648829, 40.7777028], [-73.9648049, 40.7776456], [-73.9647338, 40.7775838], [-73.9646891, 40.7775351], [-73.9646345, 40.7774806], [-73.9645606, 40.7774076], [-73.9644414, 40.7772981], [-73.9643327, 40.7772143], [-73.9642191, 40.7771356], [-73.9641742, 40.7771062], [-73.9640901, 40.7770597], [-73.9639913, 40.7770073], [-73.9639151, 40.7769594]]}}, {"type": "Feature", "properties": {"wayId": 760433109, "name": "", "highway": "footway"}, "geometry": {"type": "LineString", "coordinates": [[-73.9715689, 40.7818217], [-73.9715321, 40.7817781], [-73.9715012, 40.7817264], [-73.9714899, 40.7816692], [-73.9714858, 40.7816108], [-73.9714922, 40.7815523], [-73.9715044, 40.7815045], [-73.971527, 40.7814293], [-73.9717114, 40.780956], [-73.9717317, 40.7809001], [-73.9717414, 40.780861], [-73.971749, 40.7808217], [-73.9717526, 40.7807839], [-73.9717553, 40.7807264], [-73.9717525, 40.7806506], [-73.9717386, 40.7805624], [-73.9717161, 40.780487], [-73.9716902, 40.78043], [-73.9716554, 40.7803664], [-73.9716289, 40.7803294], [-73.9715932, 40.7802858], [-73.9715582, 40.7802603], [-73.9713239, 40.7800865]]}}, {"type": "Feature", "properties": {"wayId": 760433112, "name": "", "highway": "footway"}, "geometry": {"type": "LineString", "coordinates": [[-73.9651205, 40.7778607], [-73.9650456, 40.7778135], [-73.9648829, 40.7777028]]}}, {"type": "Feature", "properties": {"wayId": 760433113, "name": "", "highway": "footway"}, "geometry": {"type": "LineString", "coordinates": [[-73.9708169, 40.7798673], [-73.971241, 40.7801614]]}}, {"type": "Feature", "properties": {"wayId": 760433115, "name": "", "highway": "footway"}, "geometry": {"type": "LineString", "coordinates": [[-73.9715689, 40.7818217], [-73.9716297, 40.781704], [-73.9716849, 40.7815549], [-73.9717651, 40.7813265], [-73.9718242, 40.7812056], [-73.971886, 40.7810784], [-73.9718982, 40.7810348], [-73.9719157, 40.780903], [-73.9719403, 40.7807816], [-73.9719587, 40.7806932], [-73.9719881, 40.7806159], [-73.9719977, 40.7805787], [-73.971988, 40.7805394], [-73.9718924, 40.7804519], [-73.9718243, 40.7804013], [-73.9718075, 40.7803605], [-73.9718029, 40.7803048], [-73.9718191, 40.7802481]]}}, {"type": "Feature", "properties": {"wayId": 760433118, "name": "", "highway": "footway"}, "geometry": {"type": "LineString", "coordinates": [[-73.9713239, 40.7800865], [-73.9708943, 40.7798008]]}}, {"type": "Feature", "properties": {"wayId": 760433121, "name": "", "highway": "footway"}, "geometry": {"type": "LineString", "coordinates": [[-73.9647965, 40.7777747], [-73.9649002, 40.7778445], [-73.9650376, 40.7779338]]}}, {"type": "Feature", "properties": {"wayId": 760433123, "name": "", "highway": "footway"}, "geometry": {"type": "LineString", "coordinates": [[-73.9637261, 40.7771393], [-73.9637819, 40.7771463], [-73.9638262, 40.7771522], [-73.9639668, 40.7772201], [-73.9640974, 40.7772938], [-73.9642664, 40.7774011], [-73.9647107, 40.7777142], [-73.9647965, 40.7777747]]}}, {"type": "Feature", "properties": {"wayId": 760433124, "name": "", "highway": "footway"}, "geometry": {"type": "LineString", "coordinates": [[-73.971241, 40.7801614], [-73.9713664, 40.7802502], [-73.9714104, 40.7802948], [-73.9714446, 40.7803385], [-73.9714821, 40.7804078], [-73.9715123, 40.7804749], [-73.9715284, 40.7805329], [-73.9715335, 40.780611], [-73.9715331, 40.7806961], [-73.9715262, 40.780772], [-73.9715157, 40.7808287], [-73.9714957, 40.7808846], [-73.9714211, 40.781082], [-73.9713095, 40.7813647], [-73.971272, 40.7814709], [-73.9712582, 40.781529], [-73.9712514, 40.7815837], [-73.9712501, 40.7816652], [-73.9712534, 40.7816999], [-73.9712594, 40.7817311], [-73.9712744, 40.7817729], [-73.97129, 40.7818067], [-73.9713053, 40.7818418], [-73.9713331, 40.7818872], [-73.9713679, 40.7819355], [-73.9714281, 40.781993], [-73.971529, 40.7820616]]}}, {"type": "Feature", "properties": {"wayId": 760449158, "name": "", "highway": "footway"}, "geometry": {"type": "LineString", "coordinates": [[-73.9689264, 40.7790476], [-73.9680126, 40.7786614], [-73.9673276, 40.7783723], [-73.9672311, 40.7783341], [-73.967043, 40.7782741], [-73.9667648, 40.7782126]]}}, {"type": "Feature", "properties": {"wayId": 760449159, "name": "", "highway": "footway"}, "geometry": {"type": "LineString", "coordinates": [[-73.9667334, 40.7783109], [-73.9668682, 40.7783349], [-73.9669929, 40.7783605], [-73.9671428, 40.7784039], [-73.9672853, 40.778455], [-73.9688618, 40.7791212]]}}, {"type": "Feature", "properties": {"wayId": 760449160, "name": "", "highway": "footway"}, "geometry": {"type": "LineString", "coordinates": [[-73.9650376, 40.7779338], [-73.9651401, 40.7779903], [-73.9652623, 40.7780402], [-73.9653735, 40.7780807], [-73.965462, 40.7781036], [-73.9656791, 40.7781518], [-73.9657888, 40.7781673], [-73.965936, 40.7781753], [-73.9660854, 40.7781755], [-73.9661907, 40.7781859], [-73.9663033, 40.7782077]]}}, {"type": "Feature", "properties": {"wayId": 760449161, "name": "", "highway": "footway"}, "geometry": {"type": "LineString", "coordinates": [[-73.9667648, 40.7782126], [-73.9663541, 40.7781147]]}}, {"type": "Feature", "properties": {"wayId": 760449162, "name": "", "highway": "footway"}, "geometry": {"type": "LineString", "coordinates": [[-73.9663541, 40.7781147], [-73.9663048, 40.7781051], [-73.966219, 40.7780935], [-73.9661198, 40.778082], [-73.9660859, 40.7780814], [-73.9659376, 40.7780719], [-73.9657941, 40.7780639], [-73.9656967, 40.7780537], [-73.9655911, 40.7780383], [-73.9655287, 40.7780249], [-73.9654408, 40.7779987], [-73.9653678, 40.7779722], [-73.9652788, 40.7779411], [-73.9652084, 40.7779096], [-73.9651205, 40.7778607]]}}, {"type": "Feature", "properties": {"wayId": 760449163, "name": "", "highway": "footway"}, "geometry": {"type": "LineString", "coordinates": [[-73.9663033, 40.7782077], [-73.9667334, 40.7783109]]}}, {"type": "Feature", "properties": {"wayId": 760470477, "name": "", "highway": "footway"}, "geometry": {"type": "LineString", "coordinates": [[-73.9688618, 40.7791212], [-73.9693211, 40.7793222]]}}, {"type": "Feature", "properties": {"wayId": 760470478, "name": "", "highway": "footway"}, "geometry": {"type": "LineString", "coordinates": [[-73.9708943, 40.7798008], [-73.9707792, 40.7797378], [-73.9706279, 40.7796625], [-73.9704269, 40.7795799], [-73.9703024, 40.7795353], [-73.9698341, 40.779401], [-73.969613, 40.7793274], [-73.9693756, 40.779236]]}}, {"type": "Feature", "properties": {"wayId": 760470479, "name": "", "highway": "footway"}, "geometry": {"type": "LineString", "coordinates": [[-73.9693211, 40.7793222], [-73.9695418, 40.7794075], [-73.9696875, 40.779456], [-73.9699127, 40.7795197], [-73.9702097, 40.779608], [-73.9704065, 40.7796759], [-73.9706222, 40.7797682], [-73.9707264, 40.7798164], [-73.9708169, 40.7798673]]}}, {"type": "Feature", "properties": {"wayId": 760514882, "name": "", "highway": "footway"}, "geometry": {"type": "LineString", "coordinates": [[-73.9726752, 40.7791778], [-73.9727016, 40.779097], [-73.9727124, 40.779033], [-73.9727217, 40.7789896], [-73.9727305, 40.7789577], [-73.9727563, 40.7789317], [-73.9728056, 40.7789148], [-73.9727983, 40.7788361], [-73.9727938, 40.7787835], [-73.9727938, 40.778725], [-73.9728133, 40.7786233], [-73.9728204, 40.7785711], [-73.9728255, 40.7785402], [-73.9728256, 40.7785178]]}}, {"type": "Feature", "properties": {"wayId": 760514885, "name": "", "highway": "footway"}, "geometry": {"type": "LineString", "coordinates": [[-73.9730802, 40.7790754], [-73.9730559, 40.778952]]}}, {"type": "Feature", "properties": {"wayId": 760615255, "name": "", "highway": "footway"}, "geometry": {"type": "LineString", "coordinates": [[-73.9730802, 40.7790754], [-73.9729398, 40.7790034]]}}, {"type": "Feature", "properties": {"wayId": 760665070, "name": "North Woods", "highway": "footway"}, "geometry": {"type": "LineString", "coordinates": [[-73.9616011, 40.7951826], [-73.9615932, 40.7952329], [-73.9615395, 40.7953668], [-73.9614815, 40.7954921], [-73.9614066, 40.7956261], [-73.9612967, 40.7957541], [-73.961211, 40.7958144], [-73.9611518, 40.7958434], [-73.9610939, 40.795866], [-73.9610286, 40.7958841]]}}, {"type": "Feature", "properties": {"wayId": 760700388, "name": "West 77th Street", "highway": "pedestrian"}, "geometry": {"type": "LineString", "coordinates": [[-73.9734592, 40.7794183], [-73.9733832, 40.779377]]}}, {"type": "Feature", "properties": {"wayId": 760700389, "name": "", "highway": "footway"}, "geometry": {"type": "LineString", "coordinates": [[-73.9738343, 40.7752569], [-73.9738906, 40.775349], [-73.9740077, 40.7754922]]}}, {"type": "Feature", "properties": {"wayId": 760700390, "name": "West 77th Street", "highway": "pedestrian"}, "geometry": {"type": "LineString", "coordinates": [[-73.9733832, 40.779377], [-73.9730802, 40.7790754]]}}, {"type": "Feature", "properties": {"wayId": 760700391, "name": "West 77th Street", "highway": "pedestrian"}, "geometry": {"type": "LineString", "coordinates": [[-73.9730802, 40.7790754], [-73.9730027, 40.7789851], [-73.9729499, 40.7789101], [-73.9729234, 40.7788699], [-73.9729022, 40.7788151], [-73.9728854, 40.7787343], [-73.9728892, 40.7786739], [-73.9729011, 40.7786168], [-73.9729317, 40.7785267], [-73.9729677, 40.7784492], [-73.9730123, 40.7783652]]}}, {"type": "Feature", "properties": {"wayId": 760700392, "name": "", "highway": "footway"}, "geometry": {"type": "LineString", "coordinates": [[-73.9738576, 40.7758984], [-73.9737058, 40.775956], [-73.9736212, 40.7759887]]}}, {"type": "Feature", "properties": {"wayId": 760704787, "name": "", "highway": "footway"}, "geometry": {"type": "LineString", "coordinates": [[-73.9758052, 40.7760772], [-73.9758898, 40.7760918], [-73.9759205, 40.7760971]]}}, {"type": "Feature", "properties": {"wayId": 760709949, "name": "", "highway": "footway"}, "geometry": {"type": "LineString", "coordinates": [[-73.9546517, 40.7899767], [-73.9544597, 40.7898923]]}}, {"type": "Feature", "properties": {"wayId": 760709950, "name": "", "highway": "footway"}, "geometry": {"type": "LineString", "coordinates": [[-73.9557691, 40.7891445], [-73.9557305, 40.7891168], [-73.9556876, 40.7890817], [-73.9556519, 40.7890499], [-73.9556113, 40.7890189], [-73.9555696, 40.7889926], [-73.955511, 40.7889615], [-73.9553711, 40.7889013], [-73.9552295, 40.7888409]]}}, {"type": "Feature", "properties": {"wayId": 760727185, "name": "", "highway": "footway"}, "geometry": {"type": "LineString", "coordinates": [[-73.9627235, 40.7916528], [-73.9623933, 40.7915383]]}}, {"type": "Feature", "properties": {"wayId": 760727186, "name": "", "highway": "footway"}, "geometry": {"type": "LineString", "coordinates": [[-73.9623933, 40.7915383], [-73.9618865, 40.7913221], [-73.961616, 40.7911944], [-73.9613476, 40.7910553], [-73.9611039, 40.7909124], [-73.9607668, 40.7906765], [-73.9606227, 40.790579], [-73.9604075, 40.7904561], [-73.960277, 40.7903899], [-73.9601196, 40.7903181], [-73.9598365, 40.7902237], [-73.9596751, 40.790178], [-73.9591329, 40.7900758], [-73.9589316, 40.7900308], [-73.9587505, 40.7899808], [-73.9584665, 40.7898794], [-73.9576705, 40.7895397]]}}, {"type": "Feature", "properties": {"wayId": 760727189, "name": "", "highway": "footway"}, "geometry": {"type": "LineString", "coordinates": [[-73.964611, 40.7915537], [-73.9645686, 40.7915461], [-73.9644344, 40.7914718], [-73.9643896, 40.7914459], [-73.96433, 40.791413], [-73.9642441, 40.7913618], [-73.9640568, 40.7912631], [-73.9639752, 40.7912151], [-73.9639509, 40.7911997], [-73.9639304, 40.7911813], [-73.9639048, 40.7911561], [-73.9638775, 40.7911244], [-73.9638566, 40.7910989], [-73.9638398, 40.7910689], [-73.9638222, 40.7910226], [-73.9638086, 40.7909882], [-73.9637903, 40.7909404], [-73.9637581, 40.7908881], [-73.9637159, 40.7908388]]}}, {"type": "Feature", "properties": {"wayId": 760727190, "name": "Northwest Central Park Loop", "highway": "footway"}, "geometry": {"type": "LineString", "coordinates": [[-73.963189, 40.7922216], [-73.9631849, 40.7923467], [-73.9631447, 40.7924848], [-73.9630669, 40.7926615], [-73.9629543, 40.7928503], [-73.9628309, 40.793025], [-73.9627171, 40.7931487], [-73.9625728, 40.7932856], [-73.9623967, 40.7934171], [-73.9622218, 40.7935386], [-73.9621359, 40.7935794], [-73.961993, 40.7936412], [-73.9619659, 40.793656], [-73.961939, 40.7936751], [-73.9618948, 40.7937103]]}}, {"type": "Feature", "properties": {"wayId": 760727191, "name": "", "highway": "footway"}, "geometry": {"type": "LineString", "coordinates": [[-73.9576705, 40.7895397], [-73.9572037, 40.7893492]]}}, {"type": "Feature", "properties": {"wayId": 760727193, "name": "Northwest Central Park Loop", "highway": "steps"}, "geometry": {"type": "LineString", "coordinates": [[-73.963162, 40.7921567], [-73.9631791, 40.7921785], [-73.9631848, 40.7921878], [-73.9631884, 40.7921995], [-73.9631894, 40.7922116], [-73.963189, 40.7922216]]}}, {"type": "Feature", "properties": {"wayId": 760727195, "name": "", "highway": "footway"}, "geometry": {"type": "LineString", "coordinates": [[-73.9641454, 40.7914395], [-73.9640856, 40.7914533], [-73.9640277, 40.7914817], [-73.9639899, 40.7914922], [-73.9638288, 40.7915201], [-73.9635293, 40.7916455], [-73.9633667, 40.7916857], [-73.9632083, 40.7917165], [-73.9631374, 40.7917233], [-73.9630663, 40.7917239], [-73.9630058, 40.7917215], [-73.9629552, 40.7917106], [-73.9627235, 40.7916528]]}}, {"type": "Feature", "properties": {"wayId": 760727196, "name": "", "highway": "footway"}, "geometry": {"type": "LineString", "coordinates": [[-73.9572037, 40.7893492], [-73.9568919, 40.7892124], [-73.956791, 40.7891547], [-73.9566436, 40.7890485], [-73.9565399, 40.7889452], [-73.9564676, 40.7888523], [-73.9564078, 40.7887508], [-73.9563807, 40.7886803], [-73.9563561, 40.7885981], [-73.9563284, 40.7884003], [-73.9563147, 40.7882775], [-73.9563022, 40.7882084], [-73.9562678, 40.7881422], [-73.9561952, 40.7880734], [-73.9561484, 40.788028], [-73.9560921, 40.7879837], [-73.9559588, 40.7879143], [-73.9559293, 40.7878693]]}}, {"type": "Feature", "properties": {"wayId": 760728728, "name": "", "highway": "footway"}, "geometry": {"type": "LineString", "coordinates": [[-73.9693756, 40.779236], [-73.9689264, 40.7790476]]}}, {"type": "Feature", "properties": {"wayId": 760836189, "name": "Northwest Central Park Loop", "highway": "footway"}, "geometry": {"type": "LineString", "coordinates": [[-73.9639366, 40.7913103], [-73.9638641, 40.7913222], [-73.9638524, 40.7913268], [-73.9637617, 40.7913703], [-73.9636722, 40.7914033], [-73.9635894, 40.7914314], [-73.9635708, 40.7914365], [-73.9635495, 40.7914401], [-73.963514, 40.7914438], [-73.9634767, 40.7914449], [-73.9634459, 40.7914444], [-73.9634231, 40.7914415], [-73.9634101, 40.7914381], [-73.9633993, 40.7914326], [-73.9633759, 40.7914191], [-73.9633496, 40.791404], [-73.9633241, 40.7913902], [-73.9632971, 40.7913787], [-73.9632667, 40.7913685], [-73.9632384, 40.7913626], [-73.9632059, 40.7913585], [-73.9631629, 40.7913553], [-73.9631308, 40.7913562], [-73.9630904, 40.7913584], [-73.9630532, 40.7913627], [-73.9630387, 40.7913646], [-73.9630241, 40.7913687], [-73.9630129, 40.7913724], [-73.9630024, 40.7913766], [-73.9629803, 40.7913872], [-73.9629577, 40.7913993], [-73.9629359, 40.7914124], [-73.9628295, 40.79148], [-73.9627672, 40.7915219]]}}, {"type": "Feature", "properties": {"wayId": 760836190, "name": "", "highway": "footway"}, "geometry": {"type": "LineString", "coordinates": [[-73.9643878, 40.791849], [-73.964288, 40.791807]]}}, {"type": "Feature", "properties": {"wayId": 760836195, "name": "Northwest Central Park Loop", "highway": "footway"}, "geometry": {"type": "LineString", "coordinates": [[-73.9640228, 40.7912952], [-73.9639787, 40.7913033], [-73.9639366, 40.7913103]]}}, {"type": "Feature", "properties": {"wayId": 760838729, "name": "", "highway": "footway"}, "geometry": {"type": "LineString", "coordinates": [[-73.9653108, 40.7894129], [-73.9653429, 40.7894875], [-73.9653852, 40.7895571]]}}, {"type": "Feature", "properties": {"wayId": 762129012, "name": "", "highway": "footway"}, "geometry": {"type": "LineString", "coordinates": [[-73.9622947, 40.7937522], [-73.9623628, 40.7937427]]}}, {"type": "Feature", "properties": {"wayId": 762380690, "name": "", "highway": "footway"}, "geometry": {"type": "LineString", "coordinates": [[-73.9673735, 40.787756], [-73.9672942, 40.7877238], [-73.9672193, 40.7876732], [-73.9672435, 40.7874948]]}}, {"type": "Feature", "properties": {"wayId": 767729562, "name": "", "highway": "footway"}, "geometry": {"type": "LineString", "coordinates": [[-73.9672127, 40.7779628], [-73.9671771, 40.7779499], [-73.967111, 40.7779417], [-73.9670359, 40.777944], [-73.9669203, 40.7779693], [-73.9668357, 40.7779942], [-73.9667842, 40.778015], [-73.9667457, 40.7780421], [-73.9667163, 40.7780668], [-73.9666619, 40.7781117], [-73.9666296, 40.778141], [-73.9665965, 40.778171], [-73.966577, 40.7781925], [-73.9665503, 40.7782621], [-73.9665433, 40.7782906], [-73.9665429, 40.7783284], [-73.966551, 40.778374], [-73.9665843, 40.7784413], [-73.9666326, 40.7785019], [-73.9667022, 40.7785573], [-73.966873, 40.7786133], [-73.9669948, 40.7786517], [-73.9670745, 40.7786799], [-73.9671273, 40.7787016], [-73.9672251, 40.778743]]}}, {"type": "Feature", "properties": {"wayId": 767729567, "name": "", "highway": "footway"}, "geometry": {"type": "LineString", "coordinates": [[-73.9652618, 40.7774699], [-73.9653259, 40.7774637], [-73.965467, 40.7774632], [-73.965567, 40.7774759], [-73.9656453, 40.7775077], [-73.9657061, 40.7775477], [-73.9657273, 40.7775682], [-73.965741, 40.7775838], [-73.9657521, 40.7776011], [-73.9657619, 40.7776194], [-73.9657926, 40.7777089], [-73.9658172, 40.7777615], [-73.9658701, 40.7778106], [-73.965945, 40.7778574], [-73.96602, 40.7778851], [-73.9661029, 40.7779069], [-73.9661731, 40.7779382], [-73.9662573, 40.7779911], [-73.9662987, 40.7780204], [-73.9663335, 40.7780388], [-73.9664353, 40.7780753], [-73.9664592, 40.7780839]]}}, {"type": "Feature", "properties": {"wayId": 772278118, "name": "", "highway": "footway"}, "geometry": {"type": "LineString", "coordinates": [[-73.9589632, 40.7992307], [-73.9589813, 40.7992425], [-73.9590205, 40.7992596]]}}, {"type": "Feature", "properties": {"wayId": 775820350, "name": "", "highway": "path"}, "geometry": {"type": "LineString", "coordinates": [[-73.970935, 40.7767986], [-73.9708358, 40.7768738]]}}, {"type": "Feature", "properties": {"wayId": 775820351, "name": "", "highway": "steps"}, "geometry": {"type": "LineString", "coordinates": [[-73.9704969, 40.777525], [-73.9704812, 40.7775743]]}}, {"type": "Feature", "properties": {"wayId": 775820352, "name": "", "highway": "path"}, "geometry": {"type": "LineString", "coordinates": [[-73.9706609, 40.7770177], [-73.9706128, 40.7770481], [-73.970567, 40.7770638], [-73.9705209, 40.7770744], [-73.9704284, 40.7770707]]}}, {"type": "Feature", "properties": {"wayId": 775820353, "name": "", "highway": "footway"}, "geometry": {"type": "LineString", "coordinates": [[-73.9704812, 40.7775743], [-73.970443, 40.777672]]}}, {"type": "Feature", "properties": {"wayId": 775820354, "name": "", "highway": "steps"}, "geometry": {"type": "LineString", "coordinates": [[-73.9706753, 40.7777803], [-73.9706925, 40.7777575], [-73.9707044, 40.7777418]]}}, {"type": "Feature", "properties": {"wayId": 775820355, "name": "", "highway": "footway"}, "geometry": {"type": "LineString", "coordinates": [[-73.97069, 40.7780213], [-73.9706626, 40.7780045], [-73.9706351, 40.7779876], [-73.9705452, 40.7779319], [-73.9705059, 40.7779028], [-73.9704789, 40.7778764], [-73.9704599, 40.7778471]]}}, {"type": "Feature", "properties": {"wayId": 775820356, "name": "", "highway": "footway"}, "geometry": {"type": "LineString", "coordinates": [[-73.9706683, 40.7777111], [-73.9706336, 40.777699], [-73.9705876, 40.7777057], [-73.9705738, 40.7777178]]}}, {"type": "Feature", "properties": {"wayId": 775820357, "name": "", "highway": "footway"}, "geometry": {"type": "LineString", "coordinates": [[-73.9705438, 40.7774115], [-73.9705379, 40.7774537], [-73.9705267, 40.7774736], [-73.9704969, 40.777525]]}}, {"type": "Feature", "properties": {"wayId": 775820358, "name": "", "highway": "steps"}, "geometry": {"type": "LineString", "coordinates": [[-73.9706925, 40.7777575], [-73.9707679, 40.7777668], [-73.9708041, 40.7777266], [-73.9708507, 40.7776694], [-73.9710475, 40.7775963], [-73.9711602, 40.7775671], [-73.9712619, 40.7774958]]}}, {"type": "Feature", "properties": {"wayId": 775820548, "name": "", "highway": "footway"}, "geometry": {"type": "LineString", "coordinates": [[-73.9699364, 40.7789364], [-73.9698457, 40.7789593], [-73.9697764, 40.7789704], [-73.9697123, 40.7789727]]}}, {"type": "Feature", "properties": {"wayId": 775820549, "name": "", "highway": "footway"}, "geometry": {"type": "LineString", "coordinates": [[-73.9695403, 40.7789421], [-73.9694708, 40.7788877]]}}, {"type": "Feature", "properties": {"wayId": 775822414, "name": "Northwest Central Park Loop", "highway": "footway"}, "geometry": {"type": "LineString", "coordinates": [[-73.9666615, 40.7880671], [-73.9666325, 40.7881098]]}}, {"type": "Feature", "properties": {"wayId": 775822415, "name": "", "highway": "footway"}, "geometry": {"type": "LineString", "coordinates": [[-73.9665457, 40.7881885], [-73.9665592, 40.7881955], [-73.9665981, 40.7882108], [-73.9666294, 40.7882189], [-73.9666709, 40.7882243], [-73.9667014, 40.7882245], [-73.9667327, 40.7882221], [-73.9667731, 40.7882132], [-73.9667999, 40.7881981], [-73.9668208, 40.7881767], [-73.9668297, 40.7881573], [-73.9668326, 40.7881365], [-73.9668292, 40.7881158], [-73.9668206, 40.7880988], [-73.9668105, 40.7880871], [-73.9667904, 40.7880722], [-73.966683, 40.7880335]]}}, {"type": "Feature", "properties": {"wayId": 775822416, "name": "Northwest Central Park Loop", "highway": "footway"}, "geometry": {"type": "LineString", "coordinates": [[-73.9665457, 40.7881885], [-73.9664862, 40.7882232], [-73.9663838, 40.788292], [-73.96629, 40.7883641], [-73.9662299, 40.7884151], [-73.9661917, 40.7884498], [-73.9661175, 40.7885216], [-73.9660789, 40.7885595], [-73.9660229, 40.7886444], [-73.9659596, 40.7887368], [-73.9659348, 40.7887677], [-73.9659073, 40.7887958], [-73.9658784, 40.7888194], [-73.9658282, 40.788855], [-73.9657928, 40.7888755], [-73.9657737, 40.7888842], [-73.9657503, 40.7888933], [-73.9657093, 40.7889053], [-73.9656664, 40.7889164], [-73.9656243, 40.7889252], [-73.965414, 40.7889658], [-73.9652107, 40.7890102], [-73.9651407, 40.7890297], [-73.9651297, 40.7890329], [-73.9650762, 40.7890488], [-73.9649748, 40.7890872], [-73.964872, 40.789136], [-73.9647974, 40.7891775], [-73.9647435, 40.7892176], [-73.9647035, 40.7892458], [-73.9646637, 40.7892799], [-73.964626, 40.7893182], [-73.9646016, 40.7893478], [-73.9645861, 40.7893758], [-73.9645807, 40.7894033], [-73.9645784, 40.7894622], [-73.9645798, 40.7894956], [-73.9645824, 40.7895375], [-73.9645979, 40.7896368], [-73.9646162, 40.7897118], [-73.9646307, 40.7897882], [-73.9646421, 40.7898547], [-73.9646415, 40.7899162], [-73.9646426, 40.7899733], [-73.9646314, 40.7900437], [-73.9646055, 40.7901163], [-73.9645666, 40.7901906], [-73.9644975, 40.7902895], [-73.9644381, 40.790389], [-73.9644184, 40.7904279], [-73.9644065, 40.790459], [-73.9644015, 40.7904773], [-73.9644, 40.7904946], [-73.9644021, 40.7905278], [-73.9644068, 40.7905589], [-73.9644155, 40.7906182], [-73.9644223, 40.7906605], [-73.9644242, 40.7907007], [-73.9644244, 40.7907306], [-73.9644224, 40.790754], [-73.9644186, 40.7907734], [-73.9644117, 40.7908009], [-73.9644023, 40.7908286], [-73.9643928, 40.790852], [-73.9643658, 40.7909104], [-73.9643445, 40.7909496], [-73.9643244, 40.7909807], [-73.9643098, 40.7910049], [-73.9642725, 40.7910577], [-73.964241, 40.7910968], [-73.9641394, 40.7911961], [-73.9641018, 40.7912293], [-73.9640795, 40.7912467], [-73.9640568, 40.7912631], [-73.9640348, 40.7912787], [-73.9640228, 40.7912952]]}}, {"type": "Feature", "properties": {"wayId": 778410952, "name": "", "highway": "footway"}, "geometry": {"type": "LineString", "coordinates": [[-73.9584282, 40.7904399], [-73.9585074, 40.7905215], [-73.9585506, 40.7905924], [-73.9585622, 40.7906312], [-73.9585666, 40.7906699], [-73.9585676, 40.7907251], [-73.9585452, 40.7908224], [-73.9585253, 40.7908818], [-73.9584779, 40.7910005], [-73.9584017, 40.7911357], [-73.9583388, 40.7912481], [-73.9583121, 40.7913453], [-73.958298, 40.7914359], [-73.9582742, 40.7916048], [-73.9582598, 40.7916667], [-73.9582334, 40.7917259], [-73.9581819, 40.791812], [-73.9580798, 40.7919686], [-73.9580355, 40.7920565], [-73.9580322, 40.7921019], [-73.9580328, 40.7921424], [-73.9580433, 40.7922029], [-73.9580643, 40.7922555], [-73.9580837, 40.7922978], [-73.958104, 40.7923268], [-73.9582044, 40.7924199], [-73.958346, 40.7925283], [-73.9584027, 40.7925875], [-73.9584342, 40.7926332], [-73.9584582, 40.7926832], [-73.9584817, 40.7927421], [-73.9584952, 40.792801], [-73.9585001, 40.7928421], [-73.9584999, 40.7928832], [-73.9584921, 40.7929366], [-73.958477, 40.793016], [-73.9584643, 40.7930662], [-73.9584198, 40.7931875], [-73.9583819, 40.7932608], [-73.9583485, 40.7933134]]}}, {"type": "Feature", "properties": {"wayId": 778410953, "name": "", "highway": "footway"}, "geometry": {"type": "LineString", "coordinates": [[-73.9576829, 40.7901197], [-73.9576035, 40.7900468], [-73.9575702, 40.7900014], [-73.9575426, 40.7899453], [-73.9575155, 40.7898075], [-73.9575151, 40.7897571]]}}, {"type": "Feature", "properties": {"wayId": 784193369, "name": "", "highway": "footway"}, "geometry": {"type": "LineString", "coordinates": [[-73.9595803, 40.7912608], [-73.9595262, 40.7915519]]}}, {"type": "Feature", "properties": {"wayId": 789071428, "name": "", "highway": "footway"}, "geometry": {"type": "LineString", "coordinates": [[-73.9738749, 40.7691161], [-73.97385, 40.7691528], [-73.9738162, 40.7691923], [-73.9737937, 40.769228]]}}, {"type": "Feature", "properties": {"wayId": 796333280, "name": "", "highway": "footway"}, "geometry": {"type": "LineString", "coordinates": [[-73.9574358, 40.7944557], [-73.9574584, 40.7945154], [-73.9575159, 40.7945687], [-73.9575845, 40.7946017]]}}, {"type": "Feature", "properties": {"wayId": 796333283, "name": "North Woods", "highway": "footway"}, "geometry": {"type": "LineString", "coordinates": [[-73.9579078, 40.7941007], [-73.9580069, 40.7941024]]}}, {"type": "Feature", "properties": {"wayId": 801430285, "name": "", "highway": "footway"}, "geometry": {"type": "LineString", "coordinates": [[-73.9697001, 40.7766018], [-73.9696809, 40.7765971], [-73.9696616, 40.7765923], [-73.9696316, 40.7765904], [-73.9696147, 40.7765943]]}}, {"type": "Feature", "properties": {"wayId": 801430286, "name": "", "highway": "footway"}, "geometry": {"type": "LineString", "coordinates": [[-73.9697403, 40.776618], [-73.9697202, 40.7766099], [-73.9697001, 40.7766018]]}}, {"type": "Feature", "properties": {"wayId": 802125669, "name": "", "highway": "pedestrian"}, "geometry": {"type": "LineString", "coordinates": [[-73.9808308, 40.7692432], [-73.9807115, 40.7691958], [-73.9807689, 40.7691124], [-73.9808882, 40.7691598], [-73.9808308, 40.7692432]]}}, {"type": "Feature", "properties": {"wayId": 810630540, "name": "", "highway": "footway"}, "geometry": {"type": "LineString", "coordinates": [[-73.9724638, 40.7653656], [-73.9724498, 40.7653846], [-73.9723901, 40.7653593]]}}, {"type": "Feature", "properties": {"wayId": 810630542, "name": "", "highway": "footway"}, "geometry": {"type": "LineString", "coordinates": [[-73.9746863, 40.765217], [-73.974737, 40.7652369], [-73.9747595, 40.7652054]]}}, {"type": "Feature", "properties": {"wayId": 810630543, "name": "", "highway": "footway"}, "geometry": {"type": "LineString", "coordinates": [[-73.9745038, 40.7651327], [-73.9744828, 40.7651245], [-73.9745026, 40.7650952]]}}, {"type": "Feature", "properties": {"wayId": 815955293, "name": "", "highway": "steps"}, "geometry": {"type": "LineString", "coordinates": [[-73.9544398, 40.7907405], [-73.9544142, 40.7907564]]}}, {"type": "Feature", "properties": {"wayId": 815955294, "name": "", "highway": "footway"}, "geometry": {"type": "LineString", "coordinates": [[-73.9533257, 40.7917333], [-73.9533118, 40.7917455]]}}, {"type": "Feature", "properties": {"wayId": 815955295, "name": "", "highway": "footway"}, "geometry": {"type": "LineString", "coordinates": [[-73.9544142, 40.7907564], [-73.9543558, 40.7907927], [-73.9542662, 40.7908348], [-73.9541175, 40.790899], [-73.9540326, 40.7909405], [-73.9539526, 40.7909874], [-73.9539031, 40.7910285], [-73.9538065, 40.7911602], [-73.9537453, 40.7912596], [-73.9536908, 40.7913503], [-73.9536185, 40.7914456], [-73.9535704, 40.7915086]]}}, {"type": "Feature", "properties": {"wayId": 815955296, "name": "", "highway": "steps"}, "geometry": {"type": "LineString", "coordinates": [[-73.9533463, 40.7917154], [-73.9533257, 40.7917333]]}}, {"type": "Feature", "properties": {"wayId": 815955297, "name": "", "highway": "steps"}, "geometry": {"type": "LineString", "coordinates": [[-73.9533118, 40.7917455], [-73.9532683, 40.7917773]]}}, {"type": "Feature", "properties": {"wayId": 817014814, "name": "", "highway": "footway"}, "geometry": {"type": "LineString", "coordinates": [[-73.9772137, 40.7713555], [-73.976956, 40.7711918], [-73.9766596, 40.7710363], [-73.9763235, 40.77084], [-73.9758233, 40.7705358], [-73.9753235, 40.7702121], [-73.9748311, 40.7699175], [-73.9746874, 40.7698245], [-73.9744649, 40.7696723], [-73.9742633, 40.769537], [-73.9741523, 40.7694729], [-73.9740414, 40.7694089], [-73.9738945, 40.7693386], [-73.973727, 40.7692608], [-73.9733957, 40.7691219], [-73.9731139, 40.7690365], [-73.9726373, 40.7689099], [-73.9723517, 40.7688324], [-73.9719608, 40.7687345], [-73.971494, 40.7685493], [-73.9713073, 40.768475], [-73.9711308, 40.768377]]}}, {"type": "Feature", "properties": {"wayId": 834058006, "name": "", "highway": "footway"}, "geometry": {"type": "LineString", "coordinates": [[-73.9523744, 40.7980886], [-73.9524316, 40.7980027], [-73.9524724, 40.7979416], [-73.95249, 40.797915], [-73.9525026, 40.7978934], [-73.9525068, 40.7978743], [-73.9525074, 40.7978519], [-73.9524668, 40.7977361], [-73.9524377, 40.7976834], [-73.9524176, 40.7976466], [-73.9523691, 40.7975831], [-73.9523099, 40.7975379], [-73.9522948, 40.7975294], [-73.9522116, 40.7974829], [-73.9519518, 40.797353], [-73.9518214, 40.7972911], [-73.9517381, 40.7972579], [-73.9516502, 40.7972348], [-73.9514533, 40.7972042], [-73.9513977, 40.7971947], [-73.9512463, 40.7971707], [-73.9511822, 40.7971606], [-73.9511354, 40.7971494], [-73.9510842, 40.7971332], [-73.9509694, 40.7970803], [-73.9508068, 40.7970054], [-73.9505831, 40.796913], [-73.9505412, 40.7969042], [-73.9505085, 40.7969016], [-73.9504768, 40.7969049], [-73.9504178, 40.7969188], [-73.9503721, 40.7969248], [-73.9503335, 40.796924], [-73.9502979, 40.7969214], [-73.9502653, 40.7969154], [-73.9502198, 40.7969047], [-73.9499351, 40.796785], [-73.9499174, 40.7967734], [-73.9499053, 40.7967569], [-73.9498983, 40.7967394], [-73.9498965, 40.7967188], [-73.9498981, 40.7966935], [-73.9499058, 40.7966678], [-73.9499396, 40.7966033], [-73.9499751, 40.7965534], [-73.9500114, 40.7964372], [-73.950064, 40.7963415], [-73.9501048, 40.796271], [-73.9501497, 40.7962092], [-73.9502099, 40.7961437], [-73.9503833, 40.7959677], [-73.950474, 40.7958752], [-73.9505407, 40.795783], [-73.9505707, 40.7957344], [-73.9505945, 40.7956957], [-73.950682, 40.7955069], [-73.9507503, 40.7953757], [-73.9508222, 40.795253], [-73.9509281, 40.795129], [-73.951134, 40.7949045], [-73.9512147, 40.7948032], [-73.9512502, 40.794745], [-73.9512853, 40.7946771], [-73.9513221, 40.7945956], [-73.9513573, 40.7945101], [-73.9514092, 40.7944324]]}}, {"type": "Feature", "properties": {"wayId": 835393090, "name": "", "highway": "footway"}, "geometry": {"type": "LineString", "coordinates": [[-73.970847, 40.7674431], [-73.9708752, 40.7674547], [-73.9709004, 40.767465]]}}, {"type": "Feature", "properties": {"wayId": 835393096, "name": "", "highway": "footway"}, "geometry": {"type": "LineString", "coordinates": [[-73.9698747, 40.7687557], [-73.9699539, 40.7687456], [-73.9701193, 40.7687965], [-73.9703047, 40.7688341], [-73.970532, 40.7688599], [-73.9706626, 40.7688599]]}}, {"type": "Feature", "properties": {"wayId": 835863228, "name": "", "highway": "footway"}, "geometry": {"type": "LineString", "coordinates": [[-73.9613868, 40.7959568], [-73.9613528, 40.7959447], [-73.961314, 40.7959281], [-73.961274, 40.7958966], [-73.9612485, 40.795875], [-73.9612244, 40.7958461], [-73.961211, 40.7958144], [-73.9611979, 40.7957423], [-73.9611764, 40.7956728], [-73.9611547, 40.7956285], [-73.9610938, 40.7955026], [-73.9610261, 40.7953652], [-73.9609791, 40.7952866], [-73.9609453, 40.7952321], [-73.9609266, 40.7951797], [-73.9608415, 40.7951138], [-73.9607735, 40.7950772], [-73.9607428, 40.7950645], [-73.9607082, 40.7950548], [-73.9606617, 40.7950514], [-73.9605962, 40.7950497], [-73.9605244, 40.7950486], [-73.9604734, 40.7950452], [-73.9604224, 40.7950372], [-73.9603654, 40.7950219], [-73.9602914, 40.7949978], [-73.9602335, 40.7949824], [-73.9601826, 40.7949741], [-73.9601148, 40.7949725], [-73.9600435, 40.7949742], [-73.9599774, 40.7949742], [-73.9599497, 40.7949719], [-73.9599218, 40.7949663], [-73.9598572, 40.7949496], [-73.9597578, 40.7949122], [-73.9596903, 40.7948873], [-73.9596514, 40.7948265]]}}, {"type": "Feature", "properties": {"wayId": 835863230, "name": "", "highway": "footway"}, "geometry": {"type": "LineString", "coordinates": [[-73.9581898, 40.8002396], [-73.9581925, 40.8001527]]}}, {"type": "Feature", "properties": {"wayId": 835983099, "name": "", "highway": "footway"}, "geometry": {"type": "LineString", "coordinates": [[-73.9787664, 40.7717512], [-73.9787574, 40.7718034], [-73.9787321, 40.7718704], [-73.9786914, 40.7719267], [-73.9786418, 40.7719905], [-73.9785962, 40.7720566], [-73.978573, 40.772124], [-73.9785646, 40.7721867], [-73.978577, 40.7722581], [-73.9786462, 40.772306]]}}, {"type": "Feature", "properties": {"wayId": 839155754, "name": "", "highway": "footway"}, "geometry": {"type": "LineString", "coordinates": [[-73.9789775, 40.766725], [-73.9789476, 40.7668247], [-73.9789131, 40.7669397]]}}, {"type": "Feature", "properties": {"wayId": 839155760, "name": "", "highway": "footway"}, "geometry": {"type": "LineString", "coordinates": [[-73.9763274, 40.7658669], [-73.9763749, 40.765735], [-73.9764132, 40.7656274]]}}, {"type": "Feature", "properties": {"wayId": 839155763, "name": "", "highway": "footway"}, "geometry": {"type": "LineString", "coordinates": [[-73.976153, 40.7655176], [-73.9761245, 40.7656295], [-73.9760902, 40.7657687]]}}, {"type": "Feature", "properties": {"wayId": 839860737, "name": "", "highway": "footway"}, "geometry": {"type": "LineString", "coordinates": [[-73.9802525, 40.7693447], [-73.9802599, 40.7693998], [-73.9802768, 40.7694615], [-73.9802785, 40.76952], [-73.9802721, 40.7695713], [-73.9802538, 40.7696262], [-73.9802251, 40.7696791], [-73.9801927, 40.7697218], [-73.9801437, 40.7697635], [-73.9800966, 40.7697928], [-73.9800439, 40.7698154], [-73.9798723, 40.7698949], [-73.9798277, 40.7699265], [-73.9798014, 40.7699552], [-73.9797808, 40.7699932], [-73.979763, 40.7700849], [-73.9797585, 40.7701716], [-73.9797424, 40.7702344], [-73.9797138, 40.7702914], [-73.9796885, 40.7703191], [-73.9796192, 40.7703783], [-73.9795554, 40.7704339], [-73.9795155, 40.7704655]]}}, {"type": "Feature", "properties": {"wayId": 839860741, "name": "", "highway": "footway"}, "geometry": {"type": "LineString", "coordinates": [[-73.9770621, 40.7730645], [-73.9770384, 40.7731297], [-73.9770273, 40.773183], [-73.9770323, 40.7732154]]}}, {"type": "Feature", "properties": {"wayId": 839860746, "name": "", "highway": "footway"}, "geometry": {"type": "LineString", "coordinates": [[-73.9775295, 40.7725549], [-73.9775411, 40.772608], [-73.977546, 40.7726306], [-73.9775366, 40.7726625], [-73.9775219, 40.772699], [-73.9775004, 40.7727389], [-73.9774612, 40.7728005], [-73.9774517, 40.7728258]]}}, {"type": "Feature", "properties": {"wayId": 839860748, "name": "", "highway": "footway"}, "geometry": {"type": "LineString", "coordinates": [[-73.9772127, 40.7722127], [-73.9771885, 40.7722552], [-73.9771677, 40.7723032], [-73.9771688, 40.7723417], [-73.9771742, 40.7723857], [-73.9771802, 40.77243]]}}, {"type": "Feature", "properties": {"wayId": 839860751, "name": "", "highway": "footway"}, "geometry": {"type": "LineString", "coordinates": [[-73.9806684, 40.7691333], [-73.9805512, 40.7691874]]}}, {"type": "Feature", "properties": {"wayId": 839860754, "name": "", "highway": "footway"}, "geometry": {"type": "LineString", "coordinates": [[-73.9772235, 40.7728661], [-73.9770621, 40.7730645]]}}, {"type": "Feature", "properties": {"wayId": 841432949, "name": "", "highway": "footway"}, "geometry": {"type": "LineString", "coordinates": [[-73.9758703, 40.7700317], [-73.9757459, 40.7701473], [-73.9757274, 40.7701788], [-73.975718, 40.7702274], [-73.9757269, 40.7702631], [-73.9757467, 40.7703107]]}}, {"type": "Feature", "properties": {"wayId": 857870230, "name": "", "highway": "footway"}, "geometry": {"type": "LineString", "coordinates": [[-73.9561811, 40.7982619], [-73.9561193, 40.7982653], [-73.9560849, 40.7982633], [-73.956065, 40.7982621], [-73.9560068, 40.7982488], [-73.9559595, 40.7982443], [-73.9559302, 40.7982432], [-73.9558987, 40.7982471], [-73.9558672, 40.7982551], [-73.9558077, 40.7982794], [-73.9557637, 40.7982988]]}}, {"type": "Feature", "properties": {"wayId": 857870232, "name": "", "highway": "footway"}, "geometry": {"type": "LineString", "coordinates": [[-73.9620228, 40.794019], [-73.9621324, 40.7940552], [-73.9622515, 40.7941019], [-73.9623435, 40.7941341], [-73.9624206, 40.7941605], [-73.9625668, 40.7942088], [-73.9626436, 40.7942307]]}}, {"type": "Feature", "properties": {"wayId": 857870233, "name": "", "highway": "footway"}, "geometry": {"type": "LineString", "coordinates": [[-73.9560612, 40.7971584], [-73.9560447, 40.797185], [-73.9560259, 40.797202], [-73.9560004, 40.7972179], [-73.9559876, 40.7972284], [-73.955976, 40.7972429], [-73.9559648, 40.7972645], [-73.9559523, 40.7972842], [-73.955935, 40.7973038], [-73.955897, 40.7973429], [-73.9558711, 40.7973724], [-73.9558102, 40.7974395], [-73.9557749, 40.7974833], [-73.9557487, 40.7975161], [-73.9557299, 40.7975332], [-73.9557143, 40.7975421], [-73.9556947, 40.7975474], [-73.9556778, 40.7975491], [-73.9556654, 40.7975514], [-73.955644, 40.7975633]]}}, {"type": "Feature", "properties": {"wayId": 857870234, "name": "North Woods", "highway": "footway"}, "geometry": {"type": "LineString", "coordinates": [[-73.9559106, 40.7954636], [-73.955891, 40.7955088], [-73.9558677, 40.7955401], [-73.9558692, 40.7955668], [-73.9558774, 40.7955887], [-73.9558789, 40.7956207], [-73.9558789, 40.7956429], [-73.9558752, 40.795669], [-73.9558587, 40.7956892], [-73.9558144, 40.7957201], [-73.9557805, 40.795737], [-73.9557532, 40.7957478]]}}, {"type": "Feature", "properties": {"wayId": 857870236, "name": "", "highway": "footway"}, "geometry": {"type": "LineString", "coordinates": [[-73.9586636, 40.7987276], [-73.9586732, 40.7987633], [-73.9586878, 40.7988245], [-73.9587182, 40.7989171], [-73.9587328, 40.7989651], [-73.9587655, 40.7990298], [-73.9588131, 40.7991083], [-73.958797, 40.7991462]]}}, {"type": "Feature", "properties": {"wayId": 857870238, "name": "", "highway": "footway"}, "geometry": {"type": "LineString", "coordinates": [[-73.9710943, 40.7819438], [-73.9710831, 40.7819168], [-73.9710651, 40.7818823], [-73.9710157, 40.7817621], [-73.9709492, 40.7816415], [-73.9708757, 40.7815156], [-73.9708107, 40.7814215], [-73.9707583, 40.781354], [-73.9707144, 40.781301], [-73.970639, 40.7812385], [-73.9705731, 40.7811854], [-73.9704862, 40.7811256], [-73.9704074, 40.7810966], [-73.970398, 40.781269], [-73.9703811, 40.781335], [-73.9703518, 40.7814077], [-73.9703201, 40.7814625], [-73.9702813, 40.7815167], [-73.9702365, 40.781564], [-73.9701993, 40.7815994], [-73.9701577, 40.7816323], [-73.9700967, 40.7816716], [-73.9700338, 40.7817017], [-73.9699705, 40.7817265], [-73.9698918, 40.781749], [-73.969817, 40.7817643], [-73.9697453, 40.7817733], [-73.9696606, 40.7817772], [-73.9695049, 40.7817848], [-73.969326, 40.7817936], [-73.9692742, 40.7817961], [-73.9692355, 40.7817912], [-73.9690121, 40.7817069], [-73.9688638, 40.7817806], [-73.9687884, 40.7818086], [-73.9686888, 40.7818407], [-73.9685861, 40.7818754], [-73.968493, 40.7819115], [-73.9683986, 40.7819594], [-73.9682495, 40.7820568], [-73.9681395, 40.7821313], [-73.9680628, 40.7821923], [-73.9680278, 40.7822314], [-73.9679836, 40.7822808], [-73.9679256, 40.7823523], [-73.9678407, 40.7824678], [-73.9677631, 40.7825961], [-73.967687, 40.7826997], [-73.9676371, 40.7828744], [-73.9675956, 40.7830459]]}}, {"type": "Feature", "properties": {"wayId": 857870240, "name": "", "highway": "footway"}, "geometry": {"type": "LineString", "coordinates": [[-73.9550051, 40.7931358], [-73.9548899, 40.7931158], [-73.9547738, 40.7931046], [-73.9546836, 40.7931037], [-73.9544935, 40.793108]]}}, {"type": "Feature", "properties": {"wayId": 857870242, "name": "North Woods", "highway": "footway"}, "geometry": {"type": "LineString", "coordinates": [[-73.9572993, 40.7982616], [-73.9573491, 40.7982336], [-73.9573744, 40.7982157], [-73.9573997, 40.7981863], [-73.9574166, 40.7981629]]}}, {"type": "Feature", "properties": {"wayId": 857870243, "name": "", "highway": "footway"}, "geometry": {"type": "LineString", "coordinates": [[-73.9556289, 40.7993617], [-73.9557537, 40.7994091], [-73.9558587, 40.799451], [-73.955968, 40.7994928], [-73.9560926, 40.7995444], [-73.9561966, 40.7995949], [-73.9562475, 40.7996212], [-73.9562941, 40.7996427], [-73.9563958, 40.7996863], [-73.9565483, 40.7997413], [-73.9567063, 40.7998032], [-73.956802, 40.7998456], [-73.9568591, 40.7998706], [-73.9569121, 40.7998939], [-73.9570035, 40.7999319], [-73.9570828, 40.7999633], [-73.9571585, 40.7999906], [-73.9571697, 40.7999947], [-73.9572129, 40.8000105], [-73.9572666, 40.8000288], [-73.9573495, 40.8000599], [-73.9574278, 40.8000931], [-73.9574843, 40.8001184], [-73.9575381, 40.8001476], [-73.9575848, 40.8001728], [-73.9576242, 40.8001983], [-73.9576631, 40.8002222], [-73.9576901, 40.8002409], [-73.9577126, 40.8002452], [-73.9577328, 40.8002446], [-73.9577552, 40.8002393], [-73.9577682, 40.8002554]]}}, {"type": "Feature", "properties": {"wayId": 857870244, "name": "", "highway": "footway"}, "geometry": {"type": "LineString", "coordinates": [[-73.9686703, 40.784141], [-73.9685769, 40.7841516], [-73.9685481, 40.7841561], [-73.9685345, 40.7841591], [-73.9685225, 40.7841635], [-73.9685115, 40.7841689], [-73.9685009, 40.7841763], [-73.9684767, 40.784195], [-73.968449, 40.7842185], [-73.968402, 40.7842631], [-73.9683875, 40.7843349]]}}, {"type": "Feature", "properties": {"wayId": 857870245, "name": "North Woods", "highway": "footway"}, "geometry": {"type": "LineString", "coordinates": [[-73.9616862, 40.7939719], [-73.9617714, 40.7939773], [-73.9618919, 40.7939911], [-73.9620228, 40.794019]]}}, {"type": "Feature", "properties": {"wayId": 857870246, "name": "", "highway": "footway"}, "geometry": {"type": "LineString", "coordinates": [[-73.9614261, 40.7803606], [-73.9614693, 40.7803144], [-73.9615185, 40.7802621], [-73.9615537, 40.7802165]]}}, {"type": "Feature", "properties": {"wayId": 857870247, "name": "", "highway": "footway"}, "geometry": {"type": "LineString", "coordinates": [[-73.9560042, 40.7978356], [-73.9559171, 40.7978654], [-73.9558695, 40.7978819], [-73.9558215, 40.7978927], [-73.9557869, 40.7978995], [-73.955742, 40.7979004], [-73.9556637, 40.7978946], [-73.9556106, 40.7978859], [-73.9555884, 40.7978797], [-73.9555554, 40.7978705], [-73.9555045, 40.7978503], [-73.9554666, 40.7978325], [-73.9554373, 40.7978138], [-73.9554125, 40.7977939], [-73.9553833, 40.7977661], [-73.9553593, 40.7977371], [-73.9553463, 40.7977183], [-73.9553246, 40.7976871], [-73.9553068, 40.7976576], [-73.9552917, 40.7976371], [-73.955276, 40.7976241], [-73.9552505, 40.7976116], [-73.9552242, 40.7976059], [-73.955195, 40.7976025], [-73.9551634, 40.7976053], [-73.9551282, 40.797615], [-73.9550906, 40.7976281], [-73.9550324, 40.7976517], [-73.9549624, 40.797686], [-73.9548701, 40.797732], [-73.9548041, 40.7977666], [-73.9547208, 40.7978165], [-73.9546517, 40.7978711], [-73.9545846, 40.7979174]]}}, {"type": "Feature", "properties": {"wayId": 857870250, "name": "", "highway": "footway"}, "geometry": {"type": "LineString", "coordinates": [[-73.9586636, 40.7987276], [-73.9586098, 40.7987449], [-73.9585733, 40.7987536]]}}, {"type": "Feature", "properties": {"wayId": 857870251, "name": "", "highway": "footway"}, "geometry": {"type": "LineString", "coordinates": [[-73.9733679, 40.765197], [-73.9730751, 40.7656103], [-73.9730277, 40.7656855], [-73.9730002, 40.7657088], [-73.9729816, 40.7657271], [-73.9729464, 40.7657546], [-73.9728981, 40.7658169], [-73.9728044, 40.7659579], [-73.9727619, 40.7660451], [-73.9727335, 40.7661431], [-73.9727296, 40.766221], [-73.9727367, 40.7662545], [-73.9727433, 40.7662753], [-73.9727554, 40.7663069], [-73.9727685, 40.7663368], [-73.9727933, 40.7663859], [-73.9728148, 40.7664256], [-73.9728572, 40.7664865], [-73.9729864, 40.7666757], [-73.9730667, 40.7668048], [-73.9731164, 40.766912], [-73.9731801, 40.7670557], [-73.9732251, 40.767184], [-73.9732541, 40.7672947], [-73.9732822, 40.7673969], [-73.9733007, 40.7675263], [-73.973314, 40.7676148], [-73.9733228, 40.7677047], [-73.9733201, 40.7678138]]}}, {"type": "Feature", "properties": {"wayId": 857870252, "name": "Northwest Central Park Loop", "highway": "footway"}, "geometry": {"type": "LineString", "coordinates": [[-73.95976, 40.7945378], [-73.9598098, 40.7945379], [-73.9598889, 40.7945317], [-73.9600359, 40.7945189], [-73.9600874, 40.7945089], [-73.9601398, 40.7944954], [-73.960196, 40.7944778], [-73.960236, 40.7944622], [-73.9602809, 40.7944391], [-73.9603188, 40.7944135], [-73.9603773, 40.7943706], [-73.9604513, 40.794311], [-73.9605089, 40.7942789], [-73.9605484, 40.7942629], [-73.9605989, 40.79425], [-73.9606479, 40.7942465], [-73.9606959, 40.7942499], [-73.9607585, 40.7942571], [-73.9608137, 40.7942676], [-73.9608857, 40.7942869], [-73.9609247, 40.794296], [-73.960966, 40.7942982], [-73.961008, 40.7942931], [-73.9610402, 40.7942829], [-73.9610793, 40.7942534], [-73.9611537, 40.7941928]]}}, {"type": "Feature", "properties": {"wayId": 857870253, "name": "North Woods", "highway": "footway"}, "geometry": {"type": "LineString", "coordinates": [[-73.9553872, 40.7933718], [-73.9553125, 40.793353]]}}, {"type": "Feature", "properties": {"wayId": 857870255, "name": "North Woods", "highway": "footway"}, "geometry": {"type": "LineString", "coordinates": [[-73.958299, 40.7978504], [-73.958398, 40.7979175], [-73.9585027, 40.7979963], [-73.9585505, 40.7980509], [-73.9585891, 40.7981083], [-73.9586197, 40.7981608], [-73.9586494, 40.7982616], [-73.9586597, 40.7983324], [-73.9586619, 40.7984138], [-73.9586408, 40.7985744], [-73.9586459, 40.7986385], [-73.9586547, 40.7986944], [-73.9586636, 40.7987276]]}}, {"type": "Feature", "properties": {"wayId": 857870256, "name": "North Woods", "highway": "footway"}, "geometry": {"type": "LineString", "coordinates": [[-73.9574966, 40.7931237], [-73.9575978, 40.7931165], [-73.9576845, 40.7931216], [-73.9577873, 40.7931549], [-73.9578793, 40.7931983], [-73.9579993, 40.7932322], [-73.9580967, 40.7932646], [-73.9581703, 40.7932848], [-73.958224, 40.7932945], [-73.9582837, 40.7933025], [-73.9583485, 40.7933134]]}}, {"type": "Feature", "properties": {"wayId": 857870258, "name": "Northwest Central Park Loop", "highway": "footway"}, "geometry": {"type": "LineString", "coordinates": [[-73.9564275, 40.7975626], [-73.9564023, 40.79757], [-73.9563459, 40.7975877], [-73.9562986, 40.7976047], [-73.9562465, 40.7976281], [-73.9562101, 40.797653], [-73.9561613, 40.7976911], [-73.956117, 40.7977331], [-73.9560758, 40.7977729], [-73.9560383, 40.7978064], [-73.9560042, 40.7978356]]}}, {"type": "Feature", "properties": {"wayId": 857870259, "name": "North Woods", "highway": "footway"}, "geometry": {"type": "LineString", "coordinates": [[-73.9545846, 40.7979174], [-73.954551, 40.7979618], [-73.9545347, 40.797987], [-73.9545174, 40.7980109], [-73.9544889, 40.7980665], [-73.9544784, 40.7980892], [-73.9544724, 40.7981114], [-73.9544701, 40.7981531], [-73.9544724, 40.7981932], [-73.9544799, 40.7982273], [-73.9544923, 40.7982596], [-73.9545122, 40.798292], [-73.9545294, 40.7983164], [-73.9545527, 40.798338], [-73.9545885, 40.7983652], [-73.9546352, 40.7983931], [-73.954698, 40.7984283], [-73.9547787, 40.798478], [-73.9548409, 40.7985237], [-73.9549068, 40.7985851], [-73.9549639, 40.7986368], [-73.9550246, 40.7986868], [-73.9550958, 40.7987408], [-73.9551334, 40.7987805], [-73.9551344, 40.7987988], [-73.9551268, 40.7988206], [-73.9551126, 40.7988442], [-73.9551077, 40.7988574], [-73.9551103, 40.7988685], [-73.9551243, 40.7988842], [-73.9551224, 40.7988954]]}}, {"type": "Feature", "properties": {"wayId": 857870260, "name": "North Woods", "highway": "footway"}, "geometry": {"type": "LineString", "coordinates": [[-73.9596395, 40.7980154], [-73.9595444, 40.7980344], [-73.9594447, 40.7980798], [-73.9593682, 40.7981361], [-73.959277, 40.7982251], [-73.959205, 40.7983022], [-73.9591338, 40.7983966], [-73.9590497, 40.7984999], [-73.9589943, 40.7985585], [-73.9589481, 40.7985954], [-73.9589028, 40.7986337], [-73.9588479, 40.7986643], [-73.9587235, 40.7987083], [-73.9586636, 40.7987276]]}}, {"type": "Feature", "properties": {"wayId": 857870261, "name": "", "highway": "footway"}, "geometry": {"type": "LineString", "coordinates": [[-73.9570595, 40.7952709], [-73.9570322, 40.7952793], [-73.9569924, 40.7952924], [-73.9569447, 40.7953135], [-73.9568687, 40.7953501], [-73.9567711, 40.7953958], [-73.9567084, 40.795423], [-73.9566262, 40.7954514], [-73.9565677, 40.7954668], [-73.9565066, 40.7954756], [-73.9564372, 40.7954867], [-73.9563967, 40.7954838], [-73.9563629, 40.7954821], [-73.9563321, 40.7954884], [-73.9562881, 40.7955045], [-73.9562136, 40.795533], [-73.9561757, 40.7955469], [-73.9561521, 40.7955503], [-73.9561464, 40.7955511]]}}, {"type": "Feature", "properties": {"wayId": 857870262, "name": "North Woods", "highway": "footway"}, "geometry": {"type": "LineString", "coordinates": [[-73.9581394, 40.7939768], [-73.9581168, 40.7939406], [-73.9580883, 40.7938997], [-73.958071, 40.7938707], [-73.9580635, 40.7938389], [-73.958055, 40.793817], [-73.9580565, 40.7937859], [-73.9580643, 40.7937583]]}}, {"type": "Feature", "properties": {"wayId": 857870263, "name": "", "highway": "footway"}, "geometry": {"type": "LineString", "coordinates": [[-73.9708237, 40.781967], [-73.9704791, 40.7819603], [-73.9704129, 40.7819419], [-73.9703279, 40.7819246], [-73.9702741, 40.7819116], [-73.9702234, 40.7818924], [-73.9701733, 40.781867], [-73.9701075, 40.7818201], [-73.970086, 40.7818044], [-73.9700511, 40.7817599]]}}, {"type": "Feature", "properties": {"wayId": 857870264, "name": "", "highway": "footway"}, "geometry": {"type": "LineString", "coordinates": [[-73.9583485, 40.7933134], [-73.9584564, 40.7933184], [-73.9585653, 40.7933183], [-73.9587716, 40.7933033], [-73.958849, 40.7932967], [-73.958908, 40.7932938], [-73.9590837, 40.7933004], [-73.9591945, 40.7933139], [-73.9593106, 40.793332], [-73.9595046, 40.7933688], [-73.9596606, 40.7933997], [-73.9598401, 40.7934427], [-73.9600723, 40.793505], [-73.9602176, 40.7935491], [-73.9602843, 40.7935673], [-73.9603402, 40.793575], [-73.9604696, 40.79358], [-73.9605725, 40.79357], [-73.9607144, 40.7935289], [-73.9608538, 40.7934801], [-73.9609967, 40.7934007], [-73.9610619, 40.7933508], [-73.9611215, 40.7932959], [-73.9611878, 40.7932273], [-73.9612492, 40.7931549], [-73.9612906, 40.7931042], [-73.9613294, 40.7930417], [-73.9614125, 40.7928982], [-73.9614007, 40.7928544], [-73.9613912, 40.7927982], [-73.96139, 40.7926908], [-73.9614007, 40.7925797], [-73.9614234, 40.7924555], [-73.9614497, 40.7923659], [-73.9614175, 40.7922737], [-73.9613941, 40.7921415], [-73.9613571, 40.7920889], [-73.9613124, 40.7920212], [-73.9612718, 40.7919536], [-73.9612184, 40.7918799], [-73.9611477, 40.7917991], [-73.961081, 40.7916981], [-73.9609973, 40.7915676], [-73.9609477, 40.7914689], [-73.9609223, 40.7914032], [-73.9608855, 40.791295], [-73.9608634, 40.7911836]]}}, {"type": "Feature", "properties": {"wayId": 857974348, "name": "Wallach Walk", "highway": "footway"}, "geometry": {"type": "LineString", "coordinates": [[-73.9713578, 40.7701709], [-73.9714816, 40.7702276], [-73.9715224, 40.7702487], [-73.9715526, 40.7702676], [-73.9715686, 40.7702804], [-73.9715804, 40.7702911], [-73.9715911, 40.7703063], [-73.9715964, 40.7703188], [-73.9716029, 40.7703349], [-73.9716071, 40.7703578], [-73.9716091, 40.7703717], [-73.97161, 40.7703878], [-73.9716093, 40.7704208], [-73.9716067, 40.7704568], [-73.9715996, 40.7704942], [-73.9715891, 40.770526], [-73.9715486, 40.7705857], [-73.9714914, 40.7706539], [-73.9714497, 40.7707019], [-73.9714107, 40.7707474], [-73.9713573, 40.7708171], [-73.9713305, 40.7708615], [-73.9713165, 40.7708949], [-73.9713041, 40.7709324], [-73.9712866, 40.7710144], [-73.9712696, 40.7711011], [-73.9712623, 40.7711249], [-73.9712543, 40.7711482], [-73.9712437, 40.7711712], [-73.9712343, 40.7711875], [-73.9712103, 40.7712207], [-73.9710205, 40.7714192], [-73.9709434, 40.7714994], [-73.9709066, 40.7715345], [-73.9708724, 40.7715637]]}}, {"type": "Feature", "properties": {"wayId": 857974349, "name": "Wallach Walk", "highway": "footway"}, "geometry": {"type": "LineString", "coordinates": [[-73.9670964, 40.7748019], [-73.967062, 40.7748358], [-73.966977, 40.7749126], [-73.9668664, 40.7749957], [-73.9667612, 40.7750939], [-73.9666878, 40.7751552], [-73.9666462, 40.7751904], [-73.9665974, 40.7752297], [-73.9665678, 40.7752565], [-73.966546, 40.775278], [-73.9664717, 40.7754263], [-73.9664212, 40.7755203], [-73.9663932, 40.7755712], [-73.966366, 40.775619], [-73.9663383, 40.7756654], [-73.9663127, 40.7757025], [-73.9662829, 40.7757375], [-73.966249, 40.7757767], [-73.9662037, 40.7758155], [-73.9661576, 40.7758503], [-73.9659108, 40.7760157], [-73.9658835, 40.7760357], [-73.9658556, 40.7760607], [-73.9657557, 40.7761751], [-73.965731, 40.7762027], [-73.9656755, 40.7762799], [-73.9656548, 40.7763145], [-73.9656456, 40.7763317], [-73.9656398, 40.7763464], [-73.9656358, 40.7763614], [-73.9656307, 40.7763893], [-73.9656278, 40.7764186], [-73.9656265, 40.7764444], [-73.9656275, 40.7764647], [-73.9656309, 40.7765112]]}}, {"type": "Feature", "properties": {"wayId": 857974350, "name": "", "highway": "footway"}, "geometry": {"type": "LineString", "coordinates": [[-73.9674836, 40.7849816], [-73.9675466, 40.7850024], [-73.9677561, 40.7850563], [-73.967832, 40.7850767], [-73.9680079, 40.7851266], [-73.9680883, 40.7851509], [-73.9681625, 40.7851838], [-73.9683194, 40.7852687], [-73.9684391, 40.7853151], [-73.9684955, 40.7853334], [-73.9685506, 40.7853455], [-73.9686188, 40.7853605], [-73.9687013, 40.7853722], [-73.9687755, 40.7853763], [-73.9688388, 40.7853771], [-73.9689141, 40.7853802], [-73.9689818, 40.7853884], [-73.9690398, 40.7854067], [-73.9690766, 40.7854185]]}}, {"type": "Feature", "properties": {"wayId": 857974351, "name": "", "highway": "footway"}, "geometry": {"type": "LineString", "coordinates": [[-73.9708724, 40.7715637], [-73.9708737, 40.7716196], [-73.9708852, 40.771658], [-73.9709001, 40.7716896], [-73.9709175, 40.771716], [-73.9709461, 40.7717502], [-73.9710477, 40.7718404], [-73.9711505, 40.7719359], [-73.9712334, 40.7720525], [-73.9712769, 40.7721199], [-73.9712824, 40.7721313], [-73.9712878, 40.7721445], [-73.9712907, 40.7721567], [-73.9712897, 40.7721692], [-73.9712847, 40.7721903], [-73.9712778, 40.7722064], [-73.9712405, 40.7722823]]}}, {"type": "Feature", "properties": {"wayId": 857974352, "name": "Wallach Walk", "highway": "footway"}, "geometry": {"type": "LineString", "coordinates": [[-73.9676973, 40.7741276], [-73.9676386, 40.7742606], [-73.967601, 40.7743355], [-73.9675573, 40.7744025], [-73.9675434, 40.7744239], [-73.9674395, 40.7745419], [-73.9670964, 40.7748019]]}}, {"type": "Feature", "properties": {"wayId": 857974353, "name": "", "highway": "footway"}, "geometry": {"type": "LineString", "coordinates": [[-73.9709387, 40.7699713], [-73.9708979, 40.7698835], [-73.9708797, 40.7697998], [-73.9708499, 40.7697048], [-73.9707955, 40.7696376], [-73.9707111, 40.7695761], [-73.9704614, 40.7694792]]}}, {"type": "Feature", "properties": {"wayId": 857974354, "name": "North Woods", "highway": "footway"}, "geometry": {"type": "LineString", "coordinates": [[-73.9621929, 40.7943677], [-73.9621941, 40.7944011], [-73.9621879, 40.7944356], [-73.9621754, 40.7944719], [-73.9621571, 40.7945263], [-73.9621406, 40.7945608], [-73.962124, 40.7945894], [-73.9620958, 40.7946213], [-73.9620589, 40.7946522], [-73.9619951, 40.7947047], [-73.9619501, 40.7947392], [-73.9619272, 40.7947616], [-73.9619011, 40.794794], [-73.9618788, 40.7948265], [-73.9618644, 40.7948655], [-73.9618466, 40.7949354], [-73.9618343, 40.7949686], [-73.9618159, 40.7950026], [-73.9617941, 40.7950286], [-73.9617149, 40.7951079], [-73.9616716, 40.795144], [-73.9616011, 40.7951826]]}}, {"type": "Feature", "properties": {"wayId": 857974355, "name": "", "highway": "footway"}, "geometry": {"type": "LineString", "coordinates": [[-73.9700015, 40.7715229], [-73.9699338, 40.7716009], [-73.9698581, 40.7716549], [-73.9697871, 40.7717236], [-73.9697442, 40.7717907], [-73.9697099, 40.7718506], [-73.9696928, 40.7719275], [-73.9696736, 40.7719991], [-73.9696086, 40.7722109]]}}, {"type": "Feature", "properties": {"wayId": 857974356, "name": "", "highway": "footway"}, "geometry": {"type": "LineString", "coordinates": [[-73.9670964, 40.7748019], [-73.9670327, 40.7747757], [-73.9668534, 40.7748339], [-73.9666963, 40.7748249], [-73.9666416, 40.7747796], [-73.9665921, 40.7746968], [-73.9665767, 40.7746205], [-73.9666004, 40.7745811]]}}, {"type": "Feature", "properties": {"wayId": 857974357, "name": "Wallach Walk", "highway": "footway"}, "geometry": {"type": "LineString", "coordinates": [[-73.9700251, 40.770184], [-73.9699482, 40.7702747], [-73.9698595, 40.7703922], [-73.9697374, 40.7704245], [-73.9695991, 40.7704627], [-73.9694951, 40.7705024], [-73.9694186, 40.7705375], [-73.9693258, 40.7706038]]}}, {"type": "Feature", "properties": {"wayId": 857974358, "name": "", "highway": "path"}, "geometry": {"type": "LineString", "coordinates": [[-73.9664717, 40.7754263], [-73.9665427, 40.7754485], [-73.9665884, 40.7754594], [-73.9666225, 40.775458], [-73.9666628, 40.7754536], [-73.9667556, 40.7754497], [-73.9668502, 40.7754568], [-73.9669669, 40.7754774], [-73.9670746, 40.7755054], [-73.9672316, 40.775545]]}}, {"type": "Feature", "properties": {"wayId": 857974359, "name": "", "highway": "footway"}, "geometry": {"type": "LineString", "coordinates": [[-73.9739797, 40.770116], [-73.9740479, 40.7701132], [-73.9740704, 40.7701414], [-73.9741264, 40.7701555], [-73.9741868, 40.770168], [-73.9742296, 40.7701804], [-73.974266, 40.7702015], [-73.9743522, 40.7702529]]}}, {"type": "Feature", "properties": {"wayId": 857974360, "name": "Wallach Walk", "highway": "footway"}, "geometry": {"type": "LineString", "coordinates": [[-73.967743, 40.7738971], [-73.9677212, 40.773958], [-73.9677109, 40.7739932], [-73.9677093, 40.774039], [-73.9676973, 40.7741276]]}}, {"type": "Feature", "properties": {"wayId": 857974361, "name": "", "highway": "footway"}, "geometry": {"type": "LineString", "coordinates": [[-73.9698691, 40.7714209], [-73.9697979, 40.7713612]]}}, {"type": "Feature", "properties": {"wayId": 876290164, "name": "", "highway": "footway"}, "geometry": {"type": "LineString", "coordinates": [[-73.9750573, 40.7672743], [-73.9750632, 40.7672403], [-73.9750717, 40.7672258], [-73.9750838, 40.7672172], [-73.975096, 40.7672085], [-73.9750943, 40.7671988], [-73.9750821, 40.7671866], [-73.9750705, 40.7671767], [-73.975059, 40.7671701], [-73.9750436, 40.7671651], [-73.9750249, 40.767164], [-73.9749907, 40.7671484]]}}, {"type": "Feature", "properties": {"wayId": 876290165, "name": "", "highway": "footway"}, "geometry": {"type": "LineString", "coordinates": [[-73.9750659, 40.7670868], [-73.975096, 40.7670675], [-73.9751202, 40.76703], [-73.9751139, 40.7670017], [-73.9750954, 40.766962]]}}, {"type": "Feature", "properties": {"wayId": 876290166, "name": "", "highway": "footway"}, "geometry": {"type": "LineString", "coordinates": [[-73.9750758, 40.7669303], [-73.9751041, 40.7669136], [-73.9751409, 40.7668928], [-73.9751879, 40.7668526], [-73.9752024, 40.7668164], [-73.9752368, 40.7667531]]}}, {"type": "Feature", "properties": {"wayId": 876290167, "name": "", "highway": "footway"}, "geometry": {"type": "LineString", "coordinates": [[-73.9752368, 40.7667531], [-73.9752704, 40.7667643], [-73.9752899, 40.7667745], [-73.9753193, 40.7667836]]}}, {"type": "Feature", "properties": {"wayId": 876290168, "name": "", "highway": "footway"}, "geometry": {"type": "LineString", "coordinates": [[-73.9752368, 40.7667531], [-73.975216, 40.7667418], [-73.9752006, 40.7667353], [-73.9751818, 40.7667216], [-73.975198, 40.7666927], [-73.975216, 40.7666632], [-73.9752294, 40.7666174], [-73.9752153, 40.7665372], [-73.9752443, 40.7665342], [-73.975267, 40.7665327], [-73.9752878, 40.7665301], [-73.9753105, 40.7665266], [-73.9753388, 40.7665174], [-73.9753689, 40.7665017], [-73.9753826, 40.766492], [-73.9753958, 40.7664779], [-73.9754025, 40.7664652], [-73.9754038, 40.7664428], [-73.9754051, 40.7664255], [-73.9754058, 40.7664139], [-73.9754058, 40.7663889], [-73.9754004, 40.7663733], [-73.9754024, 40.7663601], [-73.9754105, 40.7663473], [-73.9754192, 40.7663377], [-73.9754326, 40.766325], [-73.975438, 40.7663097], [-73.9754357, 40.7662937], [-73.9754335, 40.7662782], [-73.9754375, 40.7662567], [-73.9754514, 40.7662045]]}}, {"type": "Feature", "properties": {"wayId": 876290169, "name": "", "highway": "footway"}, "geometry": {"type": "LineString", "coordinates": [[-73.9750758, 40.7669303], [-73.9750524, 40.7669415], [-73.9750229, 40.7669446], [-73.9750032, 40.7669454], [-73.9749827, 40.7669415]]}}, {"type": "Feature", "properties": {"wayId": 876290170, "name": "", "highway": "footway"}, "geometry": {"type": "LineString", "coordinates": [[-73.9749827, 40.7669415], [-73.9749377, 40.7669781]]}}, {"type": "Feature", "properties": {"wayId": 876290171, "name": "", "highway": "footway"}, "geometry": {"type": "LineString", "coordinates": [[-73.9749827, 40.7669415], [-73.974937, 40.7668897], [-73.974921, 40.7668744], [-73.9749082, 40.7668577], [-73.9748988, 40.7668405], [-73.9748941, 40.7668318]]}}, {"type": "Feature", "properties": {"wayId": 876290172, "name": "", "highway": "footway"}, "geometry": {"type": "LineString", "coordinates": [[-73.9749907, 40.7671484], [-73.9749477, 40.7671687], [-73.9749136, 40.7671758], [-73.9748875, 40.7671752], [-73.9748552, 40.7671617], [-73.9748229, 40.7671436], [-73.9747995, 40.767127], [-73.9747741, 40.7671116], [-73.97476, 40.7670884], [-73.9747554, 40.767069], [-73.9747582, 40.7670522], [-73.9747561, 40.7670385], [-73.9747547, 40.7670187], [-73.9747393, 40.7670004], [-73.9747232, 40.7669924], [-73.974709, 40.7669786], [-73.9747031, 40.7669436], [-73.9747158, 40.7669207], [-73.9747373, 40.7669065], [-73.9747642, 40.7668824], [-73.9747937, 40.7668542], [-73.9748385, 40.7668293], [-73.9748941, 40.7668318]]}}, {"type": "Feature", "properties": {"wayId": 876290173, "name": "", "highway": "footway"}, "geometry": {"type": "LineString", "coordinates": [[-73.9748941, 40.7668318], [-73.974878, 40.7667922], [-73.9748754, 40.766769], [-73.9748916, 40.7667495], [-73.9749156, 40.7667409], [-73.9749614, 40.7667255], [-73.9750021, 40.7667165], [-73.9750225, 40.7667106], [-73.9750287, 40.766696], [-73.9750263, 40.7666759], [-73.975027, 40.7666551], [-73.9750183, 40.766619], [-73.975045, 40.7665769], [-73.9750648, 40.766556], [-73.9750952, 40.766536], [-73.9751094, 40.766521]]}}, {"type": "Feature", "properties": {"wayId": 876290174, "name": "", "highway": "footway"}, "geometry": {"type": "LineString", "coordinates": [[-73.9752153, 40.7665372], [-73.9751886, 40.7665185], [-73.9751544, 40.7665174], [-73.975136, 40.7665181], [-73.9751094, 40.766521]]}}, {"type": "Feature", "properties": {"wayId": 876290175, "name": "", "highway": "footway"}, "geometry": {"type": "LineString", "coordinates": [[-73.9751094, 40.766521], [-73.9750752, 40.7664844], [-73.9750514, 40.7664623], [-73.9750269, 40.7664539]]}}, {"type": "Feature", "properties": {"wayId": 876290176, "name": "", "highway": "footway"}, "geometry": {"type": "LineString", "coordinates": [[-73.9750269, 40.7664539], [-73.9750759, 40.7664063], [-73.9751019, 40.7663824], [-73.9751262, 40.7663514]]}}, {"type": "Feature", "properties": {"wayId": 876290177, "name": "", "highway": "footway"}, "geometry": {"type": "LineString", "coordinates": [[-73.9750269, 40.7664539], [-73.9749876, 40.7664447], [-73.9749454, 40.7664389], [-73.9748938, 40.7664356], [-73.9748492, 40.7664397], [-73.9748124, 40.766445], [-73.9747801, 40.7664545], [-73.974752, 40.7664601], [-73.9747225, 40.7664586], [-73.9746997, 40.7664539], [-73.9746817, 40.7664489], [-73.9746682, 40.7664332], [-73.9746561, 40.7664184], [-73.9746507, 40.7663986], [-73.9746521, 40.7663758], [-73.9746588, 40.7663604], [-73.9746696, 40.7663326], [-73.9746615, 40.7663006], [-73.9746481, 40.7662772], [-73.9746112, 40.7662584], [-73.9745777, 40.7662421], [-73.9745612, 40.7662308], [-73.9745434, 40.7662179], [-73.9745286, 40.7662037], [-73.9745159, 40.7661863], [-73.9745157, 40.7661628], [-73.9745225, 40.7661423], [-73.9745387, 40.7661233], [-73.974558, 40.7661131], [-73.9745811, 40.7661025], [-73.9746026, 40.766092], [-73.9746116, 40.7660703], [-73.9746196, 40.766052], [-73.9746192, 40.766039], [-73.9746153, 40.7660063], [-73.9746166, 40.7659405]]}}, {"type": "Feature", "properties": {"wayId": 876290178, "name": "", "highway": "footway"}, "geometry": {"type": "LineString", "coordinates": [[-73.9750269, 40.7664539], [-73.9749665, 40.7665026], [-73.9749376, 40.7665335], [-73.9749127, 40.7665668], [-73.9748994, 40.7665817], [-73.974872, 40.7666033], [-73.9748224, 40.7666256], [-73.9747922, 40.7666484], [-73.97476, 40.7666775], [-73.9746997, 40.7667505]]}}, {"type": "Feature", "properties": {"wayId": 876367176, "name": "", "highway": "footway"}, "geometry": {"type": "LineString", "coordinates": [[-73.9750954, 40.766962], [-73.9750758, 40.7669303]]}}, {"type": "Feature", "properties": {"wayId": 876367177, "name": "", "highway": "footway"}, "geometry": {"type": "LineString", "coordinates": [[-73.9749907, 40.7671484], [-73.9750168, 40.7671188], [-73.975029, 40.7671085], [-73.9750659, 40.7670868]]}}, {"type": "Feature", "properties": {"wayId": 893417435, "name": "", "highway": "footway"}, "geometry": {"type": "LineString", "coordinates": [[-73.9646407, 40.7790734], [-73.9649556, 40.7792064]]}}, {"type": "Feature", "properties": {"wayId": 941024311, "name": "", "highway": "steps"}, "geometry": {"type": "LineString", "coordinates": [[-73.9702332, 40.7798114], [-73.9702664, 40.7798225]]}}, {"type": "Feature", "properties": {"wayId": 941870078, "name": "Nell Singer Lilac Walk", "highway": "footway"}, "geometry": {"type": "LineString", "coordinates": [[-73.9739134, 40.7728605], [-73.9738859, 40.7728137], [-73.9738332, 40.7726827], [-73.9738045, 40.7726243], [-73.9737414, 40.7725222], [-73.9736684, 40.7724241], [-73.9736184, 40.7723594], [-73.9735899, 40.772318], [-73.9735161, 40.7722058], [-73.9734751, 40.7721562], [-73.9734278, 40.7721088], [-73.9733872, 40.7720658], [-73.9733582, 40.7720269], [-73.9733285, 40.7719907], [-73.973307, 40.7719565], [-73.9732862, 40.7719279], [-73.9732664, 40.7719037], [-73.9732469, 40.7718794], [-73.9731865, 40.7718012]]}}, {"type": "Feature", "properties": {"wayId": 943780360, "name": "", "highway": "footway"}, "geometry": {"type": "LineString", "coordinates": [[-73.9579268, 40.798831], [-73.9578876, 40.7987896], [-73.9578849, 40.7987429], [-73.9578795, 40.7986911], [-73.9578366, 40.7986353], [-73.9577508, 40.7985673], [-73.9577505, 40.7985078]]}}, {"type": "Feature", "properties": {"wayId": 943780361, "name": "", "highway": "footway"}, "geometry": {"type": "LineString", "coordinates": [[-73.9578473, 40.7990275], [-73.9579359, 40.7990201], [-73.9582403, 40.7989866], [-73.9583798, 40.7989399], [-73.9585156, 40.7989344]]}}, {"type": "Feature", "properties": {"wayId": 943780362, "name": "", "highway": "footway"}, "geometry": {"type": "LineString", "coordinates": [[-73.9664578, 40.7835935], [-73.9664908, 40.7836559], [-73.9665069, 40.7836844]]}}, {"type": "Feature", "properties": {"wayId": 943780363, "name": "", "highway": "path"}, "geometry": {"type": "LineString", "coordinates": [[-73.9670943, 40.7831116], [-73.9674269, 40.7832203], [-73.9676375, 40.7832695]]}}, {"type": "Feature", "properties": {"wayId": 943780364, "name": "", "highway": "footway"}, "geometry": {"type": "LineString", "coordinates": [[-73.9663859, 40.7832743], [-73.966122, 40.7831624]]}}, {"type": "Feature", "properties": {"wayId": 943780365, "name": "", "highway": "footway"}, "geometry": {"type": "LineString", "coordinates": [[-73.9566097, 40.7877634], [-73.9566219, 40.7877852], [-73.956635, 40.7878159], [-73.956648, 40.7878423]]}}, {"type": "Feature", "properties": {"wayId": 943780366, "name": "", "highway": "footway"}, "geometry": {"type": "LineString", "coordinates": [[-73.9566395, 40.787711], [-73.956685, 40.7876983], [-73.9567292, 40.7876874], [-73.9567805, 40.7876839]]}}, {"type": "Feature", "properties": {"wayId": 943780367, "name": "", "highway": "footway"}, "geometry": {"type": "LineString", "coordinates": [[-73.9564862, 40.7877146], [-73.9564495, 40.7877082]]}}, {"type": "Feature", "properties": {"wayId": 943780368, "name": "", "highway": "footway"}, "geometry": {"type": "LineString", "coordinates": [[-73.9566418, 40.7877313], [-73.9566383, 40.7877401], [-73.9566304, 40.7877492], [-73.9566201, 40.7877583], [-73.9566097, 40.7877634], [-73.9565951, 40.7877665], [-73.9565801, 40.7877678], [-73.9565589, 40.7877668], [-73.9565307, 40.7877615], [-73.9565149, 40.7877542], [-73.9564995, 40.7877445], [-73.9564888, 40.7877325], [-73.9564862, 40.7877146], [-73.9564907, 40.7877014], [-73.9564986, 40.7876916], [-73.9565194, 40.7876799], [-73.9565398, 40.7876752], [-73.9565714, 40.7876746], [-73.9565943, 40.7876777], [-73.9566138, 40.7876856], [-73.9566255, 40.7876935], [-73.9566371, 40.7877029], [-73.9566395, 40.787711], [-73.956642, 40.7877196], [-73.9566418, 40.7877313]]}}, {"type": "Feature", "properties": {"wayId": 943780369, "name": "", "highway": "footway"}, "geometry": {"type": "LineString", "coordinates": [[-73.9565022, 40.7879735], [-73.9565653, 40.7879278], [-73.9566042, 40.7878887], [-73.9566357, 40.7878481], [-73.956648, 40.7878423], [-73.9566578, 40.7878397], [-73.9566953, 40.7878354], [-73.9567302, 40.7878349], [-73.956749, 40.7878273], [-73.956757, 40.7878121], [-73.9567778, 40.7877278], [-73.9567805, 40.7876839], [-73.9567832, 40.7876389], [-73.9567852, 40.7875602], [-73.9567812, 40.7875333], [-73.9567631, 40.7875069], [-73.9567396, 40.7874841], [-73.9567067, 40.7874678], [-73.9566893, 40.7874623], [-73.9566544, 40.7874597], [-73.9566135, 40.7874638], [-73.9565807, 40.7874755], [-73.9565512, 40.7874948], [-73.9565264, 40.7875161], [-73.9565089, 40.7875481], [-73.9564875, 40.7875927], [-73.9564553, 40.7876806], [-73.9564495, 40.7877082], [-73.9564405, 40.7877552], [-73.9564345, 40.7877867], [-73.9564352, 40.7878669], [-73.9564372, 40.7879106], [-73.9564499, 40.7879375], [-73.956468, 40.7879629], [-73.9564908, 40.787974], [-73.9565022, 40.7879735]]}}, {"type": "Feature", "properties": {"wayId": 943780371, "name": "", "highway": "footway"}, "geometry": {"type": "LineString", "coordinates": [[-73.9561153, 40.7878719], [-73.9561616, 40.7877816], [-73.9561998, 40.7877324], [-73.9562186, 40.7877171], [-73.9562333, 40.7877126], [-73.9562488, 40.7877136], [-73.9562675, 40.7877181], [-73.9562749, 40.7877263], [-73.9562796, 40.7877379], [-73.9562803, 40.7877491], [-73.9562628, 40.7878227], [-73.9562628, 40.7878334], [-73.9562642, 40.787841], [-73.9562709, 40.7878517], [-73.9562789, 40.7878588], [-73.956291, 40.7878639], [-73.9563031, 40.7878644], [-73.9563172, 40.7878623], [-73.9563333, 40.7878567], [-73.9563406, 40.7878476], [-73.9563453, 40.7878375], [-73.9563795, 40.7876973], [-73.9564157, 40.7877009], [-73.9564495, 40.7877082]]}}, {"type": "Feature", "properties": {"wayId": 943780372, "name": "", "highway": "footway"}, "geometry": {"type": "LineString", "coordinates": [[-73.9515476, 40.7942294], [-73.9515495, 40.7943072], [-73.9515696, 40.7943824], [-73.9516085, 40.7944453], [-73.9516635, 40.7945145]]}}, {"type": "Feature", "properties": {"wayId": 958998479, "name": "", "highway": "pedestrian"}, "geometry": {"type": "LineString", "coordinates": [[-73.9719549, 40.7733576], [-73.9719365, 40.7733286], [-73.971954, 40.7732937], [-73.9719921, 40.7732812], [-73.9720351, 40.7732932], [-73.9720549, 40.7733226], [-73.9720374, 40.7733576], [-73.9719979, 40.7733695], [-73.9719549, 40.7733576]]}}, {"type": "Feature", "properties": {"wayId": 958998480, "name": "", "highway": "footway"}, "geometry": {"type": "LineString", "coordinates": [[-73.9695617, 40.7723554], [-73.9695737, 40.7723587], [-73.9695849, 40.7723634], [-73.969595, 40.7723694], [-73.9696038, 40.7723764], [-73.9696109, 40.7723844], [-73.9696164, 40.7723932], [-73.96962, 40.7724025], [-73.9696216, 40.7724121], [-73.9696212, 40.7724218], [-73.9696189, 40.7724313], [-73.9696149, 40.7724398], [-73.9696093, 40.7724479], [-73.9696023, 40.7724552], [-73.9695939, 40.7724617], [-73.9695844, 40.7724671], [-73.9695739, 40.7724715], [-73.9695626, 40.7724746], [-73.9695509, 40.7724765], [-73.969539, 40.7724771], [-73.9695271, 40.7724763], [-73.9695154, 40.7724742], [-73.9695036, 40.7724706], [-73.9694926, 40.7724657], [-73.9694828, 40.7724595], [-73.9694744, 40.7724522], [-73.9694676, 40.7724441], [-73.9694625, 40.7724352], [-73.9694593, 40.7724258], [-73.9694581, 40.7724162], [-73.9694589, 40.7724066], [-73.9694616, 40.7723971], [-73.9694662, 40.7723882], [-73.9694726, 40.77238], [-73.9694805, 40.7723725], [-73.9694899, 40.7723661], [-73.9695005, 40.7723609], [-73.969512, 40.7723569], [-73.9695242, 40.7723544], [-73.9695367, 40.7723532], [-73.9695493, 40.7723536], [-73.9695617, 40.7723554]]}}, {"type": "Feature", "properties": {"wayId": 959006921, "name": "Strawberry Fields", "highway": "footway"}, "geometry": {"type": "LineString", "coordinates": [[-73.9753259, 40.7756354], [-73.9752261, 40.7758518], [-73.9752417, 40.7759461], [-73.9752655, 40.7759895], [-73.9752996, 40.7760201], [-73.9753428, 40.7760532]]}}, {"type": "Feature", "properties": {"wayId": 959011550, "name": "East Drive", "highway": "pedestrian"}, "geometry": {"type": "LineString", "coordinates": [[-73.9698691, 40.7714209], [-73.9697575, 40.7714705], [-73.9696667, 40.7715192], [-73.9695924, 40.7715658], [-73.9695237, 40.7716124], [-73.9694595, 40.7716649], [-73.9693979, 40.7717181], [-73.969348, 40.7717699], [-73.969302, 40.7718178], [-73.9692617, 40.7718654], [-73.9692207, 40.7719209], [-73.96919, 40.7719651], [-73.9691398, 40.7720529], [-73.9690979, 40.7721237], [-73.9690082, 40.772286]]}}, {"type": "Feature", "properties": {"wayId": 959011551, "name": "East Drive", "highway": "pedestrian"}, "geometry": {"type": "LineString", "coordinates": [[-73.9688914, 40.7744673], [-73.968826, 40.7745372]]}}, {"type": "Feature", "properties": {"wayId": 959011552, "name": "East Drive", "highway": "footway"}, "geometry": {"type": "LineString", "coordinates": [[-73.9690476, 40.774121], [-73.9690604, 40.7740932], [-73.9690802, 40.7740249], [-73.9690848, 40.7738576], [-73.9690604, 40.7737477], [-73.9690534, 40.7737191], [-73.9690157, 40.7736498], [-73.9689584, 40.773571], [-73.968831, 40.7734211], [-73.9687876, 40.77337]]}}, {"type": "Feature", "properties": {"wayId": 959011556, "name": "East Drive", "highway": "footway"}, "geometry": {"type": "LineString", "coordinates": [[-73.9687093, 40.7747996], [-73.968881, 40.774616], [-73.9689063, 40.7745875]]}}, {"type": "Feature", "properties": {"wayId": 959011557, "name": "East Drive", "highway": "footway"}, "geometry": {"type": "LineString", "coordinates": [[-73.9689063, 40.7745875], [-73.9689739, 40.7745189]]}}, {"type": "Feature", "properties": {"wayId": 993519054, "name": "West Drive", "highway": "footway"}, "geometry": {"type": "LineString", "coordinates": [[-73.9748105, 40.7746215], [-73.9749192, 40.7746079], [-73.9750191, 40.7745918], [-73.9750939, 40.7745768], [-73.9751007, 40.7745754], [-73.9752135, 40.7745372], [-73.9753123, 40.7744872], [-73.975346, 40.7744698]]}}, {"type": "Feature", "properties": {"wayId": 993519055, "name": "Nell Singer Lilac Walk", "highway": "footway"}, "geometry": {"type": "LineString", "coordinates": [[-73.975346, 40.7744698], [-73.9753044, 40.7744299]]}}, {"type": "Feature", "properties": {"wayId": 993520990, "name": "", "highway": "footway"}, "geometry": {"type": "LineString", "coordinates": [[-73.9688326, 40.7748863], [-73.9687093, 40.7747996], [-73.9686756, 40.7747759]]}}, {"type": "Feature", "properties": {"wayId": 993520991, "name": "East Drive", "highway": "pedestrian"}, "geometry": {"type": "LineString", "coordinates": [[-73.9556878, 40.7958419], [-73.9557018, 40.7959116], [-73.9557036, 40.7959539], [-73.9556997, 40.7959936], [-73.9556917, 40.79604], [-73.9556744, 40.7960893], [-73.9556457, 40.7961378], [-73.9556126, 40.7961804], [-73.9555653, 40.7962322], [-73.9555151, 40.796282], [-73.9554587, 40.7963364], [-73.9550909, 40.7966666], [-73.9550235, 40.7967289], [-73.954949, 40.796801], [-73.9548715, 40.7968798], [-73.9547958, 40.7969712], [-73.9547208, 40.7970753], [-73.9546388, 40.7971919]]}}, {"type": "Feature", "properties": {"wayId": 995656854, "name": "", "highway": "footway"}, "geometry": {"type": "LineString", "coordinates": [[-73.9669391, 40.7887258], [-73.9668738, 40.7886992], [-73.9667306, 40.7886408], [-73.9667065, 40.788631]]}}, {"type": "Feature", "properties": {"wayId": 1019560869, "name": "", "highway": "footway"}, "geometry": {"type": "LineString", "coordinates": [[-73.971067, 40.7683416], [-73.9708341, 40.7682216], [-73.9706517, 40.7681284], [-73.9705027, 40.7680594], [-73.9704283, 40.7680083]]}}, {"type": "Feature", "properties": {"wayId": 1019560870, "name": "", "highway": "footway"}, "geometry": {"type": "LineString", "coordinates": [[-73.9711308, 40.768377], [-73.971067, 40.7683416]]}}, {"type": "Feature", "properties": {"wayId": 1020377275, "name": "", "highway": "steps"}, "geometry": {"type": "LineString", "coordinates": [[-73.9618098, 40.7893666], [-73.961876, 40.7893579]]}}, {"type": "Feature", "properties": {"wayId": 1034626259, "name": "", "highway": "footway"}, "geometry": {"type": "LineString", "coordinates": [[-73.978395, 40.771706], [-73.9782388, 40.7717496], [-73.978087, 40.7717658], [-73.9779397, 40.7717546], [-73.9778537, 40.7717351], [-73.9777787, 40.7717081], [-73.9777434, 40.7716934], [-73.9776986, 40.7716719]]}}, {"type": "Feature", "properties": {"wayId": 1034626260, "name": "", "highway": "footway"}, "geometry": {"type": "LineString", "coordinates": [[-73.9776986, 40.7716719], [-73.9775914, 40.7716068], [-73.9772137, 40.7713555]]}}, {"type": "Feature", "properties": {"wayId": 1044433863, "name": "", "highway": "footway"}, "geometry": {"type": "LineString", "coordinates": [[-73.9707044, 40.7777418], [-73.9706668, 40.7777368]]}}, {"type": "Feature", "properties": {"wayId": 1044433864, "name": "", "highway": "footway"}, "geometry": {"type": "LineString", "coordinates": [[-73.9706668, 40.7777368], [-73.9706516, 40.7777386], [-73.9706174, 40.7777323]]}}, {"type": "Feature", "properties": {"wayId": 1077578352, "name": "", "highway": "footway"}, "geometry": {"type": "LineString", "coordinates": [[-73.9609121, 40.7935435], [-73.9610105, 40.7936425]]}}, {"type": "Feature", "properties": {"wayId": 1077578354, "name": "", "highway": "footway"}, "geometry": {"type": "LineString", "coordinates": [[-73.9610105, 40.7936425], [-73.9610489, 40.7936822], [-73.9610867, 40.7937138]]}}, {"type": "Feature", "properties": {"wayId": 1079665955, "name": "", "highway": "footway"}, "geometry": {"type": "LineString", "coordinates": [[-73.9688991, 40.7730407], [-73.9688615, 40.7730386], [-73.9688293, 40.7730367], [-73.9688021, 40.7730334], [-73.9687429, 40.7730323], [-73.9686982, 40.773038], [-73.968653, 40.7730474], [-73.9686063, 40.773063]]}}, {"type": "Feature", "properties": {"wayId": 1080868592, "name": "West Drive", "highway": "pedestrian"}, "geometry": {"type": "LineString", "coordinates": [[-73.9754351, 40.7745261], [-73.9755007, 40.7744825], [-73.9755554, 40.7744413], [-73.9756123, 40.7743912], [-73.9756574, 40.7743444], [-73.9757032, 40.7742931], [-73.9757408, 40.7742462], [-73.975938, 40.7739918]]}}, {"type": "Feature", "properties": {"wayId": 1080868593, "name": "West Drive", "highway": "pedestrian"}, "geometry": {"type": "LineString", "coordinates": [[-73.975938, 40.7739918], [-73.976052, 40.7738371]]}}, {"type": "Feature", "properties": {"wayId": 1080868594, "name": "", "highway": "footway"}, "geometry": {"type": "LineString", "coordinates": [[-73.976156, 40.7738746], [-73.976052, 40.7738371]]}}, {"type": "Feature", "properties": {"wayId": 1080868595, "name": "West Drive", "highway": "pedestrian"}, "geometry": {"type": "LineString", "coordinates": [[-73.9764777, 40.7730736], [-73.976569, 40.7728705], [-73.9766253, 40.772723]]}}, {"type": "Feature", "properties": {"wayId": 1080868596, "name": "West Drive", "highway": "pedestrian"}, "geometry": {"type": "LineString", "coordinates": [[-73.9788872, 40.7678551], [-73.9787075, 40.7677495], [-73.9785915, 40.7676861]]}}, {"type": "Feature", "properties": {"wayId": 1080868597, "name": "Center Drive", "highway": "pedestrian"}, "geometry": {"type": "LineString", "coordinates": [[-73.9726031, 40.7695356], [-73.9725484, 40.7695308], [-73.9724988, 40.7695273], [-73.97241, 40.7695269], [-73.972328, 40.7695301], [-73.9722423, 40.7695384]]}}, {"type": "Feature", "properties": {"wayId": 1080868598, "name": "East Drive", "highway": "pedestrian"}, "geometry": {"type": "LineString", "coordinates": [[-73.9691398, 40.7737056], [-73.9691508, 40.7737465], [-73.96916, 40.7738022], [-73.9691638, 40.7738784], [-73.9691627, 40.7739476], [-73.9691566, 40.7740236], [-73.9691464, 40.7740914], [-73.9691331, 40.7741422], [-73.969115, 40.7741883], [-73.9690947, 40.7742303], [-73.9690607, 40.7742783], [-73.9690263, 40.7743215], [-73.9688914, 40.7744673]]}}, {"type": "Feature", "properties": {"wayId": 1080868599, "name": "East Drive", "highway": "pedestrian"}, "geometry": {"type": "LineString", "coordinates": [[-73.9711648, 40.7702695], [-73.9710953, 40.7703832], [-73.9709099, 40.7707311], [-73.9708693, 40.7707903], [-73.9708229, 40.7708458], [-73.9707722, 40.7708983], [-73.9707165, 40.7709495], [-73.9706543, 40.771001], [-73.9705858, 40.7710518], [-73.970516, 40.7711001], [-73.9704433, 40.7711429], [-73.970367, 40.7711816], [-73.9700833, 40.7713179]]}}, {"type": "Feature", "properties": {"wayId": 1080868600, "name": "East Drive", "highway": "pedestrian"}, "geometry": {"type": "LineString", "coordinates": [[-73.9700833, 40.7713179], [-73.9698691, 40.7714209]]}}, {"type": "Feature", "properties": {"wayId": 1080868601, "name": "", "highway": "footway"}, "geometry": {"type": "LineString", "coordinates": [[-73.9699361, 40.7714771], [-73.9698691, 40.7714209]]}}, {"type": "Feature", "properties": {"wayId": 1080868602, "name": "East Drive", "highway": "pedestrian"}, "geometry": {"type": "LineString", "coordinates": [[-73.9690082, 40.772286], [-73.9689208, 40.7724535]]}}, {"type": "Feature", "properties": {"wayId": 1080868603, "name": "East Drive", "highway": "pedestrian"}, "geometry": {"type": "LineString", "coordinates": [[-73.9689208, 40.7724535], [-73.9689017, 40.7725013], [-73.9688837, 40.7725492], [-73.9688596, 40.772614], [-73.9688388, 40.7726792], [-73.9688227, 40.7727433], [-73.9688102, 40.7728065], [-73.9688031, 40.7728591], [-73.9687984, 40.7729028], [-73.9687959, 40.7729517], [-73.9687976, 40.7729965], [-73.9688021, 40.7730334], [-73.9688161, 40.7731022], [-73.9688406, 40.7731665], [-73.9688801, 40.773246]]}}, {"type": "Feature", "properties": {"wayId": 1081019373, "name": "East Drive", "highway": "pedestrian"}, "geometry": {"type": "LineString", "coordinates": [[-73.9686348, 40.7747449], [-73.9685622, 40.774815], [-73.9685108, 40.7748581], [-73.9684496, 40.7749022], [-73.968378, 40.7749501], [-73.9682812, 40.775008], [-73.9682112, 40.775049], [-73.9681122, 40.7751015], [-73.9680195, 40.7751433], [-73.9677168, 40.7752702], [-73.9676573, 40.7752997], [-73.9675684, 40.7753471], [-73.967506, 40.7753828], [-73.9674646, 40.7754138], [-73.9674189, 40.7754493], [-73.9673862, 40.7754812], [-73.9673505, 40.7755216], [-73.9673223, 40.7755616], [-73.967296, 40.7756097], [-73.9672786, 40.7756622], [-73.9672651, 40.7757126], [-73.967257, 40.7757607], [-73.9672534, 40.7758053], [-73.967256, 40.7758431], [-73.9672607, 40.7758949], [-73.9672743, 40.7759614], [-73.9673056, 40.7760883], [-73.9673163, 40.7761367], [-73.9673203, 40.7761738], [-73.967321, 40.7762137], [-73.9673157, 40.7762588], [-73.9673019, 40.7763105], [-73.9672817, 40.7763587], [-73.967117, 40.7767063], [-73.9670835, 40.7767807], [-73.9670548, 40.7768575], [-73.9670242, 40.7769404], [-73.9669227, 40.777274], [-73.9668927, 40.7773558], [-73.9668067, 40.7775771], [-73.9667753, 40.7776467], [-73.9667294, 40.7777351], [-73.966678, 40.7778199], [-73.9665925, 40.7779561]]}}, {"type": "Feature", "properties": {"wayId": 1081019374, "name": "East Drive", "highway": "pedestrian"}, "geometry": {"type": "LineString", "coordinates": [[-73.9665925, 40.7779561], [-73.9664994, 40.7780983]]}}, {"type": "Feature", "properties": {"wayId": 1081019375, "name": "East Drive", "highway": "pedestrian"}, "geometry": {"type": "LineString", "coordinates": [[-73.9546388, 40.7971919], [-73.9545619, 40.7973145], [-73.9545033, 40.7974025], [-73.9544527, 40.7974936], [-73.9544086, 40.7975791], [-73.9543743, 40.7976539], [-73.9543551, 40.7976942], [-73.9543428, 40.7977354]]}}, {"type": "Feature", "properties": {"wayId": 1081021541, "name": "East Drive", "highway": "pedestrian"}, "geometry": {"type": "LineString", "coordinates": [[-73.9534661, 40.7952396], [-73.9534338, 40.7952692], [-73.9534045, 40.7953043], [-73.9533759, 40.7953423], [-73.9533503, 40.7953841], [-73.9533294, 40.7954302], [-73.9533176, 40.7954727], [-73.9533105, 40.7955145], [-73.9533073, 40.7955571], [-73.9533089, 40.7956003], [-73.9533189, 40.795653], [-73.9533388, 40.7956967], [-73.9533642, 40.7957389], [-73.9534021, 40.7957898], [-73.9534446, 40.7958335], [-73.9534904, 40.7958736], [-73.9535425, 40.7959101], [-73.9536042, 40.7959425], [-73.9536774, 40.7959709], [-73.9537406, 40.7959884], [-73.9538153, 40.7960013], [-73.9539043, 40.7960075], [-73.9539782, 40.7960066], [-73.954059, 40.7959987], [-73.9541409, 40.7959854], [-73.9542226, 40.7959683], [-73.9543088, 40.795943], [-73.9543904, 40.7959111], [-73.9544641, 40.7958744], [-73.9545369, 40.7958388], [-73.9546222, 40.7957841], [-73.9547068, 40.7957252], [-73.9547267, 40.7957118], [-73.9547772, 40.7956776], [-73.9548562, 40.795627], [-73.9549104, 40.7955989], [-73.9549668, 40.7955763], [-73.9550261, 40.7955592], [-73.9550781, 40.7955523], [-73.9551357, 40.7955478], [-73.9551988, 40.7955475], [-73.9552655, 40.7955543], [-73.9553314, 40.795568], [-73.955385, 40.7955832], [-73.9554335, 40.7956006], [-73.9554929, 40.7956286], [-73.9555425, 40.7956568], [-73.9555871, 40.7956912], [-73.9556181, 40.7957199], [-73.9556431, 40.795757]]}}, {"type": "Feature", "properties": {"wayId": 1081021542, "name": "East Drive", "highway": "pedestrian"}, "geometry": {"type": "LineString", "coordinates": [[-73.9537256, 40.7951113], [-73.9537017, 40.7951205], [-73.9536092, 40.7951559], [-73.9535577, 40.7951782], [-73.9535176, 40.7951997], [-73.9534661, 40.7952396]]}}, {"type": "Feature", "properties": {"wayId": 1081021543, "name": "East Drive", "highway": "pedestrian"}, "geometry": {"type": "LineString", "coordinates": [[-73.9548651, 40.7940446], [-73.9548272, 40.7941833], [-73.9547813, 40.7943218], [-73.9547495, 40.794384], [-73.9547125, 40.7944456], [-73.9546656, 40.7945122], [-73.9546026, 40.7945879], [-73.9545238, 40.7946641], [-73.9544317, 40.7947456], [-73.9543423, 40.7948136], [-73.9542478, 40.7948759], [-73.9541188, 40.7949461], [-73.9539987, 40.7950066], [-73.9538482, 40.7950685], [-73.9537256, 40.7951113]]}}, {"type": "Feature", "properties": {"wayId": 1081021544, "name": "", "highway": "footway"}, "geometry": {"type": "LineString", "coordinates": [[-73.9548651, 40.7940446], [-73.9548114, 40.7940459]]}}, {"type": "Feature", "properties": {"wayId": 1081021545, "name": "East Drive", "highway": "pedestrian"}, "geometry": {"type": "LineString", "coordinates": [[-73.9549053, 40.7938775], [-73.9548651, 40.7940446]]}}, {"type": "Feature", "properties": {"wayId": 1081021547, "name": "", "highway": "footway"}, "geometry": {"type": "LineString", "coordinates": [[-73.9534191, 40.7952205], [-73.9534661, 40.7952396], [-73.9535101, 40.7952576]]}}, {"type": "Feature", "properties": {"wayId": 1081021548, "name": "East Drive", "highway": "pedestrian"}, "geometry": {"type": "LineString", "coordinates": [[-73.9550527, 40.7931398], [-73.9550433, 40.7931989], [-73.9550372, 40.7932368], [-73.955024, 40.7933161], [-73.9549053, 40.7938775]]}}, {"type": "Feature", "properties": {"wayId": 1081021549, "name": "", "highway": "footway"}, "geometry": {"type": "LineString", "coordinates": [[-73.9553125, 40.793353], [-73.9552558, 40.7933423], [-73.9552081, 40.7933292], [-73.9551713, 40.7933076], [-73.9551499, 40.7932878], [-73.9550433, 40.7931989]]}}, {"type": "Feature", "properties": {"wayId": 1081021550, "name": "", "highway": "footway"}, "geometry": {"type": "LineString", "coordinates": [[-73.9550527, 40.7931398], [-73.9550051, 40.7931358]]}}, {"type": "Feature", "properties": {"wayId": 1081021551, "name": "East Drive", "highway": "pedestrian"}, "geometry": {"type": "LineString", "coordinates": [[-73.9550465, 40.7929302], [-73.9550554, 40.7930103], [-73.9550552, 40.7930802], [-73.9550527, 40.7931398]]}}, {"type": "Feature", "properties": {"wayId": 1081021552, "name": "East Drive", "highway": "pedestrian"}, "geometry": {"type": "LineString", "coordinates": [[-73.9549942, 40.7927125], [-73.955028, 40.7928295], [-73.9550321, 40.7928517], [-73.9550465, 40.7929302]]}}, {"type": "Feature", "properties": {"wayId": 1081021553, "name": "East Drive", "highway": "pedestrian"}, "geometry": {"type": "LineString", "coordinates": [[-73.9549642, 40.7924711], [-73.9549662, 40.7925321], [-73.9549785, 40.7926126], [-73.9549942, 40.7927125]]}}, {"type": "Feature", "properties": {"wayId": 1081021554, "name": "East 102nd Street", "highway": "footway"}, "geometry": {"type": "LineString", "coordinates": [[-73.9549495, 40.792716], [-73.9549942, 40.7927125]]}}, {"type": "Feature", "properties": {"wayId": 1081021555, "name": "East Drive", "highway": "pedestrian"}, "geometry": {"type": "LineString", "coordinates": [[-73.9555663, 40.7917276], [-73.9553513, 40.7919], [-73.9552524, 40.7919802], [-73.9551832, 40.7920457], [-73.955121, 40.7921128], [-73.9550705, 40.7921732], [-73.9550339, 40.7922257], [-73.955005, 40.7922827], [-73.95498, 40.7923439], [-73.9549661, 40.7924059], [-73.9549642, 40.7924711]]}}, {"type": "Feature", "properties": {"wayId": 1081021556, "name": "", "highway": "footway"}, "geometry": {"type": "LineString", "coordinates": [[-73.9556176, 40.7917687], [-73.955697, 40.791845], [-73.9558552, 40.7919437]]}}, {"type": "Feature", "properties": {"wayId": 1081021557, "name": "East Drive", "highway": "pedestrian"}, "geometry": {"type": "LineString", "coordinates": [[-73.9557458, 40.7915893], [-73.9555663, 40.7917276]]}}, {"type": "Feature", "properties": {"wayId": 1081021558, "name": "", "highway": "footway"}, "geometry": {"type": "LineString", "coordinates": [[-73.9555269, 40.7916972], [-73.9555663, 40.7917276], [-73.9556176, 40.7917687]]}}, {"type": "Feature", "properties": {"wayId": 1081021559, "name": "East Drive", "highway": "pedestrian"}, "geometry": {"type": "LineString", "coordinates": [[-73.957374, 40.7895217], [-73.9573679, 40.7895782], [-73.9573607, 40.7896352], [-73.9573402, 40.789722]]}}, {"type": "Feature", "properties": {"wayId": 1081021561, "name": "", "highway": "footway"}, "geometry": {"type": "LineString", "coordinates": [[-73.9574095, 40.7897395], [-73.9573402, 40.789722]]}}, {"type": "Feature", "properties": {"wayId": 1081021562, "name": "", "highway": "footway"}, "geometry": {"type": "LineString", "coordinates": [[-73.9572966, 40.7897117], [-73.9573402, 40.789722]]}}, {"type": "Feature", "properties": {"wayId": 1081021563, "name": "East Drive", "highway": "pedestrian"}, "geometry": {"type": "LineString", "coordinates": [[-73.95702, 40.7876095], [-73.9570227, 40.787662], [-73.9570201, 40.7877328], [-73.9570114, 40.7877975], [-73.9569949, 40.787874], [-73.956978, 40.787936], [-73.9569579, 40.7879784], [-73.9569277, 40.7880575], [-73.956891, 40.7881419], [-73.9568646, 40.7882237], [-73.9568509, 40.7882814], [-73.9568416, 40.7883326], [-73.9568383, 40.788398], [-73.9568406, 40.7884558], [-73.9568458, 40.7885283], [-73.956862, 40.7886072], [-73.9568782, 40.7886689], [-73.9569032, 40.7887404], [-73.9569408, 40.7888155], [-73.9569785, 40.7888789], [-73.9570309, 40.7889516], [-73.9570933, 40.7890241], [-73.9573165, 40.789244], [-73.9573456, 40.7892867], [-73.9573638, 40.789332], [-73.957376, 40.7893854], [-73.9573773, 40.7894437], [-73.957374, 40.7895217]]}}, {"type": "Feature", "properties": {"wayId": 1081021564, "name": "", "highway": "footway"}, "geometry": {"type": "LineString", "coordinates": [[-73.9570997, 40.7876034], [-73.95702, 40.7876095], [-73.9569658, 40.7876128]]}}, {"type": "Feature", "properties": {"wayId": 1081021565, "name": "East Drive", "highway": "pedestrian"}, "geometry": {"type": "LineString", "coordinates": [[-73.9569898, 40.7873736], [-73.957005, 40.7874737], [-73.9570089, 40.7875051], [-73.9570138, 40.7875437], [-73.95702, 40.7876095]]}}, {"type": "Feature", "properties": {"wayId": 1081021566, "name": "East Drive", "highway": "pedestrian"}, "geometry": {"type": "LineString", "coordinates": [[-73.9588732, 40.7842128], [-73.9587975, 40.7843176], [-73.9573435, 40.7863029], [-73.9572751, 40.7864039], [-73.9572307, 40.7864771], [-73.9571786, 40.7865637], [-73.9570736, 40.7867389], [-73.9570504, 40.7867814], [-73.9570332, 40.7868192], [-73.9570164, 40.786868], [-73.9570013, 40.7869196], [-73.9569869, 40.7869901], [-73.9569775, 40.787051], [-73.9569704, 40.7871296], [-73.956971, 40.7872287], [-73.9569766, 40.7872868], [-73.9569898, 40.7873736]]}}, {"type": "Feature", "properties": {"wayId": 1081021567, "name": "East Drive", "highway": "pedestrian"}, "geometry": {"type": "LineString", "coordinates": [[-73.9590659, 40.7839495], [-73.9589292, 40.7841356], [-73.9588732, 40.7842128]]}}, {"type": "Feature", "properties": {"wayId": 1081021568, "name": "", "highway": "footway"}, "geometry": {"type": "LineString", "coordinates": [[-73.9588449, 40.7841106], [-73.958883, 40.7841222]]}}, {"type": "Feature", "properties": {"wayId": 1081021569, "name": "", "highway": "footway"}, "geometry": {"type": "LineString", "coordinates": [[-73.958883, 40.7841222], [-73.9589292, 40.7841356], [-73.9589999, 40.7841562]]}}, {"type": "Feature", "properties": {"wayId": 1081021570, "name": "", "highway": "footway"}, "geometry": {"type": "LineString", "coordinates": [[-73.9587564, 40.7843003], [-73.9587244, 40.7842788]]}}, {"type": "Feature", "properties": {"wayId": 1081021571, "name": "", "highway": "footway"}, "geometry": {"type": "LineString", "coordinates": [[-73.9588627, 40.784345], [-73.9587975, 40.7843176], [-73.9587564, 40.7843003]]}}, {"type": "Feature", "properties": {"wayId": 1081021573, "name": "", "highway": "footway"}, "geometry": {"type": "LineString", "coordinates": [[-73.9622645, 40.7816654], [-73.9622955, 40.7816951], [-73.9622692, 40.7817874]]}}, {"type": "Feature", "properties": {"wayId": 1081021574, "name": "", "highway": "footway"}, "geometry": {"type": "LineString", "coordinates": [[-73.9636366, 40.7813972], [-73.9635759, 40.7813491], [-73.9635248, 40.781292]]}}, {"type": "Feature", "properties": {"wayId": 1081021575, "name": "", "highway": "footway"}, "geometry": {"type": "LineString", "coordinates": [[-73.9635248, 40.781292], [-73.9635062, 40.7812022]]}}, {"type": "Feature", "properties": {"wayId": 1081021576, "name": "East Drive", "highway": "pedestrian"}, "geometry": {"type": "LineString", "coordinates": [[-73.9635759, 40.7813491], [-73.963485, 40.7813884], [-73.963404, 40.7814208], [-73.9633075, 40.7814525], [-73.963186, 40.7814869], [-73.9629601, 40.7815442]]}}, {"type": "Feature", "properties": {"wayId": 1081021577, "name": "East Drive", "highway": "pedestrian"}, "geometry": {"type": "LineString", "coordinates": [[-73.9638119, 40.7812284], [-73.9637324, 40.7812734], [-73.9636468, 40.7813158], [-73.9635759, 40.7813491]]}}, {"type": "Feature", "properties": {"wayId": 1081021578, "name": "", "highway": "footway"}, "geometry": {"type": "LineString", "coordinates": [[-73.9683302, 40.775054], [-73.9683471, 40.7750701], [-73.9684143, 40.7751236]]}}, {"type": "Feature", "properties": {"wayId": 1081021579, "name": "", "highway": "footway"}, "geometry": {"type": "LineString", "coordinates": [[-73.9682281, 40.7749609], [-73.9682812, 40.775008], [-73.9683302, 40.775054]]}}, {"type": "Feature", "properties": {"wayId": 1081021580, "name": "", "highway": "footway"}, "geometry": {"type": "LineString", "coordinates": [[-73.9686756, 40.7747759], [-73.9686348, 40.7747449], [-73.9685859, 40.7747142]]}}, {"type": "Feature", "properties": {"wayId": 1081021581, "name": "East Drive", "highway": "pedestrian"}, "geometry": {"type": "LineString", "coordinates": [[-73.968826, 40.7745372], [-73.9686348, 40.7747449]]}}, {"type": "Feature", "properties": {"wayId": 1081021582, "name": "East Drive", "highway": "pedestrian"}, "geometry": {"type": "LineString", "coordinates": [[-73.9688801, 40.773246], [-73.9689059, 40.7732876], [-73.9689396, 40.7733434], [-73.9690513, 40.7735153]]}}, {"type": "Feature", "properties": {"wayId": 1081021583, "name": "72nd Street Transverse", "highway": "footway"}, "geometry": {"type": "LineString", "coordinates": [[-73.969211, 40.7736927], [-73.9691398, 40.7737056], [-73.9690534, 40.7737191]]}}, {"type": "Feature", "properties": {"wayId": 1081021584, "name": "East Drive", "highway": "pedestrian"}, "geometry": {"type": "LineString", "coordinates": [[-73.9690513, 40.7735153], [-73.9690827, 40.773565], [-73.9691035, 40.7736053], [-73.9691185, 40.7736378], [-73.9691222, 40.7736457], [-73.9691398, 40.7737056]]}}, {"type": "Feature", "properties": {"wayId": 1081021585, "name": "", "highway": "footway"}, "geometry": {"type": "LineString", "coordinates": [[-73.9541837, 40.7976144], [-73.9541242, 40.7976703], [-73.9540281, 40.7977484], [-73.953923, 40.7978176], [-73.9538055, 40.7978862], [-73.9537429, 40.797917], [-73.9537574, 40.7979592], [-73.9537932, 40.7981547]]}}, {"type": "Feature", "properties": {"wayId": 1081021586, "name": "", "highway": "footway"}, "geometry": {"type": "LineString", "coordinates": [[-73.9537932, 40.7981547], [-73.9538133, 40.7982266], [-73.9538322, 40.7982945]]}}, {"type": "Feature", "properties": {"wayId": 1081021587, "name": "North Woods", "highway": "footway"}, "geometry": {"type": "LineString", "coordinates": [[-73.9543936, 40.7977073], [-73.9543551, 40.7976942], [-73.954288, 40.7976699]]}}, {"type": "Feature", "properties": {"wayId": 1081022883, "name": "", "highway": "footway"}, "geometry": {"type": "LineString", "coordinates": [[-73.978881, 40.7716603], [-73.9789505, 40.7716691], [-73.9790279, 40.7716846], [-73.9790966, 40.7716818]]}}, {"type": "Feature", "properties": {"wayId": 1081022884, "name": "", "highway": "footway"}, "geometry": {"type": "LineString", "coordinates": [[-73.978627, 40.7716675], [-73.9786659, 40.7716618], [-73.9787326, 40.7716564], [-73.9788059, 40.7716577], [-73.978881, 40.7716603]]}}, {"type": "Feature", "properties": {"wayId": 1081028162, "name": "West Drive", "highway": "pedestrian"}, "geometry": {"type": "LineString", "coordinates": [[-73.955275, 40.7990112], [-73.9553909, 40.7990715], [-73.9554954, 40.7991216], [-73.9555844, 40.7991594], [-73.9556745, 40.7991909], [-73.9557819, 40.7992265], [-73.9558749, 40.7992529], [-73.9559762, 40.7992792], [-73.9560915, 40.7993059], [-73.9562093, 40.7993308], [-73.9562937, 40.7993472], [-73.9563356, 40.7993554], [-73.9564483, 40.7993738], [-73.9565594, 40.799391], [-73.9566616, 40.7994039], [-73.9567662, 40.7994105], [-73.9569876, 40.7994237], [-73.9570476, 40.799429], [-73.9571219, 40.7994379], [-73.957196, 40.7994514], [-73.9572757, 40.7994691], [-73.9573471, 40.7994879], [-73.9574237, 40.7995099], [-73.957496, 40.7995334], [-73.9575407, 40.7995471], [-73.9575898, 40.7995566], [-73.9576452, 40.7995632], [-73.9577023, 40.7995658], [-73.9577541, 40.7995652], [-73.9578044, 40.79956], [-73.9578552, 40.799551], [-73.9579016, 40.7995391], [-73.9579411, 40.7995283], [-73.9579792, 40.799514], [-73.9580271, 40.7994926], [-73.9580848, 40.7994642], [-73.9581314, 40.7994366], [-73.9581771, 40.7994058], [-73.9582296, 40.7993649], [-73.9582766, 40.7993242], [-73.9583242, 40.7992783], [-73.9583684, 40.7992273], [-73.9584077, 40.7991754], [-73.9584368, 40.7991268], [-73.9584658, 40.7990763], [-73.9584902, 40.7990161], [-73.958508, 40.7989644], [-73.9585156, 40.7989344], [-73.9585221, 40.798909], [-73.9585292, 40.7988565], [-73.9585317, 40.7988082], [-73.9585288, 40.7987644], [-73.9585211, 40.7987201], [-73.9585094, 40.7986744], [-73.9584987, 40.7986461], [-73.9584824, 40.7986067], [-73.9584637, 40.7985718], [-73.95844, 40.7985323], [-73.9584019, 40.7984867], [-73.9583595, 40.7984454], [-73.9583187, 40.7984124], [-73.9582666, 40.7983742], [-73.9582156, 40.7983455], [-73.9581654, 40.798319], [-73.9581064, 40.7982948], [-73.9580483, 40.7982779], [-73.9579848, 40.7982627], [-73.9575617, 40.7981647], [-73.9574902, 40.7981463], [-73.9574403, 40.7981301], [-73.9574036, 40.7981166], [-73.9573574, 40.7980919], [-73.9573133, 40.7980618], [-73.9572581, 40.7980225], [-73.9572087, 40.7979825], [-73.9571758, 40.7979508], [-73.9571486, 40.7979186], [-73.9571174, 40.7978776], [-73.9570943, 40.7978418], [-73.9570725, 40.797797], [-73.9570563, 40.7977534], [-73.9570406, 40.7977047], [-73.9570319, 40.7976582], [-73.9570289, 40.7976082], [-73.9570321, 40.7975652], [-73.9570487, 40.7974585]]}}, {"type": "Feature", "properties": {"wayId": 1081028166, "name": "", "highway": "footway"}, "geometry": {"type": "LineString", "coordinates": [[-73.9585733, 40.7987536], [-73.9585288, 40.7987644]]}}, {"type": "Feature", "properties": {"wayId": 1081028170, "name": "West Drive", "highway": "pedestrian"}, "geometry": {"type": "LineString", "coordinates": [[-73.9570487, 40.7974585], [-73.9570524, 40.7974021], [-73.9570527, 40.7973486], [-73.9570473, 40.7973004], [-73.9570392, 40.7972469], [-73.957027, 40.7972026], [-73.9570102, 40.7971459], [-73.9569902, 40.79709], [-73.9569592, 40.7970306], [-73.9569253, 40.7969773]]}}, {"type": "Feature", "properties": {"wayId": 1081028171, "name": "West Drive", "highway": "pedestrian"}, "geometry": {"type": "LineString", "coordinates": [[-73.9569253, 40.7969773], [-73.9568922, 40.796922], [-73.9568599, 40.7968651], [-73.9568351, 40.7968056], [-73.9568154, 40.7967427]]}}, {"type": "Feature", "properties": {"wayId": 1081028172, "name": "West Drive", "highway": "pedestrian"}, "geometry": {"type": "LineString", "coordinates": [[-73.9568154, 40.7967427], [-73.9568038, 40.7966806], [-73.9567981, 40.7966204], [-73.9567951, 40.7965634], [-73.9567982, 40.7965162], [-73.9568008, 40.7964647], [-73.9568122, 40.7964084], [-73.9568267, 40.7963569], [-73.956849, 40.7963009]]}}, {"type": "Feature", "properties": {"wayId": 1081028173, "name": "West Drive", "highway": "pedestrian"}, "geometry": {"type": "LineString", "coordinates": [[-73.9592349, 40.7945777], [-73.9592622, 40.7945225], [-73.9592894, 40.7944725], [-73.9593132, 40.7944352], [-73.9593404, 40.7943982], [-73.959379, 40.7943568], [-73.9594373, 40.7943051], [-73.9594859, 40.7942667], [-73.9595519, 40.7942207], [-73.959626, 40.7941763], [-73.9596983, 40.7941392], [-73.959762, 40.794113]]}}, {"type": "Feature", "properties": {"wayId": 1081028174, "name": "", "highway": "footway"}, "geometry": {"type": "LineString", "coordinates": [[-73.959773, 40.7941439], [-73.9597732, 40.7941962], [-73.9597598, 40.7942727], [-73.9597299, 40.794389], [-73.9597278, 40.794419], [-73.9597295, 40.794445], [-73.959739, 40.7944893], [-73.95976, 40.7945378]]}}, {"type": "Feature", "properties": {"wayId": 1081028175, "name": "", "highway": "footway"}, "geometry": {"type": "LineString", "coordinates": [[-73.9597488, 40.7940759], [-73.959762, 40.794113], [-73.959773, 40.7941439]]}}, {"type": "Feature", "properties": {"wayId": 1081028177, "name": "West Drive", "highway": "pedestrian"}, "geometry": {"type": "LineString", "coordinates": [[-73.959762, 40.794113], [-73.9598442, 40.7940879], [-73.9601081, 40.7940136], [-73.9604713, 40.7939141], [-73.9605715, 40.7938862], [-73.9606712, 40.7938527], [-73.9607685, 40.7938159], [-73.960859, 40.7937776], [-73.9609595, 40.7937289], [-73.9610489, 40.7936822]]}}, {"type": "Feature", "properties": {"wayId": 1081028178, "name": "West Drive", "highway": "pedestrian"}, "geometry": {"type": "LineString", "coordinates": [[-73.9610489, 40.7936822], [-73.9611412, 40.7936277], [-73.9612193, 40.793579], [-73.9612872, 40.7935324], [-73.9613769, 40.7934626], [-73.9614614, 40.7933921], [-73.961527, 40.7933313], [-73.9615897, 40.7932662], [-73.9616548, 40.7931905], [-73.9617201, 40.7931061], [-73.961883, 40.7928785]]}}, {"type": "Feature", "properties": {"wayId": 1081028179, "name": "", "highway": "footway"}, "geometry": {"type": "LineString", "coordinates": [[-73.9616612, 40.7930795], [-73.9617201, 40.7931061], [-73.9617619, 40.7931219]]}}, {"type": "Feature", "properties": {"wayId": 1081028180, "name": "Northwest Central Park Loop", "highway": "footway"}, "geometry": {"type": "LineString", "coordinates": [[-73.9618948, 40.7937103], [-73.9618711, 40.7937419], [-73.9618497, 40.7937757]]}}, {"type": "Feature", "properties": {"wayId": 1081028181, "name": "West Drive", "highway": "pedestrian"}, "geometry": {"type": "LineString", "coordinates": [[-73.961883, 40.7928785], [-73.9619315, 40.7928093], [-73.9619986, 40.7927076], [-73.9620596, 40.7926105], [-73.9621407, 40.7924715], [-73.9622159, 40.7923308], [-73.9623459, 40.792079], [-73.962493, 40.791779]]}}, {"type": "Feature", "properties": {"wayId": 1081028182, "name": "West Drive", "highway": "pedestrian"}, "geometry": {"type": "LineString", "coordinates": [[-73.962493, 40.791779], [-73.9625212, 40.7917284], [-73.9625548, 40.7916716], [-73.9626093, 40.7915917], [-73.9626567, 40.7915301]]}}, {"type": "Feature", "properties": {"wayId": 1081028183, "name": "West Drive", "highway": "pedestrian"}, "geometry": {"type": "LineString", "coordinates": [[-73.9626567, 40.7915301], [-73.962714, 40.7914624], [-73.9627719, 40.7913956], [-73.9628392, 40.7913242], [-73.9629173, 40.7912563], [-73.9629874, 40.7912036], [-73.9630549, 40.7911558], [-73.9631218, 40.7911145], [-73.9631905, 40.7910751], [-73.9632786, 40.7910319], [-73.9633653, 40.7909912], [-73.9635218, 40.7909279], [-73.963605, 40.7908931], [-73.9636781, 40.7908584], [-73.9637159, 40.7908388], [-73.9637747, 40.7908041], [-73.9638386, 40.7907592], [-73.9639042, 40.7907049], [-73.9639613, 40.7906507], [-73.96402, 40.7905864], [-73.9640625, 40.7905301], [-73.9641007, 40.7904753], [-73.9641358, 40.7904163], [-73.964165, 40.7903562], [-73.9641879, 40.7902916], [-73.964206, 40.7902259], [-73.9642172, 40.7901644], [-73.9642231, 40.7901075], [-73.9642234, 40.7900304], [-73.9642175, 40.789966], [-73.96421, 40.7899006], [-73.9641757, 40.7896491]]}}, {"type": "Feature", "properties": {"wayId": 1081028184, "name": "West Drive", "highway": "pedestrian"}, "geometry": {"type": "LineString", "coordinates": [[-73.9641757, 40.7896491], [-73.9641685, 40.7895669], [-73.964168, 40.789482], [-73.9641778, 40.7894342], [-73.9641876, 40.7893941], [-73.9642063, 40.7893347], [-73.964228, 40.7892784], [-73.9642532, 40.7892279], [-73.9642835, 40.7891771]]}}, {"type": "Feature", "properties": {"wayId": 1081028185, "name": "", "highway": "footway"}, "geometry": {"type": "LineString", "coordinates": [[-73.963252, 40.7892824], [-73.9633721, 40.7893138], [-73.9636498, 40.7893649], [-73.963831, 40.7893886], [-73.9639525, 40.7894], [-73.9641194, 40.7893983]]}}, {"type": "Feature", "properties": {"wayId": 1081028186, "name": "", "highway": "footway"}, "geometry": {"type": "LineString", "coordinates": [[-73.9641194, 40.7893983], [-73.9641876, 40.7893941], [-73.9642376, 40.7893902]]}}, {"type": "Feature", "properties": {"wayId": 1081028187, "name": "West Drive", "highway": "pedestrian"}, "geometry": {"type": "LineString", "coordinates": [[-73.9642835, 40.7891771], [-73.9643288, 40.7891145], [-73.9643849, 40.7890515], [-73.9644353, 40.7890005], [-73.9645036, 40.7889482], [-73.9645737, 40.7889013], [-73.9646404, 40.7888614], [-73.9647089, 40.7888275], [-73.9647836, 40.7887962], [-73.9648607, 40.78877], [-73.9652298, 40.7886528], [-73.9656365, 40.7885236]]}}, {"type": "Feature", "properties": {"wayId": 1081028188, "name": "", "highway": "footway"}, "geometry": {"type": "LineString", "coordinates": [[-73.9659424, 40.7884407], [-73.9660405, 40.7885298], [-73.9660789, 40.7885595]]}}, {"type": "Feature", "properties": {"wayId": 1081028189, "name": "", "highway": "footway"}, "geometry": {"type": "LineString", "coordinates": [[-73.9658888, 40.788373], [-73.9659225, 40.7884123], [-73.9659424, 40.7884407]]}}, {"type": "Feature", "properties": {"wayId": 1081028190, "name": "West Drive", "highway": "pedestrian"}, "geometry": {"type": "LineString", "coordinates": [[-73.9656365, 40.7885236], [-73.9657255, 40.7884922], [-73.9658104, 40.7884591], [-73.9659225, 40.7884123], [-73.966043, 40.7883523], [-73.9661539, 40.7882931]]}}, {"type": "Feature", "properties": {"wayId": 1081028192, "name": "", "highway": "footway"}, "geometry": {"type": "LineString", "coordinates": [[-73.9666361, 40.78788], [-73.9666836, 40.7879156], [-73.9667432, 40.7879478]]}}, {"type": "Feature", "properties": {"wayId": 1081028193, "name": "Northwest Central Park Loop", "highway": "footway"}, "geometry": {"type": "LineString", "coordinates": [[-73.9667836, 40.787918], [-73.966759, 40.7879365], [-73.9667432, 40.7879478], [-73.9667195, 40.7879741]]}}, {"type": "Feature", "properties": {"wayId": 1081028194, "name": "Northwest Central Park Loop", "highway": "footway"}, "geometry": {"type": "LineString", "coordinates": [[-73.9669066, 40.7878234], [-73.9668785, 40.7878444], [-73.9668504, 40.7878661]]}}, {"type": "Feature", "properties": {"wayId": 1081028195, "name": "Northwest Central Park Loop", "highway": "footway"}, "geometry": {"type": "LineString", "coordinates": [[-73.9668504, 40.7878661], [-73.9667836, 40.787918]]}}, {"type": "Feature", "properties": {"wayId": 1081028196, "name": "Northwest Central Park Loop", "highway": "footway"}, "geometry": {"type": "LineString", "coordinates": [[-73.9667195, 40.7879741], [-73.966683, 40.7880335]]}}, {"type": "Feature", "properties": {"wayId": 1081028197, "name": "West Drive", "highway": "pedestrian"}, "geometry": {"type": "LineString", "coordinates": [[-73.9661539, 40.7882931], [-73.9662578, 40.7882339], [-73.9663603, 40.7881648], [-73.9664572, 40.7880972], [-73.9665423, 40.788032], [-73.9666084, 40.7879791], [-73.9666836, 40.7879156], [-73.9668688, 40.7877372], [-73.9669207, 40.7876852], [-73.9670082, 40.7875941]]}}, {"type": "Feature", "properties": {"wayId": 1081028198, "name": "", "highway": "footway"}, "geometry": {"type": "LineString", "coordinates": [[-73.9670694, 40.7847453], [-73.9671253, 40.7847537], [-73.9672084, 40.7847634]]}}, {"type": "Feature", "properties": {"wayId": 1081028199, "name": "West Drive", "highway": "pedestrian"}, "geometry": {"type": "LineString", "coordinates": [[-73.9670082, 40.7875941], [-73.9670843, 40.7875081], [-73.967166, 40.7874015], [-73.9672444, 40.7872917], [-73.9673198, 40.7871772], [-73.9673817, 40.7870762], [-73.9674243, 40.7869913], [-73.9674614, 40.7869028], [-73.9674922, 40.7868176], [-73.9675154, 40.7867343], [-73.9675329, 40.7866453], [-73.9675454, 40.7865667], [-73.9675538, 40.7864828], [-73.9675544, 40.7863956], [-73.9675494, 40.7863059], [-73.9675398, 40.7862169], [-73.9675219, 40.7861213], [-73.9674984, 40.7860273], [-73.9674718, 40.7859464], [-73.9674346, 40.7858538], [-73.9671591, 40.7852004], [-73.9671387, 40.7851362], [-73.9671234, 40.7850623]]}}, {"type": "Feature", "properties": {"wayId": 1081028200, "name": "West Drive", "highway": "pedestrian"}, "geometry": {"type": "LineString", "coordinates": [[-73.9671234, 40.7850623], [-73.967113, 40.7849869], [-73.967111, 40.7849251], [-73.9671124, 40.7848591], [-73.9671194, 40.7848055], [-73.9671253, 40.7847537], [-73.9671463, 40.7846787], [-73.9671732, 40.7845996], [-73.9672059, 40.7845286]]}}, {"type": "Feature", "properties": {"wayId": 1081028201, "name": "West Drive", "highway": "pedestrian"}, "geometry": {"type": "LineString", "coordinates": [[-73.9672059, 40.7845286], [-73.9672508, 40.7844488], [-73.9672984, 40.7843761], [-73.9673608, 40.7842903], [-73.9674064, 40.7842334], [-73.9674839, 40.7841367], [-73.9675942, 40.784011]]}}, {"type": "Feature", "properties": {"wayId": 1081028202, "name": "", "highway": "footway"}, "geometry": {"type": "LineString", "coordinates": [[-73.9678863, 40.783767], [-73.9679423, 40.7837985], [-73.9681623, 40.7839916], [-73.9682209, 40.7840426], [-73.9682775, 40.7840968]]}}, {"type": "Feature", "properties": {"wayId": 1081028203, "name": "", "highway": "footway"}, "geometry": {"type": "LineString", "coordinates": [[-73.9678056, 40.7837109], [-73.9678511, 40.7837431], [-73.9678863, 40.783767]]}}, {"type": "Feature", "properties": {"wayId": 1081028204, "name": "West Drive", "highway": "pedestrian"}, "geometry": {"type": "LineString", "coordinates": [[-73.9675942, 40.784011], [-73.9676994, 40.7838959], [-73.9677759, 40.7838166], [-73.9678511, 40.7837431]]}}, {"type": "Feature", "properties": {"wayId": 1081028205, "name": "West Drive", "highway": "pedestrian"}, "geometry": {"type": "LineString", "coordinates": [[-73.9694396, 40.7823917], [-73.9694496, 40.7823375], [-73.9694545, 40.7822826], [-73.9694553, 40.782216], [-73.9694492, 40.7821426], [-73.9694289, 40.7819549]]}}, {"type": "Feature", "properties": {"wayId": 1081028206, "name": "West Drive", "highway": "pedestrian"}, "geometry": {"type": "LineString", "coordinates": [[-73.969039, 40.7829668], [-73.9691069, 40.7829116], [-73.9691737, 40.7828521], [-73.9692231, 40.7828044], [-73.9692648, 40.7827556], [-73.9692982, 40.782712], [-73.9693317, 40.7826547], [-73.9693772, 40.7825726], [-73.9694019, 40.7825173], [-73.969423, 40.7824559], [-73.9694396, 40.7823917]]}}, {"type": "Feature", "properties": {"wayId": 1081028207, "name": "Northwest Central Park Loop", "highway": "footway"}, "geometry": {"type": "LineString", "coordinates": [[-73.9694351, 40.7839713], [-73.9692569, 40.7840294], [-73.9692323, 40.7840372]]}}, {"type": "Feature", "properties": {"wayId": 1081028208, "name": "Northwest Central Park Loop", "highway": "footway"}, "geometry": {"type": "LineString", "coordinates": [[-73.9692323, 40.7840372], [-73.9691777, 40.7840545], [-73.969128, 40.7840696]]}}, {"type": "Feature", "properties": {"wayId": 1081028210, "name": "West Drive", "highway": "pedestrian"}, "geometry": {"type": "LineString", "coordinates": [[-73.9694078, 40.7817478], [-73.9693995, 40.7816656], [-73.969396, 40.7815905], [-73.9694003, 40.7815188], [-73.9694067, 40.7814629], [-73.969418, 40.7814024], [-73.9694391, 40.7813246], [-73.9694658, 40.7812537], [-73.9694973, 40.7811876], [-73.9695377, 40.7811236], [-73.9695943, 40.7810456]]}}, {"type": "Feature", "properties": {"wayId": 1081028211, "name": "", "highway": "footway"}, "geometry": {"type": "LineString", "coordinates": [[-73.9697741, 40.7807761], [-73.9696782, 40.7807777], [-73.9695796, 40.7807711]]}}, {"type": "Feature", "properties": {"wayId": 1081028212, "name": "", "highway": "footway"}, "geometry": {"type": "LineString", "coordinates": [[-73.9699402, 40.7807762], [-73.9698505, 40.7807726], [-73.9697741, 40.7807761]]}}, {"type": "Feature", "properties": {"wayId": 1081028213, "name": "West Drive", "highway": "pedestrian"}, "geometry": {"type": "LineString", "coordinates": [[-73.9695943, 40.7810456], [-73.9696549, 40.7809713], [-73.9697162, 40.7809026], [-73.9698505, 40.7807726], [-73.9699024, 40.7807281], [-73.9699943, 40.7806594]]}}, {"type": "Feature", "properties": {"wayId": 1081028214, "name": "", "highway": "footway"}, "geometry": {"type": "LineString", "coordinates": [[-73.9708518, 40.7800396], [-73.9708897, 40.7800712], [-73.9709782, 40.7801336]]}}, {"type": "Feature", "properties": {"wayId": 1081028215, "name": "West Drive", "highway": "pedestrian"}, "geometry": {"type": "LineString", "coordinates": [[-73.9725126, 40.778647], [-73.972817, 40.7784772], [-73.9730123, 40.7783652], [-73.9731289, 40.7783008]]}}, {"type": "Feature", "properties": {"wayId": 1081028217, "name": "", "highway": "footway"}, "geometry": {"type": "LineString", "coordinates": [[-73.9727921, 40.7784335], [-73.9727557, 40.7783855]]}}, {"type": "Feature", "properties": {"wayId": 1081028218, "name": "", "highway": "footway"}, "geometry": {"type": "LineString", "coordinates": [[-73.9728256, 40.7785178], [-73.972817, 40.7784772], [-73.9727921, 40.7784335]]}}, {"type": "Feature", "properties": {"wayId": 1081028219, "name": "West Drive", "highway": "pedestrian"}, "geometry": {"type": "LineString", "coordinates": [[-73.9731289, 40.7783008], [-73.9734424, 40.7781247], [-73.9735398, 40.7780648], [-73.9736265, 40.7779999], [-73.9737045, 40.7779362], [-73.9737871, 40.7778612], [-73.9738559, 40.777791], [-73.9739131, 40.7777246], [-73.9739662, 40.7776503], [-73.9740095, 40.7775721]]}}, {"type": "Feature", "properties": {"wayId": 1081028220, "name": "West Drive", "highway": "pedestrian"}, "geometry": {"type": "LineString", "coordinates": [[-73.9740095, 40.7775721], [-73.9740422, 40.7775058], [-73.9740918, 40.7773902], [-73.9741224, 40.7772929], [-73.9741396, 40.777201], [-73.9741505, 40.7771082], [-73.9741555, 40.7770071]]}}, {"type": "Feature", "properties": {"wayId": 1081028221, "name": "", "highway": "footway"}, "geometry": {"type": "LineString", "coordinates": [[-73.9742472, 40.7774748], [-73.9741533, 40.7774237]]}}, {"type": "Feature", "properties": {"wayId": 1081028222, "name": "", "highway": "footway"}, "geometry": {"type": "LineString", "coordinates": [[-73.9740304, 40.7773649], [-73.9739623, 40.7773373]]}}, {"type": "Feature", "properties": {"wayId": 1082330158, "name": "", "highway": "path"}, "geometry": {"type": "LineString", "coordinates": [[-73.9796513, 40.7695284], [-73.9794145, 40.7696162], [-73.9792888, 40.7696566], [-73.9791543, 40.7697131]]}}, {"type": "Feature", "properties": {"wayId": 1098378064, "name": "", "highway": "footway"}, "geometry": {"type": "LineString", "coordinates": [[-73.9691755, 40.7853605], [-73.9691366, 40.7853365], [-73.9690796, 40.7853014], [-73.9690483, 40.7852841], [-73.969017, 40.7852685], [-73.9689642, 40.7852441], [-73.9687814, 40.7851737], [-73.968451, 40.7850763], [-73.9682709, 40.7850258], [-73.9680241, 40.7849466], [-73.9678314, 40.7848769], [-73.9677045, 40.7848211], [-73.9675498, 40.7847364], [-73.9673987, 40.7846484], [-73.9673092, 40.784597]]}}, {"type": "Feature", "properties": {"wayId": 1111692645, "name": "", "highway": "footway"}, "geometry": {"type": "LineString", "coordinates": [[-73.9785549, 40.7724252], [-73.9780555, 40.7720414], [-73.9779237, 40.771948], [-73.9777521, 40.7718294], [-73.9776378, 40.7717601]]}}, {"type": "Feature", "properties": {"wayId": 1111728810, "name": "", "highway": "footway"}, "geometry": {"type": "LineString", "coordinates": [[-73.9670569, 40.7843345], [-73.9669871, 40.7842909], [-73.9669441, 40.7842673], [-73.966855, 40.7842263], [-73.9667157, 40.784167], [-73.9663807, 40.784043], [-73.966248, 40.7840014], [-73.9660201, 40.7839347], [-73.9657871, 40.7838686], [-73.9654975, 40.7837855], [-73.9652935, 40.7837246], [-73.9649619, 40.7836292], [-73.964782, 40.7835798], [-73.9646443, 40.7835362], [-73.9645833, 40.7835137], [-73.9645122, 40.7834871], [-73.9644566, 40.7834668], [-73.9644435, 40.783462], [-73.9643392, 40.7834169], [-73.9642736, 40.7833886], [-73.96414, 40.7833239], [-73.9640443, 40.7832718], [-73.9639661, 40.7832217], [-73.9639013, 40.7831679], [-73.9638507, 40.7831181], [-73.963798, 40.7830538], [-73.9637564, 40.7829898], [-73.9637198, 40.7829211], [-73.9636876, 40.7828419], [-73.9636612, 40.7827546], [-73.9636353, 40.7826439], [-73.9636093, 40.7825386], [-73.9635727, 40.7824063], [-73.9635454, 40.7823125], [-73.9634582, 40.7821263], [-73.9634216, 40.7820675], [-73.9633215, 40.7819307], [-73.9632231, 40.7818197], [-73.9631315, 40.7817344], [-73.9630666, 40.7816856], [-73.9626643, 40.7814277], [-73.9625508, 40.7813468], [-73.9624761, 40.7812811], [-73.9624122, 40.7812107], [-73.962355, 40.7811396], [-73.9623138, 40.7810702], [-73.9622566, 40.7809816], [-73.9621506, 40.7808478]]}}, {"type": "Feature", "properties": {"wayId": 1111728811, "name": "", "highway": "footway"}, "geometry": {"type": "LineString", "coordinates": [[-73.9692728, 40.7851515], [-73.9692088, 40.7851414], [-73.9691854, 40.785135], [-73.9691594, 40.7851258], [-73.9690469, 40.7850816], [-73.9688688, 40.7850279], [-73.9686384, 40.784973], [-73.9684849, 40.7849461], [-73.9683528, 40.7849155], [-73.9681329, 40.7848622], [-73.9679798, 40.7848206], [-73.967929, 40.7848034], [-73.9678439, 40.7847729], [-73.9677528, 40.7847314], [-73.967642, 40.7846724], [-73.9675038, 40.7845934], [-73.9674015, 40.7845341], [-73.967383, 40.7845234]]}}, {"type": "Feature", "properties": {"wayId": 1111728812, "name": "", "highway": "footway"}, "geometry": {"type": "LineString", "coordinates": [[-73.967383, 40.7845234], [-73.9670569, 40.7843345]]}}, {"type": "Feature", "properties": {"wayId": 1111728813, "name": "", "highway": "footway"}, "geometry": {"type": "LineString", "coordinates": [[-73.9669978, 40.784418], [-73.9669682, 40.784401], [-73.9668658, 40.7843374], [-73.9668006, 40.7843045], [-73.9665771, 40.7842142], [-73.9664277, 40.7841576], [-73.9661626, 40.7840659], [-73.965864, 40.7839826], [-73.965645, 40.7839227], [-73.9655176, 40.7838875], [-73.9653464, 40.7838401], [-73.9651626, 40.7837853], [-73.9648135, 40.7836888], [-73.9646038, 40.7836255], [-73.9645295, 40.7835986], [-73.9643678, 40.7835307], [-73.9643086, 40.7835064], [-73.9642118, 40.7834668], [-73.964079, 40.7834058], [-73.96396, 40.7833337], [-73.9638746, 40.7832826], [-73.963765, 40.7831868], [-73.9636676, 40.7830575], [-73.963592, 40.7829164], [-73.9635612, 40.7828331], [-73.9635312, 40.7827126], [-73.9635022, 40.7825579], [-73.9634687, 40.7824432], [-73.9634383, 40.7823484], [-73.9633649, 40.7821808], [-73.963305, 40.782083], [-73.9632326, 40.7819811], [-73.9630067, 40.7817342], [-73.9629403, 40.7816718], [-73.9625984, 40.7814977], [-73.9624741, 40.7814299], [-73.9623271, 40.7813689], [-73.9622078, 40.7813348], [-73.9620228, 40.7812845], [-73.9618287, 40.7812344], [-73.9616766, 40.7811921], [-73.9615289, 40.7811465], [-73.9614069, 40.781107], [-73.9612656, 40.7810526], [-73.9610829, 40.7809764], [-73.9610463, 40.7809637], [-73.9610299, 40.78096], [-73.9610186, 40.7809593], [-73.9610075, 40.7809616], [-73.9609991, 40.7809645], [-73.9609825, 40.7809711]]}}, {"type": "Feature", "properties": {"wayId": 1111728815, "name": "", "highway": "footway"}, "geometry": {"type": "LineString", "coordinates": [[-73.9673092, 40.784597], [-73.9669978, 40.784418]]}}, {"type": "Feature", "properties": {"wayId": 1112016436, "name": "", "highway": "path"}, "geometry": {"type": "LineString", "coordinates": [[-73.9609266, 40.7951797], [-73.9607714, 40.7952284], [-73.96064, 40.7952669], [-73.9605616, 40.7953054], [-73.9605044, 40.7953535], [-73.9604705, 40.7953984], [-73.9604726, 40.7954193], [-73.9604768, 40.7954385], [-73.9604938, 40.7954674], [-73.9604853, 40.7955171], [-73.9604705, 40.7955396], [-73.9605213, 40.7955604], [-73.9605489, 40.7955813], [-73.9605806, 40.7956358], [-73.9605916, 40.7957018], [-73.9605759, 40.795735], [-73.9605989, 40.7957912], [-73.9605816, 40.7958412]]}}, {"type": "Feature", "properties": {"wayId": 1118105806, "name": "", "highway": "footway"}, "geometry": {"type": "LineString", "coordinates": [[-73.9716218, 40.7760107], [-73.9716526, 40.7759806]]}}, {"type": "Feature", "properties": {"wayId": 1118105807, "name": "", "highway": "footway"}, "geometry": {"type": "LineString", "coordinates": [[-73.973433, 40.7716943], [-73.9733886, 40.771676], [-73.9732958, 40.771638]]}}, {"type": "Feature", "properties": {"wayId": 1118105808, "name": "", "highway": "footway"}, "geometry": {"type": "LineString", "coordinates": [[-73.9733737, 40.7718885], [-73.9732664, 40.7719037]]}}, {"type": "Feature", "properties": {"wayId": 1121948419, "name": "", "highway": "footway"}, "geometry": {"type": "LineString", "coordinates": [[-73.9645295, 40.7835986], [-73.9645572, 40.783555], [-73.9645833, 40.7835137]]}}, {"type": "Feature", "properties": {"wayId": 1157573068, "name": "", "highway": "footway"}, "geometry": {"type": "LineString", "coordinates": [[-73.9651297, 40.7890329], [-73.9651166, 40.7889866], [-73.9651166, 40.7889564], [-73.9651286, 40.7889222], [-73.9652071, 40.7888115], [-73.9652283, 40.7887662], [-73.9652376, 40.7887028], [-73.9652298, 40.7886528]]}}, {"type": "Feature", "properties": {"wayId": 1169896451, "name": "", "highway": "footway"}, "geometry": {"type": "LineString", "coordinates": [[-73.9684143, 40.7751236], [-73.9686053, 40.7750238], [-73.9688326, 40.7748863], [-73.9691376, 40.7747271], [-73.9691908, 40.7747136]]}}, {"type": "Feature", "properties": {"wayId": 1169896452, "name": "", "highway": "footway"}, "geometry": {"type": "LineString", "coordinates": [[-73.9691908, 40.7747136], [-73.9692469, 40.7746993], [-73.969362, 40.774706], [-73.9694433, 40.774706], [-73.9695465, 40.7746961], [-73.9696338, 40.7746784]]}}, {"type": "Feature", "properties": {"wayId": 1185521759, "name": "", "highway": "footway"}, "geometry": {"type": "LineString", "coordinates": [[-73.9756255, 40.7745517], [-73.9759802, 40.7746774], [-73.9762218, 40.7747403]]}}, {"type": "Feature", "properties": {"wayId": 1186901168, "name": "Crabapple All\u00e9e", "highway": "footway"}, "geometry": {"type": "LineString", "coordinates": [[-73.9518702, 40.7938096], [-73.9524363, 40.7940511], [-73.9526604, 40.7941413]]}}, {"type": "Feature", "properties": {"wayId": 1186909285, "name": "", "highway": "footway"}, "geometry": {"type": "LineString", "coordinates": [[-73.9587472, 40.7893746], [-73.9586202, 40.7891774]]}}, {"type": "Feature", "properties": {"wayId": 1215797802, "name": "", "highway": "steps"}, "geometry": {"type": "LineString", "coordinates": [[-73.9707887, 40.7776128], [-73.9708789, 40.7775842], [-73.9709659, 40.777525], [-73.9711136, 40.777507], [-73.9711798, 40.7774627]]}}, {"type": "Feature", "properties": {"wayId": 1215797804, "name": "", "highway": "path"}, "geometry": {"type": "LineString", "coordinates": [[-73.9553549, 40.7946348], [-73.9554381, 40.7946281], [-73.9555221, 40.794614], [-73.9555947, 40.7945986], [-73.9556964, 40.7945879], [-73.9557999, 40.7945979], [-73.9558925, 40.7946154]]}}, {"type": "Feature", "properties": {"wayId": 1215797805, "name": "", "highway": "path"}, "geometry": {"type": "LineString", "coordinates": [[-73.9698726, 40.7777607], [-73.9698356, 40.7778007], [-73.969794, 40.7778526], [-73.9697994, 40.7779051], [-73.9697963, 40.777971], [-73.9697763, 40.7781063], [-73.9697509, 40.778174], [-73.9696916, 40.7781985], [-73.9696358, 40.7783365]]}}, {"type": "Feature", "properties": {"wayId": 1215797806, "name": "", "highway": "path"}, "geometry": {"type": "LineString", "coordinates": [[-73.9715319, 40.7759965], [-73.9714473, 40.7760831], [-73.9714163, 40.7761494], [-73.9713722, 40.7761751], [-73.9713287, 40.7762299], [-73.9712965, 40.7762657], [-73.9712602, 40.7763031], [-73.9712493, 40.7763107], [-73.9712339, 40.7763148], [-73.9712171, 40.7763141]]}}, {"type": "Feature", "properties": {"wayId": 1215797807, "name": "", "highway": "path"}, "geometry": {"type": "LineString", "coordinates": [[-73.9710661, 40.7768924], [-73.9710349, 40.7769047], [-73.9710285, 40.7769224], [-73.9709771, 40.7770577]]}}, {"type": "Feature", "properties": {"wayId": 1215797808, "name": "", "highway": "path"}, "geometry": {"type": "LineString", "coordinates": [[-73.9710661, 40.7768924], [-73.9710379, 40.7768635], [-73.9709981, 40.7768204], [-73.970935, 40.7767986], [-73.9708526, 40.7767173]]}}, {"type": "Feature", "properties": {"wayId": 1215797811, "name": "", "highway": "path"}, "geometry": {"type": "LineString", "coordinates": [[-73.9716584, 40.7764522], [-73.9717151, 40.7764534], [-73.9717487, 40.7764573], [-73.9717904, 40.7764688], [-73.971832, 40.7764857], [-73.9718676, 40.7764988], [-73.9719286, 40.7765196]]}}, {"type": "Feature", "properties": {"wayId": 1215797812, "name": "", "highway": "path"}, "geometry": {"type": "LineString", "coordinates": [[-73.9708989, 40.7790573], [-73.9708043, 40.7790748]]}}, {"type": "Feature", "properties": {"wayId": 1215797813, "name": "", "highway": "path"}, "geometry": {"type": "LineString", "coordinates": [[-73.9700683, 40.7767195], [-73.9700757, 40.7766689], [-73.9700859, 40.7766104], [-73.9701001, 40.7765458], [-73.9701154, 40.776515], [-73.970155, 40.7764819], [-73.9701703, 40.7764496], [-73.9701794, 40.7764265], [-73.9701848, 40.7763361]]}}, {"type": "Feature", "properties": {"wayId": 1215797814, "name": "", "highway": "path"}, "geometry": {"type": "LineString", "coordinates": [[-73.9701587, 40.7772321], [-73.9702577, 40.7772354], [-73.9703115, 40.7772638], [-73.9703613, 40.7772754], [-73.9703837, 40.7772892], [-73.9703825, 40.7773377], [-73.9703746, 40.7773685], [-73.9703793, 40.777424]]}}, {"type": "Feature", "properties": {"wayId": 1224928885, "name": "", "highway": "pedestrian"}, "geometry": {"type": "LineString", "coordinates": [[-73.9730839, 40.7653298], [-73.9730417, 40.765339], [-73.9730403, 40.7653364], [-73.9731065, 40.7652472], [-73.9731114, 40.7652369], [-73.9731148, 40.7652145], [-73.9731145, 40.7651961], [-73.9731169, 40.7651911], [-73.9731235, 40.765189], [-73.9731576, 40.7651901], [-73.9731628, 40.7651924], [-73.9731642, 40.7651977], [-73.9731631, 40.7652154], [-73.9731625, 40.7652254], [-73.9731608, 40.7652362], [-73.9731531, 40.765247], [-73.9730886, 40.7653268], [-73.9730839, 40.7653298]]}}, {"type": "Feature", "properties": {"wayId": 1224928886, "name": "Central Park Outer Loop", "highway": "footway"}, "geometry": {"type": "LineString", "coordinates": [[-73.9730473, 40.7652132], [-73.9729748, 40.7652372]]}}, {"type": "Feature", "properties": {"wayId": 1228502675, "name": "", "highway": "footway"}, "geometry": {"type": "LineString", "coordinates": [[-73.9674064, 40.7842334], [-73.967243, 40.7842151]]}}, {"type": "Feature", "properties": {"wayId": 1228502676, "name": "Center Drive", "highway": "pedestrian"}, "geometry": {"type": "LineString", "coordinates": [[-73.9767027, 40.7672027], [-73.9766457, 40.7672238], [-73.976595, 40.7672449], [-73.9765216, 40.7672841], [-73.9764451, 40.7673377], [-73.9763812, 40.7673881], [-73.9763283, 40.7674328], [-73.9762768, 40.7674816], [-73.9762287, 40.7675347], [-73.9761863, 40.7675909], [-73.9761576, 40.7676398], [-73.976123, 40.7677036], [-73.9759336, 40.7680602], [-73.9758742, 40.7681606], [-73.9758317, 40.7682353], [-73.9758036, 40.7682839], [-73.975756, 40.7683576]]}}, {"type": "Feature", "properties": {"wayId": 1293322518, "name": "", "highway": "footway"}, "geometry": {"type": "LineString", "coordinates": [[-73.9527807, 40.7927428], [-73.9527724, 40.7927776], [-73.9527795, 40.7928072], [-73.9527932, 40.7928404], [-73.9528178, 40.7928756], [-73.9528193, 40.7928807]]}}, {"type": "Feature", "properties": {"wayId": 1296748832, "name": "", "highway": "footway"}, "geometry": {"type": "LineString", "coordinates": [[-73.963475, 40.7906653], [-73.9634474, 40.7906222], [-73.9634228, 40.790579], [-73.9633903, 40.7904999]]}}, {"type": "Feature", "properties": {"wayId": 1305377182, "name": "Strawberry Fields", "highway": "footway"}, "geometry": {"type": "LineString", "coordinates": [[-73.9753428, 40.7760532], [-73.9753611, 40.7760672], [-73.9754088, 40.7760858]]}}, {"type": "Feature", "properties": {"wayId": 1306276628, "name": "", "highway": "footway"}, "geometry": {"type": "LineString", "coordinates": [[-73.9522604, 40.794423], [-73.9521938, 40.7944943], [-73.9521315, 40.794532], [-73.9520832, 40.7945559], [-73.9519574, 40.79458]]}}, {"type": "Feature", "properties": {"wayId": 1306276629, "name": "", "highway": "footway"}, "geometry": {"type": "LineString", "coordinates": [[-73.951768, 40.7945162], [-73.9517831, 40.7944945]]}}, {"type": "Feature", "properties": {"wayId": 1306411967, "name": "", "highway": "steps"}, "geometry": {"type": "LineString", "coordinates": [[-73.9642579, 40.7834948], [-73.964304, 40.7835138]]}}, {"type": "Feature", "properties": {"wayId": 1306411968, "name": "", "highway": "footway"}, "geometry": {"type": "LineString", "coordinates": [[-73.964304, 40.7835138], [-73.9643086, 40.7835064]]}}, {"type": "Feature", "properties": {"wayId": 1306411982, "name": "", "highway": "footway"}, "geometry": {"type": "LineString", "coordinates": [[-73.9683875, 40.7843349], [-73.9682041, 40.7843246], [-73.9681253, 40.7843521], [-73.9680634, 40.7844144], [-73.9680422, 40.7844753], [-73.9680439, 40.7845256], [-73.968082, 40.7845765], [-73.9681519, 40.7846281], [-73.9682996, 40.7846777], [-73.9684226, 40.7846911], [-73.9685191, 40.7846991], [-73.9686527, 40.784685], [-73.9687164, 40.7846643], [-73.9687597, 40.7846335], [-73.9687916, 40.7845852], [-73.9687845, 40.7845102], [-73.9687305, 40.7844693], [-73.9686509, 40.7844204], [-73.9684899, 40.7843601], [-73.9683875, 40.7843349]]}}, {"type": "Feature", "properties": {"wayId": 1308867213, "name": "West Drive", "highway": "pedestrian"}, "geometry": {"type": "LineString", "coordinates": [[-73.9745352, 40.7747908], [-73.9746015, 40.7747657], [-73.9746917, 40.7747394], [-73.9748273, 40.7747049]]}}, {"type": "Feature", "properties": {"wayId": 1312529207, "name": "", "highway": "footway"}, "geometry": {"type": "LineString", "coordinates": [[-73.9709435, 40.7686099], [-73.970861, 40.7686112], [-73.9708497, 40.7686495], [-73.9708417, 40.768665], [-73.9708277, 40.768676], [-73.9708121, 40.7686801], [-73.9707949, 40.7686809], [-73.9707777, 40.7686776], [-73.9707621, 40.7686711], [-73.970754, 40.7686617], [-73.9707524, 40.7686544], [-73.9707561, 40.7686422], [-73.9707777, 40.7686186], [-73.9707965, 40.7685974], [-73.9708088, 40.7685713], [-73.9708158, 40.7685461], [-73.9708191, 40.7685236], [-73.9708169, 40.7685041], [-73.970811, 40.7684833], [-73.9708002, 40.768467], [-73.9707771, 40.7684532], [-73.9706287, 40.7683982], [-73.9704652, 40.7682996], [-73.9704324, 40.7682939], [-73.970405, 40.7682996]]}}, {"type": "Feature", "properties": {"wayId": 1312934117, "name": "", "highway": "footway"}, "geometry": {"type": "LineString", "coordinates": [[-73.9562873, 40.7987396], [-73.9562089, 40.7987429]]}}, {"type": "Feature", "properties": {"wayId": 1312934118, "name": "", "highway": "steps"}, "geometry": {"type": "LineString", "coordinates": [[-73.9562873, 40.7987396], [-73.956287, 40.7987154]]}}, {"type": "Feature", "properties": {"wayId": 1315426779, "name": "Wallach Walk", "highway": "footway"}, "geometry": {"type": "LineString", "coordinates": [[-73.9712184, 40.770107], [-73.9713578, 40.7701709]]}}, {"type": "Feature", "properties": {"wayId": 1315426780, "name": "Wallach Walk", "highway": "footway"}, "geometry": {"type": "LineString", "coordinates": [[-73.9709387, 40.7699713], [-73.9709482, 40.7699756], [-73.9709784, 40.7699956], [-73.9710308, 40.7700195], [-73.9710833, 40.7700451], [-73.9712184, 40.770107]]}}, {"type": "Feature", "properties": {"wayId": 1315426781, "name": "", "highway": "footway"}, "geometry": {"type": "LineString", "coordinates": [[-73.9709784, 40.7699956], [-73.9709741, 40.7700133], [-73.9709634, 40.7700321], [-73.9709359, 40.7700707], [-73.9709406, 40.7701058], [-73.9709479, 40.7701403], [-73.9709667, 40.7701743], [-73.9709828, 40.7702434], [-73.971013, 40.770285], [-73.9710385, 40.7703155], [-73.9710953, 40.7703832]]}}, {"type": "Feature", "properties": {"wayId": 1315432496, "name": "Literary Walk", "highway": "pedestrian"}, "geometry": {"type": "LineString", "coordinates": [[-73.9722764, 40.7708035], [-73.9725775, 40.770023], [-73.9725054, 40.7700068], [-73.9724334, 40.7699913], [-73.9721393, 40.7707722], [-73.9722062, 40.7707875], [-73.9722764, 40.7708035]]}}, {"type": "Feature", "properties": {"wayId": 1315433301, "name": "", "highway": "pedestrian"}, "geometry": {"type": "LineString", "coordinates": [[-73.9713888, 40.7734684], [-73.9713009, 40.7736773]]}}, {"type": "Feature", "properties": {"wayId": 1315433302, "name": "", "highway": "footway"}, "geometry": {"type": "LineString", "coordinates": [[-73.9715814, 40.7732732], [-73.9714709, 40.7732524], [-73.9712242, 40.7732864], [-73.9710248, 40.7732443], [-73.9708302, 40.7732032]]}}, {"type": "Feature", "properties": {"wayId": 1315433303, "name": "", "highway": "steps"}, "geometry": {"type": "LineString", "coordinates": [[-73.9708302, 40.7732032], [-73.970646, 40.7731583]]}}, {"type": "Feature", "properties": {"wayId": 1315433304, "name": "", "highway": "pedestrian"}, "geometry": {"type": "LineString", "coordinates": [[-73.9709733, 40.7733767], [-73.9708925, 40.7735855]]}}, {"type": "Feature", "properties": {"wayId": 1315433305, "name": "", "highway": "footway"}, "geometry": {"type": "LineString", "coordinates": [[-73.9725054, 40.7700068], [-73.9722062, 40.7707875], [-73.9715913, 40.7723523], [-73.9714626, 40.7726797], [-73.9713883, 40.7728689], [-73.9712242, 40.7732864], [-73.9711715, 40.7734205]]}}, {"type": "Feature", "properties": {"wayId": 1315799531, "name": "", "highway": "footway"}, "geometry": {"type": "LineString", "coordinates": [[-73.9561496, 40.7954977], [-73.9561123, 40.7954738]]}}, {"type": "Feature", "properties": {"wayId": 1315799534, "name": "", "highway": "footway"}, "geometry": {"type": "LineString", "coordinates": [[-73.9560238, 40.7953134], [-73.9560463, 40.7953814], [-73.9560395, 40.7954545]]}}, {"type": "Feature", "properties": {"wayId": 1315799535, "name": "", "highway": "footway"}, "geometry": {"type": "LineString", "coordinates": [[-73.9564026, 40.7950771], [-73.956432, 40.7951176]]}}, {"type": "Feature", "properties": {"wayId": 1315799536, "name": "Northwest Central Park Loop", "highway": "footway"}, "geometry": {"type": "LineString", "coordinates": [[-73.9583363, 40.7944494], [-73.9583257, 40.7944847], [-73.9583152, 40.7945097], [-73.9583039, 40.7945318], [-73.9582762, 40.7945698], [-73.9582608, 40.7945815], [-73.9582615, 40.7945869], [-73.9582651, 40.7946171]]}}, {"type": "Feature", "properties": {"wayId": 1315799537, "name": "", "highway": "footway"}, "geometry": {"type": "LineString", "coordinates": [[-73.9578365, 40.7942725], [-73.9578751, 40.7942876]]}}, {"type": "Feature", "properties": {"wayId": 1315799538, "name": "", "highway": "steps"}, "geometry": {"type": "LineString", "coordinates": [[-73.9582437, 40.7945714], [-73.9582255, 40.7946199]]}}, {"type": "Feature", "properties": {"wayId": 1315799539, "name": "", "highway": "footway"}, "geometry": {"type": "LineString", "coordinates": [[-73.9582608, 40.7945815], [-73.9582437, 40.7945714], [-73.9582171, 40.7945418], [-73.958209, 40.7945301], [-73.9582064, 40.794522], [-73.958206, 40.7945134]]}}, {"type": "Feature", "properties": {"wayId": 1315799540, "name": "", "highway": "footway"}, "geometry": {"type": "LineString", "coordinates": [[-73.958586, 40.7944763], [-73.9585954, 40.7945276], [-73.9585796, 40.7945507], [-73.9585429, 40.7945783], [-73.9584274, 40.7945849], [-73.958353, 40.7945788], [-73.9582615, 40.7945869]]}}, {"type": "Feature", "properties": {"wayId": 1315799542, "name": "Northwest Central Park Loop", "highway": "footway"}, "geometry": {"type": "LineString", "coordinates": [[-73.9592653, 40.794662], [-73.9592168, 40.7946598], [-73.9591465, 40.7946546], [-73.9590845, 40.7946504]]}}, {"type": "Feature", "properties": {"wayId": 1315799543, "name": "", "highway": "path"}, "geometry": {"type": "LineString", "coordinates": [[-73.9596034, 40.794753], [-73.9595419, 40.794745], [-73.9595224, 40.7947069], [-73.959488, 40.794684], [-73.9594031, 40.7946623]]}}, {"type": "Feature", "properties": {"wayId": 1317000447, "name": "", "highway": "footway"}, "geometry": {"type": "LineString", "coordinates": [[-73.9690513, 40.7795056], [-73.9690223, 40.7795451]]}}, {"type": "Feature", "properties": {"wayId": 1317000459, "name": "", "highway": "steps"}, "geometry": {"type": "LineString", "coordinates": [[-73.9690223, 40.7795451], [-73.9690081, 40.7795645]]}}, {"type": "Feature", "properties": {"wayId": 1317000460, "name": "", "highway": "footway"}, "geometry": {"type": "LineString", "coordinates": [[-73.9691104, 40.7794249], [-73.9690513, 40.7795056]]}}, {"type": "Feature", "properties": {"wayId": 1317925572, "name": "", "highway": "footway"}, "geometry": {"type": "LineString", "coordinates": [[-73.9689653, 40.7793276], [-73.9689517, 40.7793462]]}}, {"type": "Feature", "properties": {"wayId": 1317925573, "name": "", "highway": "footway"}, "geometry": {"type": "LineString", "coordinates": [[-73.9690435, 40.7793604], [-73.9689653, 40.7793276], [-73.9688958, 40.7792983]]}}, {"type": "Feature", "properties": {"wayId": 1327137852, "name": "", "highway": "footway"}, "geometry": {"type": "LineString", "coordinates": [[-73.9689401, 40.7778016], [-73.968874, 40.7780187], [-73.9687845, 40.7781588], [-73.9686325, 40.7781538]]}}, {"type": "Feature", "properties": {"wayId": 1329630150, "name": "", "highway": "footway"}, "geometry": {"type": "LineString", "coordinates": [[-73.9727769, 40.7698174], [-73.9729383, 40.769813], [-73.9730033, 40.769809], [-73.9730446, 40.7697621], [-73.9730652, 40.7697352]]}}, {"type": "Feature", "properties": {"wayId": 1329630151, "name": "", "highway": "footway"}, "geometry": {"type": "LineString", "coordinates": [[-73.9730652, 40.7697352], [-73.9730939, 40.7697017], [-73.973128, 40.7696618]]}}, {"type": "Feature", "properties": {"wayId": 1329630152, "name": "", "highway": "footway"}, "geometry": {"type": "LineString", "coordinates": [[-73.9723813, 40.769438], [-73.9723567, 40.7694038]]}}, {"type": "Feature", "properties": {"wayId": 1329630153, "name": "", "highway": "footway"}, "geometry": {"type": "LineString", "coordinates": [[-73.9722162, 40.7694943], [-73.9722423, 40.7695384], [-73.9722678, 40.7695816]]}}, {"type": "Feature", "properties": {"wayId": 1329632966, "name": "Central Park Driveway", "highway": "footway"}, "geometry": {"type": "LineString", "coordinates": [[-73.9743928, 40.7747695], [-73.9744472, 40.77472]]}}, {"type": "Feature", "properties": {"wayId": 1330336388, "name": "Wallach Walk", "highway": "footway"}, "geometry": {"type": "LineString", "coordinates": [[-73.9656321, 40.7765226], [-73.9656415, 40.7766121], [-73.9656424, 40.776692], [-73.9656234, 40.776744], [-73.9655186, 40.7768892], [-73.9653786, 40.7770882], [-73.9653492, 40.7771364], [-73.9653326, 40.7771749], [-73.9653185, 40.7772116], [-73.9653025, 40.7772671], [-73.9652618, 40.7774699]]}}, {"type": "Feature", "properties": {"wayId": 1330336389, "name": "Wallach Walk", "highway": "footway"}, "geometry": {"type": "LineString", "coordinates": [[-73.9656309, 40.7765112], [-73.9656321, 40.7765226]]}}, {"type": "Feature", "properties": {"wayId": 1334500581, "name": "", "highway": "steps"}, "geometry": {"type": "LineString", "coordinates": [[-73.9760117, 40.7661692], [-73.9758205, 40.7661525]]}}, {"type": "Feature", "properties": {"wayId": 1334500582, "name": "", "highway": "steps"}, "geometry": {"type": "LineString", "coordinates": [[-73.976149, 40.7660985], [-73.9760845, 40.7661509]]}}, {"type": "Feature", "properties": {"wayId": 1334504575, "name": "", "highway": "steps"}, "geometry": {"type": "LineString", "coordinates": [[-73.9735155, 40.7668662], [-73.9735175, 40.7668378]]}}, {"type": "Feature", "properties": {"wayId": 1334504576, "name": "", "highway": "footway"}, "geometry": {"type": "LineString", "coordinates": [[-73.9735042, 40.7669103], [-73.9735155, 40.7668662]]}}, {"type": "Feature", "properties": {"wayId": 1334504577, "name": "", "highway": "footway"}, "geometry": {"type": "LineString", "coordinates": [[-73.973437, 40.7669973], [-73.9734923, 40.7669351]]}}, {"type": "Feature", "properties": {"wayId": 1334504578, "name": "", "highway": "steps"}, "geometry": {"type": "LineString", "coordinates": [[-73.9734191, 40.7670077], [-73.973437, 40.7669973]]}}, {"type": "Feature", "properties": {"wayId": 1334615950, "name": "", "highway": "footway"}, "geometry": {"type": "LineString", "coordinates": [[-73.9592853, 40.784416], [-73.9592233, 40.7843891]]}}, {"type": "Feature", "properties": {"wayId": 1334615951, "name": "", "highway": "steps"}, "geometry": {"type": "LineString", "coordinates": [[-73.9592233, 40.7843891], [-73.9592649, 40.7843383], [-73.9593092, 40.7842672], [-73.9593481, 40.7842053], [-73.959332, 40.7841946], [-73.9593011, 40.7841982], [-73.9591763, 40.784223]]}}, {"type": "Feature", "properties": {"wayId": 1334615952, "name": "", "highway": "steps"}, "geometry": {"type": "LineString", "coordinates": [[-73.9592233, 40.7843891], [-73.9591496, 40.7844825], [-73.9591067, 40.7845353], [-73.9590731, 40.7845353], [-73.9590597, 40.7845089], [-73.9590272, 40.7844264]]}}, {"type": "Feature", "properties": {"wayId": 1360706182, "name": "North Woods", "highway": "footway"}, "geometry": {"type": "LineString", "coordinates": [[-73.9582785, 40.7935214], [-73.9583002, 40.7935153], [-73.9583181, 40.7935093]]}}, {"type": "Feature", "properties": {"wayId": 1360706183, "name": "North Woods", "highway": "steps"}, "geometry": {"type": "LineString", "coordinates": [[-73.9582321, 40.7935291], [-73.9582785, 40.7935214]]}}, {"type": "Feature", "properties": {"wayId": 1360706184, "name": "North Woods", "highway": "steps"}, "geometry": {"type": "LineString", "coordinates": [[-73.9581452, 40.7935622], [-73.9581506, 40.7935532], [-73.9581602, 40.7935455]]}}, {"type": "Feature", "properties": {"wayId": 1360706185, "name": "North Woods", "highway": "footway"}, "geometry": {"type": "LineString", "coordinates": [[-73.9580643, 40.7937583], [-73.9581395, 40.7935746]]}}, {"type": "Feature", "properties": {"wayId": 1360766974, "name": "", "highway": "path"}, "geometry": {"type": "LineString", "coordinates": [[-73.9617226, 40.7946846], [-73.9616956, 40.7946779], [-73.9616671, 40.7946639], [-73.9616538, 40.7946489], [-73.9616473, 40.7946274], [-73.9616469, 40.7946036]]}}, {"type": "Feature", "properties": {"wayId": 1360766975, "name": "", "highway": "path"}, "geometry": {"type": "LineString", "coordinates": [[-73.9618644, 40.7948655], [-73.961813, 40.7947844], [-73.9617226, 40.7946846]]}}, {"type": "Feature", "properties": {"wayId": 1360766976, "name": "", "highway": "footway"}, "geometry": {"type": "LineString", "coordinates": [[-73.9613309, 40.7945575], [-73.9612947, 40.7945149], [-73.9612638, 40.7944864], [-73.9612397, 40.794457], [-73.9611906, 40.7943934]]}}, {"type": "Feature", "properties": {"wayId": 1360766977, "name": "", "highway": "footway"}, "geometry": {"type": "LineString", "coordinates": [[-73.9616469, 40.7946036], [-73.9615917, 40.7945895], [-73.9615113, 40.7945834], [-73.9613309, 40.7945575], [-73.9612705, 40.7945524], [-73.9612464, 40.7945448], [-73.9612088, 40.7945199], [-73.961182, 40.7944895], [-73.9611713, 40.7944575], [-73.9611906, 40.7943934], [-73.9611988, 40.7943661], [-73.9612196, 40.7942981], [-73.9612471, 40.7941971], [-73.9612726, 40.7941179]]}}, {"type": "Feature", "properties": {"wayId": 1384098879, "name": "", "highway": "footway"}, "geometry": {"type": "LineString", "coordinates": [[-73.9543425, 40.7969955], [-73.9543269, 40.7969582], [-73.9542958, 40.7969111], [-73.9542696, 40.7968794]]}}, {"type": "Feature", "properties": {"wayId": 1384098880, "name": "", "highway": "footway"}, "geometry": {"type": "LineString", "coordinates": [[-73.9542044, 40.7962077], [-73.9541485, 40.7962133], [-73.9540831, 40.7962222], [-73.954029, 40.7962463], [-73.9539843, 40.7962859], [-73.9539473, 40.7963127], [-73.953878, 40.7963337], [-73.9537994, 40.7963337], [-73.953744, 40.7963267], [-73.95367, 40.7963314], [-73.9536326, 40.7963451], [-73.9536026, 40.7963568], [-73.9535879, 40.7963625], [-73.9535603, 40.7963811], [-73.9535196, 40.7963977], [-73.9534739, 40.7964051], [-73.9534409, 40.7964085], [-73.9533971, 40.7964084], [-73.9533568, 40.7964137], [-73.9533193, 40.796421], [-73.9532758, 40.7964347], [-73.9532387, 40.7964464], [-73.953206, 40.7964501], [-73.9531803, 40.7964487]]}}, {"type": "Feature", "properties": {"wayId": 1384098881, "name": "", "highway": "footway"}, "geometry": {"type": "LineString", "coordinates": [[-73.9542044, 40.7962077], [-73.9542573, 40.7961967], [-73.9543531, 40.7961675], [-73.9544476, 40.7961287], [-73.954548, 40.7960845], [-73.9546286, 40.7960403], [-73.9547056, 40.7959917], [-73.9548005, 40.7959258]]}}, {"type": "Feature", "properties": {"wayId": 1384098882, "name": "", "highway": "footway"}, "geometry": {"type": "LineString", "coordinates": [[-73.9548005, 40.7959258], [-73.9548447, 40.7959006], [-73.9548856, 40.7958812]]}}, {"type": "Feature", "properties": {"wayId": 1384098883, "name": "", "highway": "steps"}, "geometry": {"type": "LineString", "coordinates": [[-73.9548856, 40.7958812], [-73.9549381, 40.79586], [-73.9549953, 40.7958414], [-73.9550572, 40.7958282], [-73.9551238, 40.7958211], [-73.9551775, 40.7958211]]}}, {"type": "Feature", "properties": {"wayId": 1384098884, "name": "", "highway": "footway"}, "geometry": {"type": "LineString", "coordinates": [[-73.9549742, 40.7958888], [-73.9550226, 40.7958773], [-73.9551066, 40.7958675], [-73.9552013, 40.7958678], [-73.9552486, 40.7958687], [-73.9552912, 40.7958767], [-73.955331, 40.7958991], [-73.9554091, 40.7958673], [-73.9554987, 40.7958355], [-73.9555846, 40.7958076]]}}, {"type": "Feature", "properties": {"wayId": 1384098885, "name": "", "highway": "footway"}, "geometry": {"type": "LineString", "coordinates": [[-73.9551775, 40.7958211], [-73.955228, 40.7958234], [-73.955263, 40.7958384], [-73.955284, 40.7958543], [-73.9552912, 40.7958767]]}}, {"type": "Feature", "properties": {"wayId": 1384098886, "name": "", "highway": "footway"}, "geometry": {"type": "LineString", "coordinates": [[-73.955331, 40.7958991], [-73.9553455, 40.7959282], [-73.9553393, 40.7959719], [-73.9553042, 40.7960511], [-73.9552476, 40.7961428], [-73.9551648, 40.7962503], [-73.9551108, 40.7963092], [-73.9550539, 40.7963604], [-73.9549348, 40.7964576], [-73.9547986, 40.7965499], [-73.9546665, 40.796633], [-73.9545201, 40.7966961], [-73.9545041, 40.7967016], [-73.9544162, 40.7967286], [-73.9543276, 40.7967446], [-73.954237, 40.7967485], [-73.9541629, 40.7967429], [-73.9541075, 40.7967207], [-73.954078, 40.7967023], [-73.9540485, 40.7966684], [-73.9540302, 40.79661], [-73.9540412, 40.7965519], [-73.9540485, 40.796513], [-73.9540871, 40.7964238], [-73.9541223, 40.796377], [-73.9541439, 40.7963551]]}}, {"type": "Feature", "properties": {"wayId": 1384098887, "name": "", "highway": "footway"}, "geometry": {"type": "LineString", "coordinates": [[-73.9542696, 40.7968794], [-73.9542313, 40.7968265], [-73.9541947, 40.7967806], [-73.9541629, 40.7967429]]}}, {"type": "Feature", "properties": {"wayId": 1384098889, "name": "", "highway": "footway"}, "geometry": {"type": "LineString", "coordinates": [[-73.9549742, 40.7958888], [-73.9548836, 40.7959237], [-73.9547802, 40.7959725], [-73.9546054, 40.7960638], [-73.9544959, 40.7961215], [-73.9543754, 40.7961892], [-73.9542443, 40.7962737], [-73.9541901, 40.7963129], [-73.9541439, 40.7963551]]}}, {"type": "Feature", "properties": {"wayId": 1384098890, "name": "", "highway": "footway"}, "geometry": {"type": "LineString", "coordinates": [[-73.9547302, 40.7959516], [-73.9547537, 40.7959644], [-73.9547802, 40.7959725], [-73.9548132, 40.7959758], [-73.9548596, 40.795975], [-73.9549154, 40.7959788], [-73.9549666, 40.7959907], [-73.9550216, 40.7960161], [-73.9550538, 40.7960547], [-73.9550632, 40.7961024], [-73.9550551, 40.7961501], [-73.9550377, 40.7962029], [-73.95501, 40.7962416], [-73.9550015, 40.7962547], [-73.954913, 40.7963471], [-73.9548124, 40.7964263], [-73.9547239, 40.7964851], [-73.9545965, 40.7965511], [-73.9544959, 40.7965917], [-73.9544549, 40.7966035], [-73.9544141, 40.7966151], [-73.9543189, 40.7966263], [-73.9542545, 40.7966242], [-73.9542008, 40.796608], [-73.954162, 40.7965796], [-73.9541432, 40.7965369], [-73.9541378, 40.7964912], [-73.9541512, 40.7964415], [-73.9541821, 40.7963948], [-73.9542075, 40.7963532], [-73.9542286, 40.7963144], [-73.9542443, 40.7962737], [-73.9542505, 40.7962401], [-73.9542513, 40.7962065], [-73.954249, 40.7961794]]}}, {"type": "Feature", "properties": {"wayId": 1384098893, "name": "", "highway": "footway"}, "geometry": {"type": "LineString", "coordinates": [[-73.95501, 40.7962416], [-73.9550548, 40.7962716]]}}, {"type": "Feature", "properties": {"wayId": 1384098895, "name": "", "highway": "footway"}, "geometry": {"type": "LineString", "coordinates": [[-73.9550903, 40.7962954], [-73.9551108, 40.7963092]]}}, {"type": "Feature", "properties": {"wayId": 1384098896, "name": "", "highway": "steps"}, "geometry": {"type": "LineString", "coordinates": [[-73.9550548, 40.7962716], [-73.9550903, 40.7962954]]}}, {"type": "Feature", "properties": {"wayId": 1384098898, "name": "", "highway": "steps"}, "geometry": {"type": "LineString", "coordinates": [[-73.9544701, 40.7966339], [-73.9544916, 40.7966767]]}}, {"type": "Feature", "properties": {"wayId": 1384098899, "name": "", "highway": "footway"}, "geometry": {"type": "LineString", "coordinates": [[-73.9544916, 40.7966767], [-73.9545041, 40.7967016]]}}, {"type": "Feature", "properties": {"wayId": 1384098900, "name": "", "highway": "footway"}, "geometry": {"type": "LineString", "coordinates": [[-73.9544549, 40.7966035], [-73.9544701, 40.7966339]]}}, {"type": "Feature", "properties": {"wayId": 1384098902, "name": "", "highway": "footway"}, "geometry": {"type": "LineString", "coordinates": [[-73.9531803, 40.7964487], [-73.9531763, 40.7964676]]}}, {"type": "Feature", "properties": {"wayId": 1384098903, "name": "", "highway": "footway"}, "geometry": {"type": "LineString", "coordinates": [[-73.9531703, 40.7964865], [-73.9531655, 40.7964993]]}}, {"type": "Feature", "properties": {"wayId": 1384098904, "name": "", "highway": "footway"}, "geometry": {"type": "LineString", "coordinates": [[-73.9528645, 40.7968999], [-73.9529536, 40.7968608], [-73.9531121, 40.7967869], [-73.9532219, 40.7967361], [-73.9533296, 40.7966884], [-73.9534739, 40.7966469], [-73.953663, 40.79663], [-73.9538236, 40.7966346], [-73.9539659, 40.7966546], [-73.9540485, 40.7966684]]}}, {"type": "Feature", "properties": {"wayId": 1384098905, "name": "", "highway": "footway"}, "geometry": {"type": "LineString", "coordinates": [[-73.9536026, 40.7963568], [-73.9536183, 40.7963776], [-73.9536487, 40.7963991]]}}, {"type": "Feature", "properties": {"wayId": 1384098906, "name": "", "highway": "steps"}, "geometry": {"type": "LineString", "coordinates": [[-73.9536487, 40.7963991], [-73.9536914, 40.7964176], [-73.9537423, 40.7964345], [-73.9537788, 40.7964407]]}}, {"type": "Feature", "properties": {"wayId": 1384098907, "name": "", "highway": "footway"}, "geometry": {"type": "LineString", "coordinates": [[-73.9537788, 40.7964407], [-73.9538398, 40.796453], [-73.9538805, 40.7964699]]}}, {"type": "Feature", "properties": {"wayId": 1384098908, "name": "", "highway": "steps"}, "geometry": {"type": "LineString", "coordinates": [[-73.9538805, 40.7964699], [-73.953911, 40.7965053]]}}, {"type": "Feature", "properties": {"wayId": 1384098909, "name": "", "highway": "footway"}, "geometry": {"type": "LineString", "coordinates": [[-73.953911, 40.7965053], [-73.9539415, 40.7965299]]}}, {"type": "Feature", "properties": {"wayId": 1384098910, "name": "", "highway": "steps"}, "geometry": {"type": "LineString", "coordinates": [[-73.9539415, 40.7965299], [-73.9539902, 40.7965438]]}}, {"type": "Feature", "properties": {"wayId": 1384098911, "name": "", "highway": "footway"}, "geometry": {"type": "LineString", "coordinates": [[-73.9539902, 40.7965438], [-73.9540412, 40.7965519]]}}, {"type": "Feature", "properties": {"wayId": 1384098914, "name": "", "highway": "footway"}, "geometry": {"type": "LineString", "coordinates": [[-73.9548447, 40.7959006], [-73.9548097, 40.7958842], [-73.9547769, 40.7958568], [-73.9547636, 40.7958273], [-73.9547628, 40.7957985], [-73.9547694, 40.7957562], [-73.9547833, 40.7957153], [-73.9547856, 40.7956948], [-73.9547772, 40.7956776]]}}, {"type": "Feature", "properties": {"wayId": 1384126012, "name": "", "highway": "footway"}, "geometry": {"type": "LineString", "coordinates": [[-73.9521603, 40.7968041], [-73.9521733, 40.7968384], [-73.9521959, 40.7968771], [-73.9522258, 40.796907], [-73.9522578, 40.7969288], [-73.9522967, 40.7969473], [-73.9523475, 40.7969615], [-73.9523914, 40.7969708], [-73.9524516, 40.7969784], [-73.9525212, 40.7969799], [-73.9525714, 40.7969758], [-73.9526341, 40.7969708], [-73.9526954, 40.7969607], [-73.9527513, 40.7969451], [-73.9528178, 40.7969197], [-73.9528645, 40.7968999]]}}, {"type": "Feature", "properties": {"wayId": 1384126013, "name": "", "highway": "footway"}, "geometry": {"type": "LineString", "coordinates": [[-73.9523338, 40.7963492], [-73.9523547, 40.7963671], [-73.9523692, 40.7963912], [-73.9523735, 40.7964174], [-73.9523722, 40.7964516], [-73.9523552, 40.7964882], [-73.9523224, 40.7965208], [-73.9522773, 40.7965552], [-73.9522324, 40.7965928], [-73.9521985, 40.7966244], [-73.9521757, 40.7966634], [-73.9521578, 40.7967072], [-73.9521549, 40.7967527], [-73.9521562, 40.7967847], [-73.9521603, 40.7968041]]}}, {"type": "Feature", "properties": {"wayId": 1384166456, "name": "", "highway": "footway"}, "geometry": {"type": "LineString", "coordinates": [[-73.954288, 40.7976699], [-73.9542751, 40.7976654]]}}, {"type": "Feature", "properties": {"wayId": 1384166457, "name": "", "highway": "footway"}, "geometry": {"type": "LineString", "coordinates": [[-73.9542622, 40.7976609], [-73.9542447, 40.7976508]]}}, {"type": "Feature", "properties": {"wayId": 1384166458, "name": "", "highway": "steps"}, "geometry": {"type": "LineString", "coordinates": [[-73.9542751, 40.7976654], [-73.9542622, 40.7976609]]}}, {"type": "Feature", "properties": {"wayId": 1384217299, "name": "", "highway": "footway"}, "geometry": {"type": "LineString", "coordinates": [[-73.9774351, 40.7670128], [-73.9774284, 40.767053], [-73.9774338, 40.7671728], [-73.9774218, 40.7672267]]}}, {"type": "Feature", "properties": {"wayId": 1384217300, "name": "Center Drive", "highway": "pedestrian"}, "geometry": {"type": "LineString", "coordinates": [[-73.9774218, 40.7672267], [-73.9773092, 40.767208], [-73.9772155, 40.767196], [-73.9771226, 40.7671883], [-73.977041, 40.7671858], [-73.9769647, 40.767186], [-73.9768992, 40.7671889], [-73.9768451, 40.7671935], [-73.9767027, 40.7672027]]}}, {"type": "Feature", "properties": {"wayId": 1384217310, "name": "", "highway": "path"}, "geometry": {"type": "LineString", "coordinates": [[-73.9540674, 40.7947264], [-73.9539563, 40.7947875], [-73.9538719, 40.7948138], [-73.9537706, 40.7948309]]}}, {"type": "Feature", "properties": {"wayId": 1384217311, "name": "", "highway": "path"}, "geometry": {"type": "LineString", "coordinates": [[-73.9538719, 40.7948138], [-73.9538246, 40.7948827], [-73.9537402, 40.7949628], [-73.9536843, 40.7950184], [-73.9536502, 40.795084]]}}, {"type": "Feature", "properties": {"wayId": 1384217312, "name": "", "highway": "footway"}, "geometry": {"type": "LineString", "coordinates": [[-73.9537017, 40.7951205], [-73.9536748, 40.795099], [-73.9536502, 40.795084], [-73.953601, 40.7950724], [-73.9535466, 40.7950678], [-73.9534497, 40.7950651]]}}, {"type": "Feature", "properties": {"wayId": 1384217318, "name": "", "highway": "pedestrian"}, "geometry": {"type": "LineString", "coordinates": [[-73.9525496, 40.7981863], [-73.9525628, 40.7981678], [-73.9525941, 40.7981261], [-73.9526015, 40.7981108], [-73.9526001, 40.7980984], [-73.9525868, 40.7980906], [-73.9525664, 40.7980896], [-73.9525491, 40.7980962], [-73.95254, 40.7981046], [-73.952509, 40.7981452], [-73.9524942, 40.7981656], [-73.9524911, 40.7981788], [-73.9524973, 40.7981918], [-73.9525103, 40.798198], [-73.9525249, 40.7982002], [-73.9525375, 40.7981958], [-73.9525496, 40.7981863]]}}, {"type": "Feature", "properties": {"wayId": 1384217326, "name": "", "highway": "footway"}, "geometry": {"type": "LineString", "coordinates": [[-73.9525121, 40.7980402], [-73.9525499, 40.7980577], [-73.9526751, 40.7981159], [-73.9527149, 40.7981345]]}}, {"type": "Feature", "properties": {"wayId": 1384217329, "name": "", "highway": "footway"}, "geometry": {"type": "LineString", "coordinates": [[-73.9525121, 40.7980402], [-73.9524316, 40.7980027]]}}, {"type": "Feature", "properties": {"wayId": 1384217330, "name": "", "highway": "footway"}, "geometry": {"type": "LineString", "coordinates": [[-73.9527149, 40.7981345], [-73.9527707, 40.7981604]]}}, {"type": "Feature", "properties": {"wayId": 1384217336, "name": "", "highway": "path"}, "geometry": {"type": "LineString", "coordinates": [[-73.9532704, 40.7978066], [-73.9532415, 40.7977821], [-73.9532092, 40.7977678], [-73.9531444, 40.7977466], [-73.9530772, 40.7977244], [-73.9529475, 40.7976891], [-73.9528174, 40.7976545], [-73.9527003, 40.7976202], [-73.952581, 40.7975886], [-73.9524728, 40.7975576], [-73.9523731, 40.7975325], [-73.952335, 40.7975258], [-73.9523079, 40.797525], [-73.9522948, 40.7975294]]}}, {"type": "Feature", "properties": {"wayId": 1384217340, "name": "", "highway": "footway"}, "geometry": {"type": "LineString", "coordinates": [[-73.9525536, 40.7957315], [-73.9525485, 40.7957566], [-73.952539, 40.7957929], [-73.952528, 40.7958231], [-73.9524941, 40.7958419], [-73.9524708, 40.7958571], [-73.9524442, 40.79588], [-73.9524079, 40.7959117], [-73.9523831, 40.7959365]]}}, {"type": "Feature", "properties": {"wayId": 1384217341, "name": "", "highway": "steps"}, "geometry": {"type": "LineString", "coordinates": [[-73.9523831, 40.7959365], [-73.9523622, 40.7959639], [-73.9523448, 40.7959984], [-73.9523406, 40.7960197], [-73.952339, 40.7960279]]}}, {"type": "Feature", "properties": {"wayId": 1384224061, "name": "", "highway": "footway"}, "geometry": {"type": "LineString", "coordinates": [[-73.9514603, 40.7971801], [-73.9514533, 40.7972042]]}}, {"type": "Feature", "properties": {"wayId": 1384224062, "name": "", "highway": "footway"}, "geometry": {"type": "LineString", "coordinates": [[-73.9514041, 40.7971712], [-73.9513977, 40.7971947]]}}, {"type": "Feature", "properties": {"wayId": 1384404622, "name": "North Woods", "highway": "footway"}, "geometry": {"type": "LineString", "coordinates": [[-73.9581602, 40.7935455], [-73.9581722, 40.793539], [-73.9582321, 40.7935291]]}}, {"type": "Feature", "properties": {"wayId": 1384404623, "name": "North Woods", "highway": "footway"}, "geometry": {"type": "LineString", "coordinates": [[-73.9581395, 40.7935746], [-73.9581452, 40.7935622]]}}, {"type": "Feature", "properties": {"wayId": 1384430557, "name": "", "highway": "footway"}, "geometry": {"type": "LineString", "coordinates": [[-73.9520711, 40.7977389], [-73.9520786, 40.7977177], [-73.9520763, 40.797692], [-73.9520664, 40.7976668], [-73.9520448, 40.7976461], [-73.9520231, 40.7976327], [-73.9519951, 40.7976216], [-73.9519646, 40.7976177], [-73.9519326, 40.7976193], [-73.9518996, 40.7976235], [-73.9518757, 40.7976312], [-73.9518457, 40.7976335], [-73.9518147, 40.7976293], [-73.9517878, 40.7976181], [-73.9517664, 40.7976027], [-73.9517527, 40.7975819], [-73.9517471, 40.7975615], [-73.9517471, 40.7975412], [-73.9517431, 40.7975212], [-73.9517334, 40.7975019], [-73.9517182, 40.7974858], [-73.9517004, 40.7974719], [-73.9516755, 40.79746], [-73.9516521, 40.7974546], [-73.9516241, 40.7974527], [-73.9515962, 40.7974554], [-73.9515677, 40.7974631], [-73.9515393, 40.7974761], [-73.9515129, 40.7974911], [-73.9514844, 40.7974981], [-73.951458, 40.7974977], [-73.9514224, 40.7974908], [-73.9514005, 40.7974792], [-73.9513848, 40.7974642], [-73.9513746, 40.7974458], [-73.9513706, 40.7974215], [-73.9513706, 40.7974104], [-73.951366, 40.7974038], [-73.9513582, 40.7974013]]}}, {"type": "Feature", "properties": {"wayId": 1384469970, "name": "", "highway": "steps"}, "geometry": {"type": "LineString", "coordinates": [[-73.9533813, 40.7977984], [-73.9533839, 40.7977655]]}}, {"type": "Feature", "properties": {"wayId": 1384469971, "name": "", "highway": "footway"}, "geometry": {"type": "LineString", "coordinates": [[-73.9533813, 40.7977984], [-73.9533796, 40.7978147]]}}, {"type": "Feature", "properties": {"wayId": 1384483441, "name": "", "highway": "footway"}, "geometry": {"type": "LineString", "coordinates": [[-73.9576001, 40.7999725], [-73.9575794, 40.8000007]]}}, {"type": "Feature", "properties": {"wayId": 1384483442, "name": "", "highway": "steps"}, "geometry": {"type": "LineString", "coordinates": [[-73.9575794, 40.8000007], [-73.9575731, 40.8000199]]}}, {"type": "Feature", "properties": {"wayId": 1384483444, "name": "", "highway": "footway"}, "geometry": {"type": "LineString", "coordinates": [[-73.9571697, 40.7999947], [-73.957144, 40.7999594], [-73.9571182, 40.7999254], [-73.9570905, 40.7998989], [-73.9570624, 40.7998829], [-73.9570476, 40.7998766], [-73.9570368, 40.7998721], [-73.9570057, 40.7998629], [-73.9569638, 40.7998614], [-73.9569084, 40.7998646], [-73.9568591, 40.7998706]]}}, {"type": "Feature", "properties": {"wayId": 1384483445, "name": "", "highway": "footway"}, "geometry": {"type": "LineString", "coordinates": [[-73.9570597, 40.7998577], [-73.9570476, 40.7998766]]}}, {"type": "Feature", "properties": {"wayId": 1384483455, "name": "", "highway": "footway"}, "geometry": {"type": "LineString", "coordinates": [[-73.9577682, 40.8002554], [-73.9578427, 40.8003444]]}}, {"type": "Feature", "properties": {"wayId": 1384483456, "name": "", "highway": "steps"}, "geometry": {"type": "LineString", "coordinates": [[-73.9577414, 40.8002021], [-73.957749, 40.8002203]]}}, {"type": "Feature", "properties": {"wayId": 1384483457, "name": "", "highway": "footway"}, "geometry": {"type": "LineString", "coordinates": [[-73.957749, 40.8002203], [-73.9577514, 40.8002277], [-73.9577552, 40.8002393]]}}, {"type": "Feature", "properties": {"wayId": 1384483458, "name": "", "highway": "footway"}, "geometry": {"type": "LineString", "coordinates": [[-73.9577211, 40.8001695], [-73.9577414, 40.8002021]]}}, {"type": "Feature", "properties": {"wayId": 1384483459, "name": "", "highway": "steps"}, "geometry": {"type": "LineString", "coordinates": [[-73.9577055, 40.8001528], [-73.9577211, 40.8001695]]}}, {"type": "Feature", "properties": {"wayId": 1384483460, "name": "", "highway": "footway"}, "geometry": {"type": "LineString", "coordinates": [[-73.9575817, 40.8000765], [-73.9576274, 40.8001048]]}}, {"type": "Feature", "properties": {"wayId": 1384483461, "name": "", "highway": "steps"}, "geometry": {"type": "LineString", "coordinates": [[-73.9576274, 40.8001048], [-73.9576587, 40.8001232]]}}, {"type": "Feature", "properties": {"wayId": 1384483462, "name": "", "highway": "steps"}, "geometry": {"type": "LineString", "coordinates": [[-73.9575736, 40.8000492], [-73.9575764, 40.8000637], [-73.9575817, 40.8000765]]}}, {"type": "Feature", "properties": {"wayId": 1389034059, "name": "Doris C. Freedman Plaza", "highway": "pedestrian"}, "geometry": {"type": "LineString", "coordinates": [[-73.9725696, 40.7651788], [-73.9726265, 40.7650993], [-73.9726548, 40.7650614], [-73.9730317, 40.7652192], [-73.9729936, 40.7652669], [-73.972906, 40.7652299], [-73.9728584, 40.7652985], [-73.9727745, 40.7652671], [-73.9727029, 40.7652368], [-73.9725696, 40.7651788]]}}, {"type": "Feature", "properties": {"wayId": 1410939551, "name": "", "highway": "footway"}, "geometry": {"type": "LineString", "coordinates": [[-73.9765209, 40.7728601], [-73.9764521, 40.7728446], [-73.9764012, 40.7728337]]}}, {"type": "Feature", "properties": {"wayId": 1411654135, "name": "East Drive", "highway": "footway"}, "geometry": {"type": "LineString", "coordinates": [[-73.9685166, 40.772862], [-73.9685029, 40.7729068], [-73.9684826, 40.7729536]]}}, {"type": "Feature", "properties": {"wayId": 1411654136, "name": "East Drive", "highway": "footway"}, "geometry": {"type": "LineString", "coordinates": [[-73.9685139, 40.7727682], [-73.9685166, 40.772862]]}}, {"type": "Feature", "properties": {"wayId": 1415304169, "name": "", "highway": "footway"}, "geometry": {"type": "LineString", "coordinates": [[-73.9791209, 40.7670462], [-73.9791383, 40.7670165]]}}, {"type": "Feature", "properties": {"wayId": 1415304173, "name": "", "highway": "footway"}, "geometry": {"type": "LineString", "coordinates": [[-73.9789131, 40.7669397], [-73.9789008, 40.7669582]]}}, {"type": "Feature", "properties": {"wayId": 1417057537, "name": "", "highway": "steps"}, "geometry": {"type": "LineString", "coordinates": [[-73.9614759, 40.7916749], [-73.9614845, 40.7917111], [-73.9614911, 40.7917293]]}}, {"type": "Feature", "properties": {"wayId": 1417057667, "name": "", "highway": "steps"}, "geometry": {"type": "LineString", "coordinates": [[-73.9614911, 40.7917293], [-73.9615065, 40.7917718]]}}, {"type": "Feature", "properties": {"wayId": 1417959709, "name": "", "highway": "footway"}, "geometry": {"type": "LineString", "coordinates": [[-73.9662568, 40.7884323], [-73.9662299, 40.7884151]]}}, {"type": "Feature", "properties": {"wayId": 1417959715, "name": "Northwest Central Park Loop", "highway": "footway"}, "geometry": {"type": "LineString", "coordinates": [[-73.9665642, 40.7881727], [-73.9665457, 40.7881885]]}}, {"type": "Feature", "properties": {"wayId": 1417959716, "name": "Northwest Central Park Loop", "highway": "footway"}, "geometry": {"type": "LineString", "coordinates": [[-73.9666238, 40.78812], [-73.966582, 40.7881574]]}}, {"type": "Feature", "properties": {"wayId": 1417959717, "name": "Northwest Central Park Loop", "highway": "footway"}, "geometry": {"type": "LineString", "coordinates": [[-73.966683, 40.7880335], [-73.9666726, 40.7880497]]}}, {"type": "Feature", "properties": {"wayId": 1417959718, "name": "Northwest Central Park Loop", "highway": "steps"}, "geometry": {"type": "LineString", "coordinates": [[-73.9666726, 40.7880497], [-73.9666615, 40.7880671]]}}, {"type": "Feature", "properties": {"wayId": 1417959719, "name": "Northwest Central Park Loop", "highway": "steps"}, "geometry": {"type": "LineString", "coordinates": [[-73.9666325, 40.7881098], [-73.9666238, 40.78812]]}}, {"type": "Feature", "properties": {"wayId": 1417959720, "name": "Northwest Central Park Loop", "highway": "steps"}, "geometry": {"type": "LineString", "coordinates": [[-73.966582, 40.7881574], [-73.9665642, 40.7881727]]}}, {"type": "Feature", "properties": {"wayId": 1419588330, "name": "", "highway": "footway"}, "geometry": {"type": "LineString", "coordinates": [[-73.9799488, 40.7689031], [-73.9800265, 40.7688908]]}}, {"type": "Feature", "properties": {"wayId": 1419588331, "name": "", "highway": "footway"}, "geometry": {"type": "LineString", "coordinates": [[-73.9799488, 40.7689031], [-73.9799005, 40.7689046]]}}, {"type": "Feature", "properties": {"wayId": 1419588334, "name": "Central Park Outer Loop", "highway": "footway"}, "geometry": {"type": "LineString", "coordinates": [[-73.9790819, 40.7670322], [-73.9791144, 40.7670439], [-73.9791209, 40.7670462]]}}, {"type": "Feature", "properties": {"wayId": 1421038722, "name": "", "highway": "footway"}, "geometry": {"type": "LineString", "coordinates": [[-73.9544119, 40.7908852], [-73.9544451, 40.7909372]]}}, {"type": "Feature", "properties": {"wayId": 1421038723, "name": "", "highway": "steps"}, "geometry": {"type": "LineString", "coordinates": [[-73.9544451, 40.7909372], [-73.9544581, 40.7909754]]}}, {"type": "Feature", "properties": {"wayId": 1421038724, "name": "", "highway": "footway"}, "geometry": {"type": "LineString", "coordinates": [[-73.9544581, 40.7909754], [-73.9544691, 40.7910076]]}}, {"type": "Feature", "properties": {"wayId": 1421038725, "name": "", "highway": "steps"}, "geometry": {"type": "LineString", "coordinates": [[-73.9544691, 40.7910076], [-73.9544436, 40.7910349]]}}, {"type": "Feature", "properties": {"wayId": 1421038726, "name": "", "highway": "footway"}, "geometry": {"type": "LineString", "coordinates": [[-73.9544436, 40.7910349], [-73.9544269, 40.7910413]]}}, {"type": "Feature", "properties": {"wayId": 1421039510, "name": "", "highway": "steps"}, "geometry": {"type": "LineString", "coordinates": [[-73.9544269, 40.7910413], [-73.954401, 40.7910512]]}}, {"type": "Feature", "properties": {"wayId": 1449560169, "name": "", "highway": "footway"}, "geometry": {"type": "LineString", "coordinates": [[-73.972613, 40.7678748], [-73.9727397, 40.7679237], [-73.972757, 40.7679249]]}}, {"type": "Feature", "properties": {"wayId": 1449560170, "name": "", "highway": "footway"}, "geometry": {"type": "LineString", "coordinates": [[-73.972757, 40.7679249], [-73.9728715, 40.7679346]]}}, {"type": "Feature", "properties": {"wayId": 1450095372, "name": "", "highway": "footway"}, "geometry": {"type": "LineString", "coordinates": [[-73.9665704, 40.782604], [-73.9664361, 40.7826296]]}}, {"type": "Feature", "properties": {"wayId": 1450095373, "name": "", "highway": "footway"}, "geometry": {"type": "LineString", "coordinates": [[-73.966608, 40.7826901], [-73.966468, 40.7827176]]}}, {"type": "Feature", "properties": {"wayId": 1497904968, "name": "", "highway": "footway"}, "geometry": {"type": "LineString", "coordinates": [[-73.970646, 40.7731583], [-73.9706047, 40.7731439], [-73.9705862, 40.7731291], [-73.9705609, 40.7731053]]}}, {"type": "Feature", "properties": {"wayId": 1497904969, "name": "", "highway": "footway"}, "geometry": {"type": "LineString", "coordinates": [[-73.9694371, 40.7726288], [-73.9694749, 40.77255], [-73.9695154, 40.7724742]]}}, {"type": "Feature", "properties": {"wayId": 1507904037, "name": "North Woods", "highway": "footway"}, "geometry": {"type": "LineString", "coordinates": [[-73.9598813, 40.7979707], [-73.9596395, 40.7980154]]}}, {"type": "Feature", "properties": {"wayId": 1507905227, "name": "", "highway": "footway"}, "geometry": {"type": "LineString", "coordinates": [[-73.9566123, 40.7987004], [-73.9565883, 40.7986873], [-73.9565725, 40.7986799], [-73.9565507, 40.7986731], [-73.9565245, 40.7986686], [-73.9565162, 40.7986674], [-73.9565237, 40.7986277], [-73.9565275, 40.7986027], [-73.956532, 40.7985709], [-73.956535, 40.7985442], [-73.956538, 40.798509], [-73.9565426, 40.7984776]]}}, {"type": "Feature", "properties": {"wayId": 1507906275, "name": "", "highway": "footway"}, "geometry": {"type": "LineString", "coordinates": [[-73.9561861, 40.7989436], [-73.9561767, 40.7989418], [-73.9561625, 40.7989381], [-73.9561508, 40.7989341], [-73.9561325, 40.7989256], [-73.9561193, 40.7989196], [-73.9561054, 40.798914], [-73.9560904, 40.7989105], [-73.9560709, 40.7989088]]}}, {"type": "Feature", "properties": {"wayId": 1525184883, "name": "", "highway": "footway"}, "geometry": {"type": "LineString", "coordinates": [[-73.9739779, 40.7676671], [-73.9738798, 40.7676937], [-73.973817, 40.7677187], [-73.9737836, 40.7677367]]}}, {"type": "Feature", "properties": {"wayId": 1533272723, "name": "", "highway": "path"}, "geometry": {"type": "LineString", "coordinates": [[-73.9599218, 40.7949663], [-73.9599985, 40.7951268], [-73.9601602, 40.7952034], [-73.9602777, 40.7952917], [-73.9604705, 40.7953984]]}}, {"type": "Feature", "properties": {"wayId": 1533365298, "name": "", "highway": "footway"}, "geometry": {"type": "LineString", "coordinates": [[-73.9706626, 40.7688599], [-73.971199, 40.7688391]]}}, {"type": "Feature", "properties": {"wayId": 1534684008, "name": "", "highway": "footway"}, "geometry": {"type": "LineString", "coordinates": [[-73.9709529, 40.7722963], [-73.970989, 40.7723546], [-73.9709909, 40.7723922]]}}, {"type": "Feature", "properties": {"wayId": 1534684009, "name": "", "highway": "steps"}, "geometry": {"type": "LineString", "coordinates": [[-73.9709909, 40.7723922], [-73.9709665, 40.7724527]]}}, {"type": "Feature", "properties": {"wayId": 1534684010, "name": "", "highway": "footway"}, "geometry": {"type": "LineString", "coordinates": [[-73.9709665, 40.7724527], [-73.9707721, 40.772973]]}}]}